run_id_raw,run_id,lr_raw,lr,z,bs,seed,config,config_label_full,epoch,fid,timestamp,source_folder,source_file,line_no,config_display_label
lr=0.001_z=64_bs=32_seed=42,lr=0.001_z=64_bs=32_seed=42,0.001,0.001,64,32,42,lr=0.001_z=64_bs=32,"LR=0.001, z=64, batch size=32",1,316.53,2026-06-15 11:44:29.421,.,training.log,6,"LR=0.001, z=64, batch size=32"
lr=0.001_z=64_bs=32_seed=42,lr=0.001_z=64_bs=32_seed=42,0.001,0.001,64,32,42,lr=0.001_z=64_bs=32,"LR=0.001, z=64, batch size=32",2,308.66,2026-06-15 11:45:53.258,.,training.log,8,"LR=0.001, z=64, batch size=32"
lr=0.001_z=64_bs=32_seed=42,lr=0.001_z=64_bs=32_seed=42,0.001,0.001,64,32,42,lr=0.001_z=64_bs=32,"LR=0.001, z=64, batch size=32",3,294.24,2026-06-15 11:47:16.805,.,training.log,10,"LR=0.001, z=64, batch size=32"
lr=0.001_z=64_bs=32_seed=42,lr=0.001_z=64_bs=32_seed=42,0.001,0.001,64,32,42,lr=0.001_z=64_bs=32,"LR=0.001, z=64, batch size=32",4,277.38,2026-06-15 11:48:40.098,.,training.log,12,"LR=0.001, z=64, batch size=32"
lr=0.001_z=64_bs=32_seed=42,lr=0.001_z=64_bs=32_seed=42,0.001,0.001,64,32,42,lr=0.001_z=64_bs=32,"LR=0.001, z=64, batch size=32",5,282.55,2026-06-15 11:50:12.826,.,training.log,13,"LR=0.001, z=64, batch size=32"
lr=0.001_z=64_bs=32_seed=42,lr=0.001_z=64_bs=32_seed=42,0.001,0.001,64,32,42,lr=0.001_z=64_bs=32,"LR=0.001, z=64, batch size=32",6,262.81,2026-06-15 11:51:36.952,.,training.log,15,"LR=0.001, z=64, batch size=32"
lr=0.001_z=64_bs=32_seed=42,lr=0.001_z=64_bs=32_seed=42,0.001,0.001,64,32,42,lr=0.001_z=64_bs=32,"LR=0.001, z=64, batch size=32",7,229.66,2026-06-15 11:53:11.060,.,training.log,17,"LR=0.001, z=64, batch size=32"
lr=0.001_z=64_bs=32_seed=42,lr=0.001_z=64_bs=32_seed=42,0.001,0.001,64,32,42,lr=0.001_z=64_bs=32,"LR=0.001, z=64, batch size=32",8,219.85,2026-06-15 11:54:39.112,.,training.log,19,"LR=0.001, z=64, batch size=32"
lr=0.001_z=64_bs=32_seed=42,lr=0.001_z=64_bs=32_seed=42,0.001,0.001,64,32,42,lr=0.001_z=64_bs=32,"LR=0.001, z=64, batch size=32",9,212.74,2026-06-15 11:56:02.451,.,training.log,21,"LR=0.001, z=64, batch size=32"
lr=0.001_z=64_bs=32_seed=42,lr=0.001_z=64_bs=32_seed=42,0.001,0.001,64,32,42,lr=0.001_z=64_bs=32,"LR=0.001, z=64, batch size=32",10,220.39,2026-06-15 11:57:45.574,.,training.log,22,"LR=0.001, z=64, batch size=32"
lr=0.001_z=64_bs=32_seed=42,lr=0.001_z=64_bs=32_seed=42,0.001,0.001,64,32,42,lr=0.001_z=64_bs=32,"LR=0.001, z=64, batch size=32",11,190.21,2026-06-15 11:59:10.147,.,training.log,24,"LR=0.001, z=64, batch size=32"
lr=0.001_z=64_bs=32_seed=42,lr=0.001_z=64_bs=32_seed=42,0.001,0.001,64,32,42,lr=0.001_z=64_bs=32,"LR=0.001, z=64, batch size=32",12,191.13,2026-06-15 12:00:43.295,.,training.log,25,"LR=0.001, z=64, batch size=32"
lr=0.001_z=64_bs=32_seed=42,lr=0.001_z=64_bs=32_seed=42,0.001,0.001,64,32,42,lr=0.001_z=64_bs=32,"LR=0.001, z=64, batch size=32",13,195.89,2026-06-15 12:02:06.200,.,training.log,26,"LR=0.001, z=64, batch size=32"
lr=0.001_z=64_bs=32_seed=42,lr=0.001_z=64_bs=32_seed=42,0.001,0.001,64,32,42,lr=0.001_z=64_bs=32,"LR=0.001, z=64, batch size=32",14,174.84,2026-06-15 12:03:39.097,.,training.log,28,"LR=0.001, z=64, batch size=32"
lr=0.001_z=64_bs=32_seed=42,lr=0.001_z=64_bs=32_seed=42,0.001,0.001,64,32,42,lr=0.001_z=64_bs=32,"LR=0.001, z=64, batch size=32",15,181.71,2026-06-15 12:05:03.201,.,training.log,29,"LR=0.001, z=64, batch size=32"
lr=0.001_z=64_bs=32_seed=42,lr=0.001_z=64_bs=32_seed=42,0.001,0.001,64,32,42,lr=0.001_z=64_bs=32,"LR=0.001, z=64, batch size=32",16,171.97,2026-06-15 12:06:29.120,.,training.log,31,"LR=0.001, z=64, batch size=32"
lr=0.001_z=64_bs=32_seed=42,lr=0.001_z=64_bs=32_seed=42,0.001,0.001,64,32,42,lr=0.001_z=64_bs=32,"LR=0.001, z=64, batch size=32",17,166.77,2026-06-15 12:08:02.572,.,training.log,33,"LR=0.001, z=64, batch size=32"
lr=0.001_z=64_bs=32_seed=42,lr=0.001_z=64_bs=32_seed=42,0.001,0.001,64,32,42,lr=0.001_z=64_bs=32,"LR=0.001, z=64, batch size=32",18,161.41,2026-06-15 12:09:26.093,.,training.log,35,"LR=0.001, z=64, batch size=32"
lr=0.001_z=64_bs=32_seed=42,lr=0.001_z=64_bs=32_seed=42,0.001,0.001,64,32,42,lr=0.001_z=64_bs=32,"LR=0.001, z=64, batch size=32",19,161.63,2026-06-15 12:11:00.123,.,training.log,36,"LR=0.001, z=64, batch size=32"
lr=0.001_z=64_bs=32_seed=42,lr=0.001_z=64_bs=32_seed=42,0.001,0.001,64,32,42,lr=0.001_z=64_bs=32,"LR=0.001, z=64, batch size=32",20,157.68,2026-06-15 12:12:24.816,.,training.log,38,"LR=0.001, z=64, batch size=32"
lr=0.001_z=64_bs=32_seed=42,lr=0.001_z=64_bs=32_seed=42,0.001,0.001,64,32,42,lr=0.001_z=64_bs=32,"LR=0.001, z=64, batch size=32",21,166.36,2026-06-15 12:13:48.540,.,training.log,39,"LR=0.001, z=64, batch size=32"
lr=0.001_z=64_bs=32_seed=42,lr=0.001_z=64_bs=32_seed=42,0.001,0.001,64,32,42,lr=0.001_z=64_bs=32,"LR=0.001, z=64, batch size=32",22,160.02,2026-06-15 12:15:32.012,.,training.log,40,"LR=0.001, z=64, batch size=32"
lr=0.001_z=64_bs=32_seed=42,lr=0.001_z=64_bs=32_seed=42,0.001,0.001,64,32,42,lr=0.001_z=64_bs=32,"LR=0.001, z=64, batch size=32",23,146.26,2026-06-15 12:16:55.380,.,training.log,42,"LR=0.001, z=64, batch size=32"
lr=0.001_z=64_bs=32_seed=42,lr=0.001_z=64_bs=32_seed=42,0.001,0.001,64,32,42,lr=0.001_z=64_bs=32,"LR=0.001, z=64, batch size=32",24,142.4,2026-06-15 12:18:29.784,.,training.log,44,"LR=0.001, z=64, batch size=32"
lr=0.001_z=64_bs=32_seed=42,lr=0.001_z=64_bs=32_seed=42,0.001,0.001,64,32,42,lr=0.001_z=64_bs=32,"LR=0.001, z=64, batch size=32",25,143.98,2026-06-15 12:19:55.163,.,training.log,45,"LR=0.001, z=64, batch size=32"
lr=0.001_z=64_bs=32_seed=42,lr=0.001_z=64_bs=32_seed=42,0.001,0.001,64,32,42,lr=0.001_z=64_bs=32,"LR=0.001, z=64, batch size=32",26,149.03,2026-06-15 12:21:44.514,.,training.log,46,"LR=0.001, z=64, batch size=32"
lr=0.001_z=64_bs=32_seed=42,lr=0.001_z=64_bs=32_seed=42,0.001,0.001,64,32,42,lr=0.001_z=64_bs=32,"LR=0.001, z=64, batch size=32",27,151.83,2026-06-15 12:23:20.793,.,training.log,47,"LR=0.001, z=64, batch size=32"
lr=0.001_z=64_bs=32_seed=42,lr=0.001_z=64_bs=32_seed=42,0.001,0.001,64,32,42,lr=0.001_z=64_bs=32,"LR=0.001, z=64, batch size=32",28,136.57,2026-06-15 12:24:52.925,.,training.log,49,"LR=0.001, z=64, batch size=32"
lr=0.001_z=64_bs=32_seed=42,lr=0.001_z=64_bs=32_seed=42,0.001,0.001,64,32,42,lr=0.001_z=64_bs=32,"LR=0.001, z=64, batch size=32",29,141.28,2026-06-15 12:26:32.167,.,training.log,50,"LR=0.001, z=64, batch size=32"
lr=0.001_z=64_bs=32_seed=42,lr=0.001_z=64_bs=32_seed=42,0.001,0.001,64,32,42,lr=0.001_z=64_bs=32,"LR=0.001, z=64, batch size=32",30,139.9,2026-06-15 12:28:01.534,.,training.log,51,"LR=0.001, z=64, batch size=32"
lr=0.001_z=64_bs=32_seed=42,lr=0.001_z=64_bs=32_seed=42,0.001,0.001,64,32,42,lr=0.001_z=64_bs=32,"LR=0.001, z=64, batch size=32",31,143.99,2026-06-15 12:29:41.751,.,training.log,52,"LR=0.001, z=64, batch size=32"
lr=0.001_z=64_bs=32_seed=42,lr=0.001_z=64_bs=32_seed=42,0.001,0.001,64,32,42,lr=0.001_z=64_bs=32,"LR=0.001, z=64, batch size=32",32,137.6,2026-06-15 12:31:09.703,.,training.log,53,"LR=0.001, z=64, batch size=32"
lr=0.001_z=64_bs=32_seed=42,lr=0.001_z=64_bs=32_seed=42,0.001,0.001,64,32,42,lr=0.001_z=64_bs=32,"LR=0.001, z=64, batch size=32",33,140.79,2026-06-15 12:32:37.836,.,training.log,54,"LR=0.001, z=64, batch size=32"
lr=0.001_z=64_bs=32_seed=42,lr=0.001_z=64_bs=32_seed=42,0.001,0.001,64,32,42,lr=0.001_z=64_bs=32,"LR=0.001, z=64, batch size=32",34,136.74,2026-06-15 12:34:23.159,.,training.log,55,"LR=0.001, z=64, batch size=32"
lr=0.001_z=64_bs=32_seed=42,lr=0.001_z=64_bs=32_seed=42,0.001,0.001,64,32,42,lr=0.001_z=64_bs=32,"LR=0.001, z=64, batch size=32",35,136.47,2026-06-15 12:35:46.181,.,training.log,57,"LR=0.001, z=64, batch size=32"
lr=0.001_z=64_bs=32_seed=42,lr=0.001_z=64_bs=32_seed=42,0.001,0.001,64,32,42,lr=0.001_z=64_bs=32,"LR=0.001, z=64, batch size=32",36,147.31,2026-06-15 12:37:18.977,.,training.log,58,"LR=0.001, z=64, batch size=32"
lr=0.001_z=64_bs=32_seed=42,lr=0.001_z=64_bs=32_seed=42,0.001,0.001,64,32,42,lr=0.001_z=64_bs=32,"LR=0.001, z=64, batch size=32",37,131.55,2026-06-15 12:38:43.583,.,training.log,60,"LR=0.001, z=64, batch size=32"
lr=0.001_z=64_bs=32_seed=42,lr=0.001_z=64_bs=32_seed=42,0.001,0.001,64,32,42,lr=0.001_z=64_bs=32,"LR=0.001, z=64, batch size=32",38,131.77,2026-06-15 12:40:09.275,.,training.log,61,"LR=0.001, z=64, batch size=32"
lr=0.001_z=64_bs=32_seed=42,lr=0.001_z=64_bs=32_seed=42,0.001,0.001,64,32,42,lr=0.001_z=64_bs=32,"LR=0.001, z=64, batch size=32",39,137.56,2026-06-15 12:44:19.503,.,training.log,62,"LR=0.001, z=64, batch size=32"
lr=0.001_z=64_bs=32_seed=42,lr=0.001_z=64_bs=32_seed=42,0.001,0.001,64,32,42,lr=0.001_z=64_bs=32,"LR=0.001, z=64, batch size=32",40,117.76,2026-06-15 12:45:49.654,.,training.log,64,"LR=0.001, z=64, batch size=32"
lr=0.001_z=64_bs=32_seed=42,lr=0.001_z=64_bs=32_seed=42,0.001,0.001,64,32,42,lr=0.001_z=64_bs=32,"LR=0.001, z=64, batch size=32",41,133.85,2026-06-15 12:47:28.052,.,training.log,65,"LR=0.001, z=64, batch size=32"
lr=0.001_z=64_bs=32_seed=42,lr=0.001_z=64_bs=32_seed=42,0.001,0.001,64,32,42,lr=0.001_z=64_bs=32,"LR=0.001, z=64, batch size=32",42,134.93,2026-06-15 12:48:53.875,.,training.log,66,"LR=0.001, z=64, batch size=32"
lr=0.001_z=64_bs=32_seed=42,lr=0.001_z=64_bs=32_seed=42,0.001,0.001,64,32,42,lr=0.001_z=64_bs=32,"LR=0.001, z=64, batch size=32",43,143.98,2026-06-15 12:50:31.233,.,training.log,67,"LR=0.001, z=64, batch size=32"
lr=0.001_z=64_bs=32_seed=42,lr=0.001_z=64_bs=32_seed=42,0.001,0.001,64,32,42,lr=0.001_z=64_bs=32,"LR=0.001, z=64, batch size=32",44,132.13,2026-06-15 12:52:00.035,.,training.log,68,"LR=0.001, z=64, batch size=32"
lr=0.001_z=64_bs=32_seed=42,lr=0.001_z=64_bs=32_seed=42,0.001,0.001,64,32,42,lr=0.001_z=64_bs=32,"LR=0.001, z=64, batch size=32",45,133.15,2026-06-15 12:53:26.498,.,training.log,69,"LR=0.001, z=64, batch size=32"
lr=0.001_z=64_bs=32_seed=42,lr=0.001_z=64_bs=32_seed=42,0.001,0.001,64,32,42,lr=0.001_z=64_bs=32,"LR=0.001, z=64, batch size=32",46,132.9,2026-06-15 12:54:53.036,.,training.log,70,"LR=0.001, z=64, batch size=32"
lr=0.001_z=64_bs=32_seed=42,lr=0.001_z=64_bs=32_seed=42,0.001,0.001,64,32,42,lr=0.001_z=64_bs=32,"LR=0.001, z=64, batch size=32",47,124.64,2026-06-15 12:56:20.672,.,training.log,71,"LR=0.001, z=64, batch size=32"
lr=0.001_z=64_bs=32_seed=42,lr=0.001_z=64_bs=32_seed=42,0.001,0.001,64,32,42,lr=0.001_z=64_bs=32,"LR=0.001, z=64, batch size=32",48,130.83,2026-06-15 12:57:57.673,.,training.log,72,"LR=0.001, z=64, batch size=32"
lr=0.001_z=64_bs=32_seed=42,lr=0.001_z=64_bs=32_seed=42,0.001,0.001,64,32,42,lr=0.001_z=64_bs=32,"LR=0.001, z=64, batch size=32",49,130.85,2026-06-15 12:59:23.491,.,training.log,73,"LR=0.001, z=64, batch size=32"
lr=0.001_z=64_bs=32_seed=42,lr=0.001_z=64_bs=32_seed=42,0.001,0.001,64,32,42,lr=0.001_z=64_bs=32,"LR=0.001, z=64, batch size=32",50,123.6,2026-06-15 13:00:49.590,.,training.log,74,"LR=0.001, z=64, batch size=32"
lr=0.001_z=64_bs=32_seed=42,lr=0.001_z=64_bs=32_seed=42,0.001,0.001,64,32,42,lr=0.001_z=64_bs=32,"LR=0.001, z=64, batch size=32",51,135.63,2026-06-15 13:02:14.413,.,training.log,75,"LR=0.001, z=64, batch size=32"
lr=0.001_z=64_bs=32_seed=42,lr=0.001_z=64_bs=32_seed=42,0.001,0.001,64,32,42,lr=0.001_z=64_bs=32,"LR=0.001, z=64, batch size=32",52,139.09,2026-06-15 13:03:39.541,.,training.log,76,"LR=0.001, z=64, batch size=32"
lr=0.001_z=64_bs=32_seed=42,lr=0.001_z=64_bs=32_seed=42,0.001,0.001,64,32,42,lr=0.001_z=64_bs=32,"LR=0.001, z=64, batch size=32",53,131.63,2026-06-15 13:05:16.577,.,training.log,77,"LR=0.001, z=64, batch size=32"
lr=0.001_z=64_bs=32_seed=42,lr=0.001_z=64_bs=32_seed=42,0.001,0.001,64,32,42,lr=0.001_z=64_bs=32,"LR=0.001, z=64, batch size=32",54,127.53,2026-06-15 13:06:42.359,.,training.log,78,"LR=0.001, z=64, batch size=32"
lr=0.001_z=64_bs=32_seed=42,lr=0.001_z=64_bs=32_seed=42,0.001,0.001,64,32,42,lr=0.001_z=64_bs=32,"LR=0.001, z=64, batch size=32",55,134.78,2026-06-15 13:08:18.168,.,training.log,79,"LR=0.001, z=64, batch size=32"
lr=0.001_z=64_bs=32_seed=42,lr=0.001_z=64_bs=32_seed=42,0.001,0.001,64,32,42,lr=0.001_z=64_bs=32,"LR=0.001, z=64, batch size=32",56,126.6,2026-06-15 13:09:43.526,.,training.log,80,"LR=0.001, z=64, batch size=32"
lr=0.001_z=64_bs=32_seed=42,lr=0.001_z=64_bs=32_seed=42,0.001,0.001,64,32,42,lr=0.001_z=64_bs=32,"LR=0.001, z=64, batch size=32",57,122.28,2026-06-15 13:11:07.700,.,training.log,81,"LR=0.001, z=64, batch size=32"
lr=0.001_z=64_bs=32_seed=42,lr=0.001_z=64_bs=32_seed=42,0.001,0.001,64,32,42,lr=0.001_z=64_bs=32,"LR=0.001, z=64, batch size=32",58,130.34,2026-06-15 13:12:53.554,.,training.log,82,"LR=0.001, z=64, batch size=32"
lr=0.001_z=64_bs=32_seed=42,lr=0.001_z=64_bs=32_seed=42,0.001,0.001,64,32,42,lr=0.001_z=64_bs=32,"LR=0.001, z=64, batch size=32",59,134.44,2026-06-15 13:14:20.306,.,training.log,83,"LR=0.001, z=64, batch size=32"
lr=0.001_z=64_bs=32_seed=42,lr=0.001_z=64_bs=32_seed=42,0.001,0.001,64,32,42,lr=0.001_z=64_bs=32,"LR=0.001, z=64, batch size=32",60,122.64,2026-06-15 13:15:55.889,.,training.log,84,"LR=0.001, z=64, batch size=32"
lr=0.001_z=64_bs=32_seed=42,lr=0.001_z=64_bs=32_seed=42,0.001,0.001,64,32,42,lr=0.001_z=64_bs=32,"LR=0.001, z=64, batch size=32",61,134.56,2026-06-15 13:17:21.983,.,training.log,85,"LR=0.001, z=64, batch size=32"
lr=0.001_z=64_bs=32_seed=42,lr=0.001_z=64_bs=32_seed=42,0.001,0.001,64,32,42,lr=0.001_z=64_bs=32,"LR=0.001, z=64, batch size=32",62,126.06,2026-06-15 13:19:07.066,.,training.log,86,"LR=0.001, z=64, batch size=32"
lr=0.001_z=64_bs=32_seed=42,lr=0.001_z=64_bs=32_seed=42,0.001,0.001,64,32,42,lr=0.001_z=64_bs=32,"LR=0.001, z=64, batch size=32",63,137.09,2026-06-15 13:20:32.839,.,training.log,87,"LR=0.001, z=64, batch size=32"
lr=0.001_z=64_bs=32_seed=42,lr=0.001_z=64_bs=32_seed=42,0.001,0.001,64,32,42,lr=0.001_z=64_bs=32,"LR=0.001, z=64, batch size=32",64,129.5,2026-06-15 13:21:59.316,.,training.log,88,"LR=0.001, z=64, batch size=32"
lr=0.001_z=64_bs=32_seed=42,lr=0.001_z=64_bs=32_seed=42,0.001,0.001,64,32,42,lr=0.001_z=64_bs=32,"LR=0.001, z=64, batch size=32",65,124.0,2026-06-15 13:23:35.626,.,training.log,89,"LR=0.001, z=64, batch size=32"
lr=0.001_z=64_bs=32_seed=42,lr=0.001_z=64_bs=32_seed=42,0.001,0.001,64,32,42,lr=0.001_z=64_bs=32,"LR=0.001, z=64, batch size=32",66,127.81,2026-06-15 13:25:01.082,.,training.log,90,"LR=0.001, z=64, batch size=32"
lr=0.001_z=64_bs=32_seed=42,lr=0.001_z=64_bs=32_seed=42,0.001,0.001,64,32,42,lr=0.001_z=64_bs=32,"LR=0.001, z=64, batch size=32",67,122.84,2026-06-15 13:26:36.053,.,training.log,91,"LR=0.001, z=64, batch size=32"
lr=0.001_z=64_bs=32_seed=42,lr=0.001_z=64_bs=32_seed=42,0.001,0.001,64,32,42,lr=0.001_z=64_bs=32,"LR=0.001, z=64, batch size=32",68,131.03,2026-06-15 13:28:00.525,.,training.log,92,"LR=0.001, z=64, batch size=32"
lr=0.001_z=64_bs=32_seed=42,lr=0.001_z=64_bs=32_seed=42,0.001,0.001,64,32,42,lr=0.001_z=64_bs=32,"LR=0.001, z=64, batch size=32",69,117.4,2026-06-15 13:29:25.166,.,training.log,94,"LR=0.001, z=64, batch size=32"
lr=0.001_z=64_bs=32_seed=42,lr=0.001_z=64_bs=32_seed=42,0.001,0.001,64,32,42,lr=0.001_z=64_bs=32,"LR=0.001, z=64, batch size=32",70,129.27,2026-06-15 13:31:10.339,.,training.log,95,"LR=0.001, z=64, batch size=32"
lr=0.001_z=64_bs=32_seed=42,lr=0.001_z=64_bs=32_seed=42,0.001,0.001,64,32,42,lr=0.001_z=64_bs=32,"LR=0.001, z=64, batch size=32",71,127.8,2026-06-15 13:32:34.123,.,training.log,96,"LR=0.001, z=64, batch size=32"
lr=0.001_z=64_bs=32_seed=42,lr=0.001_z=64_bs=32_seed=42,0.001,0.001,64,32,42,lr=0.001_z=64_bs=32,"LR=0.001, z=64, batch size=32",72,126.54,2026-06-15 13:34:08.611,.,training.log,97,"LR=0.001, z=64, batch size=32"
lr=0.001_z=64_bs=32_seed=42,lr=0.001_z=64_bs=32_seed=42,0.001,0.001,64,32,42,lr=0.001_z=64_bs=32,"LR=0.001, z=64, batch size=32",73,128.04,2026-06-15 13:35:32.105,.,training.log,98,"LR=0.001, z=64, batch size=32"
lr=0.001_z=64_bs=32_seed=42,lr=0.001_z=64_bs=32_seed=42,0.001,0.001,64,32,42,lr=0.001_z=64_bs=32,"LR=0.001, z=64, batch size=32",74,120.05,2026-06-15 13:37:16.025,.,training.log,99,"LR=0.001, z=64, batch size=32"
lr=0.001_z=64_bs=32_seed=42,lr=0.001_z=64_bs=32_seed=42,0.001,0.001,64,32,42,lr=0.001_z=64_bs=32,"LR=0.001, z=64, batch size=32",75,121.55,2026-06-15 13:38:39.554,.,training.log,100,"LR=0.001, z=64, batch size=32"
lr=0.001_z=64_bs=32_seed=42,lr=0.001_z=64_bs=32_seed=42,0.001,0.001,64,32,42,lr=0.001_z=64_bs=32,"LR=0.001, z=64, batch size=32",76,126.46,2026-06-15 13:40:03.215,.,training.log,101,"LR=0.001, z=64, batch size=32"
lr=0.001_z=64_bs=32_seed=42,lr=0.001_z=64_bs=32_seed=42,0.001,0.001,64,32,42,lr=0.001_z=64_bs=32,"LR=0.001, z=64, batch size=32",77,125.3,2026-06-15 13:41:37.056,.,training.log,102,"LR=0.001, z=64, batch size=32"
lr=0.001_z=64_bs=32_seed=42,lr=0.001_z=64_bs=32_seed=42,0.001,0.001,64,32,42,lr=0.001_z=64_bs=32,"LR=0.001, z=64, batch size=32",78,130.04,2026-06-15 13:43:01.492,.,training.log,103,"LR=0.001, z=64, batch size=32"
lr=0.001_z=64_bs=32_seed=42,lr=0.001_z=64_bs=32_seed=42,0.001,0.001,64,32,42,lr=0.001_z=64_bs=32,"LR=0.001, z=64, batch size=32",79,121.52,2026-06-15 13:44:38.207,.,training.log,104,"LR=0.001, z=64, batch size=32"
lr=0.001_z=64_bs=32_seed=42,lr=0.001_z=64_bs=32_seed=42,0.001,0.001,64,32,42,lr=0.001_z=64_bs=32,"LR=0.001, z=64, batch size=32",80,123.93,2026-06-15 13:46:05.882,.,training.log,105,"LR=0.001, z=64, batch size=32"
lr=0.001_z=64_bs=32_seed=42,lr=0.001_z=64_bs=32_seed=42,0.001,0.001,64,32,42,lr=0.001_z=64_bs=32,"LR=0.001, z=64, batch size=32",81,115.09,2026-06-15 13:47:33.414,.,training.log,107,"LR=0.001, z=64, batch size=32"
lr=0.001_z=64_bs=32_seed=42,lr=0.001_z=64_bs=32_seed=42,0.001,0.001,64,32,42,lr=0.001_z=64_bs=32,"LR=0.001, z=64, batch size=32",82,124.24,2026-06-15 13:49:19.017,.,training.log,108,"LR=0.001, z=64, batch size=32"
lr=0.001_z=64_bs=32_seed=42,lr=0.001_z=64_bs=32_seed=42,0.001,0.001,64,32,42,lr=0.001_z=64_bs=32,"LR=0.001, z=64, batch size=32",83,138.5,2026-06-15 13:50:45.054,.,training.log,109,"LR=0.001, z=64, batch size=32"
lr=0.001_z=64_bs=32_seed=42,lr=0.001_z=64_bs=32_seed=42,0.001,0.001,64,32,42,lr=0.001_z=64_bs=32,"LR=0.001, z=64, batch size=32",84,130.61,2026-06-15 13:52:21.828,.,training.log,110,"LR=0.001, z=64, batch size=32"
lr=0.001_z=64_bs=32_seed=42,lr=0.001_z=64_bs=32_seed=42,0.001,0.001,64,32,42,lr=0.001_z=64_bs=32,"LR=0.001, z=64, batch size=32",85,121.36,2026-06-15 13:53:47.588,.,training.log,111,"LR=0.001, z=64, batch size=32"
lr=0.001_z=64_bs=32_seed=42,lr=0.001_z=64_bs=32_seed=42,0.001,0.001,64,32,42,lr=0.001_z=64_bs=32,"LR=0.001, z=64, batch size=32",86,122.15,2026-06-15 13:55:31.477,.,training.log,112,"LR=0.001, z=64, batch size=32"
lr=0.001_z=64_bs=32_seed=42,lr=0.001_z=64_bs=32_seed=42,0.001,0.001,64,32,42,lr=0.001_z=64_bs=32,"LR=0.001, z=64, batch size=32",87,130.62,2026-06-15 13:56:56.706,.,training.log,113,"LR=0.001, z=64, batch size=32"
lr=0.001_z=64_bs=32_seed=42,lr=0.001_z=64_bs=32_seed=42,0.001,0.001,64,32,42,lr=0.001_z=64_bs=32,"LR=0.001, z=64, batch size=32",88,116.09,2026-06-15 13:58:20.559,.,training.log,114,"LR=0.001, z=64, batch size=32"
lr=0.001_z=64_bs=32_seed=42,lr=0.001_z=64_bs=32_seed=42,0.001,0.001,64,32,42,lr=0.001_z=64_bs=32,"LR=0.001, z=64, batch size=32",89,132.62,2026-06-15 13:59:54.299,.,training.log,115,"LR=0.001, z=64, batch size=32"
lr=0.001_z=64_bs=32_seed=42,lr=0.001_z=64_bs=32_seed=42,0.001,0.001,64,32,42,lr=0.001_z=64_bs=32,"LR=0.001, z=64, batch size=32",90,127.05,2026-06-15 14:01:17.836,.,training.log,116,"LR=0.001, z=64, batch size=32"
lr=0.001_z=64_bs=32_seed=42,lr=0.001_z=64_bs=32_seed=42,0.001,0.001,64,32,42,lr=0.001_z=64_bs=32,"LR=0.001, z=64, batch size=32",91,137.43,2026-06-15 14:02:42.430,.,training.log,117,"LR=0.001, z=64, batch size=32"
lr=0.001_z=64_bs=32_seed=42,lr=0.001_z=64_bs=32_seed=42,0.001,0.001,64,32,42,lr=0.001_z=64_bs=32,"LR=0.001, z=64, batch size=32",92,124.52,2026-06-15 14:04:07.177,.,training.log,118,"LR=0.001, z=64, batch size=32"
lr=0.001_z=64_bs=32_seed=42,lr=0.001_z=64_bs=32_seed=42,0.001,0.001,64,32,42,lr=0.001_z=64_bs=32,"LR=0.001, z=64, batch size=32",93,129.57,2026-06-15 14:05:32.179,.,training.log,119,"LR=0.001, z=64, batch size=32"
lr=0.001_z=64_bs=32_seed=42,lr=0.001_z=64_bs=32_seed=42,0.001,0.001,64,32,42,lr=0.001_z=64_bs=32,"LR=0.001, z=64, batch size=32",94,128.12,2026-06-15 14:07:07.340,.,training.log,120,"LR=0.001, z=64, batch size=32"
lr=0.001_z=64_bs=32_seed=42,lr=0.001_z=64_bs=32_seed=42,0.001,0.001,64,32,42,lr=0.001_z=64_bs=32,"LR=0.001, z=64, batch size=32",95,132.82,2026-06-15 14:08:33.585,.,training.log,121,"LR=0.001, z=64, batch size=32"
lr=0.001_z=64_bs=32_seed=42,lr=0.001_z=64_bs=32_seed=42,0.001,0.001,64,32,42,lr=0.001_z=64_bs=32,"LR=0.001, z=64, batch size=32",96,142.28,2026-06-15 14:10:09.768,.,training.log,122,"LR=0.001, z=64, batch size=32"
lr=0.001_z=64_bs=32_seed=42,lr=0.001_z=64_bs=32_seed=42,0.001,0.001,64,32,42,lr=0.001_z=64_bs=32,"LR=0.001, z=64, batch size=32",97,126.33,2026-06-15 14:11:35.563,.,training.log,123,"LR=0.001, z=64, batch size=32"
lr=0.001_z=64_bs=32_seed=42,lr=0.001_z=64_bs=32_seed=42,0.001,0.001,64,32,42,lr=0.001_z=64_bs=32,"LR=0.001, z=64, batch size=32",98,123.05,2026-06-15 14:13:02.374,.,training.log,124,"LR=0.001, z=64, batch size=32"
lr=0.001_z=64_bs=32_seed=42,lr=0.001_z=64_bs=32_seed=42,0.001,0.001,64,32,42,lr=0.001_z=64_bs=32,"LR=0.001, z=64, batch size=32",99,136.92,2026-06-15 14:14:28.113,.,training.log,125,"LR=0.001, z=64, batch size=32"
lr=0.001_z=64_bs=32_seed=42,lr=0.001_z=64_bs=32_seed=42,0.001,0.001,64,32,42,lr=0.001_z=64_bs=32,"LR=0.001, z=64, batch size=32",100,111.32,2026-06-15 14:15:55.105,.,training.log,127,"LR=0.001, z=64, batch size=32"
lr=0.001_z=64_bs=32_seed=42,lr=0.001_z=64_bs=32_seed=42,0.001,0.001,64,32,42,lr=0.001_z=64_bs=32,"LR=0.001, z=64, batch size=32",101,117.4,2026-06-15 14:17:32.237,.,training.log,128,"LR=0.001, z=64, batch size=32"
lr=0.001_z=64_bs=32_seed=42,lr=0.001_z=64_bs=32_seed=42,0.001,0.001,64,32,42,lr=0.001_z=64_bs=32,"LR=0.001, z=64, batch size=32",102,127.71,2026-06-15 14:19:00.384,.,training.log,129,"LR=0.001, z=64, batch size=32"
lr=0.001_z=64_bs=32_seed=42,lr=0.001_z=64_bs=32_seed=42,0.001,0.001,64,32,42,lr=0.001_z=64_bs=32,"LR=0.001, z=64, batch size=32",103,115.44,2026-06-15 14:20:35.975,.,training.log,130,"LR=0.001, z=64, batch size=32"
lr=0.001_z=64_bs=32_seed=42,lr=0.001_z=64_bs=32_seed=42,0.001,0.001,64,32,42,lr=0.001_z=64_bs=32,"LR=0.001, z=64, batch size=32",104,130.85,2026-06-15 14:22:02.574,.,training.log,131,"LR=0.001, z=64, batch size=32"
lr=0.001_z=64_bs=32_seed=42,lr=0.001_z=64_bs=32_seed=42,0.001,0.001,64,32,42,lr=0.001_z=64_bs=32,"LR=0.001, z=64, batch size=32",105,125.09,2026-06-15 14:23:28.716,.,training.log,132,"LR=0.001, z=64, batch size=32"
lr=0.001_z=64_bs=32_seed=42,lr=0.001_z=64_bs=32_seed=42,0.001,0.001,64,32,42,lr=0.001_z=64_bs=32,"LR=0.001, z=64, batch size=32",106,119.93,2026-06-15 14:25:05.078,.,training.log,133,"LR=0.001, z=64, batch size=32"
lr=0.001_z=64_bs=32_seed=42,lr=0.001_z=64_bs=32_seed=42,0.001,0.001,64,32,42,lr=0.001_z=64_bs=32,"LR=0.001, z=64, batch size=32",107,126.31,2026-06-15 14:26:31.782,.,training.log,134,"LR=0.001, z=64, batch size=32"
lr=0.001_z=64_bs=32_seed=42,lr=0.001_z=64_bs=32_seed=42,0.001,0.001,64,32,42,lr=0.001_z=64_bs=32,"LR=0.001, z=64, batch size=32",108,126.31,2026-06-15 14:28:09.587,.,training.log,135,"LR=0.001, z=64, batch size=32"
lr=0.001_z=64_bs=32_seed=42,lr=0.001_z=64_bs=32_seed=42,0.001,0.001,64,32,42,lr=0.001_z=64_bs=32,"LR=0.001, z=64, batch size=32",109,128.08,2026-06-15 14:29:37.366,.,training.log,136,"LR=0.001, z=64, batch size=32"
lr=0.001_z=64_bs=32_seed=42,lr=0.001_z=64_bs=32_seed=42,0.001,0.001,64,32,42,lr=0.001_z=64_bs=32,"LR=0.001, z=64, batch size=32",110,112.77,2026-06-15 14:31:05.204,.,training.log,137,"LR=0.001, z=64, batch size=32"
lr=0.001_z=64_bs=32_seed=42,lr=0.001_z=64_bs=32_seed=42,0.001,0.001,64,32,42,lr=0.001_z=64_bs=32,"LR=0.001, z=64, batch size=32",111,112.2,2026-06-15 14:32:32.554,.,training.log,138,"LR=0.001, z=64, batch size=32"
lr=0.001_z=64_bs=32_seed=42,lr=0.001_z=64_bs=32_seed=42,0.001,0.001,64,32,42,lr=0.001_z=64_bs=32,"LR=0.001, z=64, batch size=32",112,137.84,2026-06-15 14:34:00.107,.,training.log,139,"LR=0.001, z=64, batch size=32"
lr=0.001_z=64_bs=32_seed=42,lr=0.001_z=64_bs=32_seed=42,0.001,0.001,64,32,42,lr=0.001_z=64_bs=32,"LR=0.001, z=64, batch size=32",113,119.02,2026-06-15 14:35:37.849,.,training.log,140,"LR=0.001, z=64, batch size=32"
lr=0.001_z=64_bs=32_seed=42,lr=0.001_z=64_bs=32_seed=42,0.001,0.001,64,32,42,lr=0.001_z=64_bs=32,"LR=0.001, z=64, batch size=32",114,121.55,2026-06-15 14:37:05.640,.,training.log,141,"LR=0.001, z=64, batch size=32"
lr=0.001_z=64_bs=32_seed=42,lr=0.001_z=64_bs=32_seed=42,0.001,0.001,64,32,42,lr=0.001_z=64_bs=32,"LR=0.001, z=64, batch size=32",115,114.67,2026-06-15 14:38:34.895,.,training.log,142,"LR=0.001, z=64, batch size=32"
lr=0.001_z=64_bs=32_seed=42,lr=0.001_z=64_bs=32_seed=42,0.001,0.001,64,32,42,lr=0.001_z=64_bs=32,"LR=0.001, z=64, batch size=32",116,121.23,2026-06-15 14:40:02.125,.,training.log,143,"LR=0.001, z=64, batch size=32"
lr=0.001_z=64_bs=32_seed=42,lr=0.001_z=64_bs=32_seed=42,0.001,0.001,64,32,42,lr=0.001_z=64_bs=32,"LR=0.001, z=64, batch size=32",117,114.11,2026-06-15 14:41:29.677,.,training.log,144,"LR=0.001, z=64, batch size=32"
lr=0.001_z=64_bs=32_seed=42,lr=0.001_z=64_bs=32_seed=42,0.001,0.001,64,32,42,lr=0.001_z=64_bs=32,"LR=0.001, z=64, batch size=32",118,121.03,2026-06-15 14:43:07.004,.,training.log,145,"LR=0.001, z=64, batch size=32"
lr=0.001_z=64_bs=32_seed=42,lr=0.001_z=64_bs=32_seed=42,0.001,0.001,64,32,42,lr=0.001_z=64_bs=32,"LR=0.001, z=64, batch size=32",119,121.64,2026-06-15 14:44:34.533,.,training.log,146,"LR=0.001, z=64, batch size=32"
lr=0.001_z=64_bs=32_seed=42,lr=0.001_z=64_bs=32_seed=42,0.001,0.001,64,32,42,lr=0.001_z=64_bs=32,"LR=0.001, z=64, batch size=32",120,133.18,2026-06-15 14:46:11.311,.,training.log,147,"LR=0.001, z=64, batch size=32"
lr=0.001_z=64_bs=32_seed=42,lr=0.001_z=64_bs=32_seed=42,0.001,0.001,64,32,42,lr=0.001_z=64_bs=32,"LR=0.001, z=64, batch size=32",121,123.35,2026-06-15 14:47:37.873,.,training.log,148,"LR=0.001, z=64, batch size=32"
lr=0.001_z=64_bs=32_seed=42,lr=0.001_z=64_bs=32_seed=42,0.001,0.001,64,32,42,lr=0.001_z=64_bs=32,"LR=0.001, z=64, batch size=32",122,117.88,2026-06-15 14:49:04.832,.,training.log,149,"LR=0.001, z=64, batch size=32"
lr=0.001_z=64_bs=32_seed=42,lr=0.001_z=64_bs=32_seed=42,0.001,0.001,64,32,42,lr=0.001_z=64_bs=32,"LR=0.001, z=64, batch size=32",123,134.04,2026-06-15 14:50:41.847,.,training.log,150,"LR=0.001, z=64, batch size=32"
lr=0.001_z=64_bs=32_seed=42,lr=0.001_z=64_bs=32_seed=42,0.001,0.001,64,32,42,lr=0.001_z=64_bs=32,"LR=0.001, z=64, batch size=32",124,133.4,2026-06-15 14:52:11.743,.,training.log,151,"LR=0.001, z=64, batch size=32"
lr=0.001_z=64_bs=32_seed=42,lr=0.001_z=64_bs=32_seed=42,0.001,0.001,64,32,42,lr=0.001_z=64_bs=32,"LR=0.001, z=64, batch size=32",125,113.1,2026-06-15 14:53:52.484,.,training.log,152,"LR=0.001, z=64, batch size=32"
lr=0.001_z=64_bs=32_seed=42,lr=0.001_z=64_bs=32_seed=42,0.001,0.001,64,32,42,lr=0.001_z=64_bs=32,"LR=0.001, z=64, batch size=32",126,126.79,2026-06-15 14:55:21.879,.,training.log,153,"LR=0.001, z=64, batch size=32"
lr=0.001_z=64_bs=32_seed=42,lr=0.001_z=64_bs=32_seed=42,0.001,0.001,64,32,42,lr=0.001_z=64_bs=32,"LR=0.001, z=64, batch size=32",127,126.48,2026-06-15 14:56:48.977,.,training.log,154,"LR=0.001, z=64, batch size=32"
lr=0.001_z=64_bs=32_seed=42,lr=0.001_z=64_bs=32_seed=42,0.001,0.001,64,32,42,lr=0.001_z=64_bs=32,"LR=0.001, z=64, batch size=32",128,116.5,2026-06-15 14:58:16.182,.,training.log,155,"LR=0.001, z=64, batch size=32"
lr=0.001_z=64_bs=32_seed=42,lr=0.001_z=64_bs=32_seed=42,0.001,0.001,64,32,42,lr=0.001_z=64_bs=32,"LR=0.001, z=64, batch size=32",129,116.62,2026-06-15 14:59:42.623,.,training.log,156,"LR=0.001, z=64, batch size=32"
lr=0.001_z=64_bs=32_seed=42,lr=0.001_z=64_bs=32_seed=42,0.001,0.001,64,32,42,lr=0.001_z=64_bs=32,"LR=0.001, z=64, batch size=32",130,125.05,2026-06-15 15:01:17.464,.,training.log,157,"LR=0.001, z=64, batch size=32"
lr=0.001_z=64_bs=32_seed=42,lr=0.001_z=64_bs=32_seed=42,0.001,0.001,64,32,42,lr=0.001_z=64_bs=32,"LR=0.001, z=64, batch size=32",131,123.21,2026-06-15 15:02:43.128,.,training.log,158,"LR=0.001, z=64, batch size=32"
lr=0.001_z=64_bs=32_seed=42,lr=0.001_z=64_bs=32_seed=42,0.001,0.001,64,32,42,lr=0.001_z=64_bs=32,"LR=0.001, z=64, batch size=32",132,120.72,2026-06-15 15:04:25.942,.,training.log,159,"LR=0.001, z=64, batch size=32"
lr=0.001_z=64_bs=32_seed=42,lr=0.001_z=64_bs=32_seed=42,0.001,0.001,64,32,42,lr=0.001_z=64_bs=32,"LR=0.001, z=64, batch size=32",133,119.51,2026-06-15 15:05:52.533,.,training.log,160,"LR=0.001, z=64, batch size=32"
lr=0.001_z=64_bs=32_seed=42,lr=0.001_z=64_bs=32_seed=42,0.001,0.001,64,32,42,lr=0.001_z=64_bs=32,"LR=0.001, z=64, batch size=32",134,124.7,2026-06-15 15:07:20.315,.,training.log,161,"LR=0.001, z=64, batch size=32"
lr=0.001_z=64_bs=32_seed=42,lr=0.001_z=64_bs=32_seed=42,0.001,0.001,64,32,42,lr=0.001_z=64_bs=32,"LR=0.001, z=64, batch size=32",135,111.12,2026-06-15 15:08:57.546,.,training.log,163,"LR=0.001, z=64, batch size=32"
lr=0.001_z=64_bs=32_seed=42,lr=0.001_z=64_bs=32_seed=42,0.001,0.001,64,32,42,lr=0.001_z=64_bs=32,"LR=0.001, z=64, batch size=32",136,131.8,2026-06-15 15:10:23.957,.,training.log,164,"LR=0.001, z=64, batch size=32"
lr=0.001_z=64_bs=32_seed=42,lr=0.001_z=64_bs=32_seed=42,0.001,0.001,64,32,42,lr=0.001_z=64_bs=32,"LR=0.001, z=64, batch size=32",137,126.56,2026-06-15 15:12:00.311,.,training.log,165,"LR=0.001, z=64, batch size=32"
lr=0.001_z=64_bs=32_seed=42,lr=0.001_z=64_bs=32_seed=42,0.001,0.001,64,32,42,lr=0.001_z=64_bs=32,"LR=0.001, z=64, batch size=32",138,120.36,2026-06-15 15:13:28.045,.,training.log,166,"LR=0.001, z=64, batch size=32"
lr=0.001_z=64_bs=32_seed=42,lr=0.001_z=64_bs=32_seed=42,0.001,0.001,64,32,42,lr=0.001_z=64_bs=32,"LR=0.001, z=64, batch size=32",139,123.94,2026-06-15 15:14:54.155,.,training.log,167,"LR=0.001, z=64, batch size=32"
lr=0.001_z=64_bs=32_seed=42,lr=0.001_z=64_bs=32_seed=42,0.001,0.001,64,32,42,lr=0.001_z=64_bs=32,"LR=0.001, z=64, batch size=32",140,112.49,2026-06-15 15:16:20.040,.,training.log,168,"LR=0.001, z=64, batch size=32"
lr=0.001_z=64_bs=32_seed=42,lr=0.001_z=64_bs=32_seed=42,0.001,0.001,64,32,42,lr=0.001_z=64_bs=32,"LR=0.001, z=64, batch size=32",141,118.71,2026-06-15 15:17:45.838,.,training.log,169,"LR=0.001, z=64, batch size=32"
lr=0.001_z=64_bs=32_seed=42,lr=0.001_z=64_bs=32_seed=42,0.001,0.001,64,32,42,lr=0.001_z=64_bs=32,"LR=0.001, z=64, batch size=32",142,120.66,2026-06-15 15:19:22.725,.,training.log,170,"LR=0.001, z=64, batch size=32"
lr=0.001_z=64_bs=32_seed=42,lr=0.001_z=64_bs=32_seed=42,0.001,0.001,64,32,42,lr=0.001_z=64_bs=32,"LR=0.001, z=64, batch size=32",143,115.88,2026-06-15 15:20:49.844,.,training.log,171,"LR=0.001, z=64, batch size=32"
lr=0.001_z=64_bs=32_seed=42,lr=0.001_z=64_bs=32_seed=42,0.001,0.001,64,32,42,lr=0.001_z=64_bs=32,"LR=0.001, z=64, batch size=32",144,128.53,2026-06-15 15:22:16.239,.,training.log,172,"LR=0.001, z=64, batch size=32"
lr=0.001_z=64_bs=32_seed=42,lr=0.001_z=64_bs=32_seed=42,0.001,0.001,64,32,42,lr=0.001_z=64_bs=32,"LR=0.001, z=64, batch size=32",145,120.87,2026-06-15 15:23:42.020,.,training.log,173,"LR=0.001, z=64, batch size=32"
lr=0.001_z=64_bs=32_seed=42,lr=0.001_z=64_bs=32_seed=42,0.001,0.001,64,32,42,lr=0.001_z=64_bs=32,"LR=0.001, z=64, batch size=32",146,116.4,2026-06-15 15:25:10.203,.,training.log,174,"LR=0.001, z=64, batch size=32"
lr=0.001_z=64_bs=32_seed=42,lr=0.001_z=64_bs=32_seed=42,0.001,0.001,64,32,42,lr=0.001_z=64_bs=32,"LR=0.001, z=64, batch size=32",147,120.9,2026-06-15 15:26:48.127,.,training.log,175,"LR=0.001, z=64, batch size=32"
lr=0.001_z=64_bs=32_seed=42,lr=0.001_z=64_bs=32_seed=42,0.001,0.001,64,32,42,lr=0.001_z=64_bs=32,"LR=0.001, z=64, batch size=32",148,127.33,2026-06-15 15:28:16.533,.,training.log,176,"LR=0.001, z=64, batch size=32"
lr=0.001_z=64_bs=32_seed=42,lr=0.001_z=64_bs=32_seed=42,0.001,0.001,64,32,42,lr=0.001_z=64_bs=32,"LR=0.001, z=64, batch size=32",149,114.72,2026-06-15 15:30:02.463,.,training.log,177,"LR=0.001, z=64, batch size=32"
lr=0.001_z=64_bs=32_seed=42,lr=0.001_z=64_bs=32_seed=42,0.001,0.001,64,32,42,lr=0.001_z=64_bs=32,"LR=0.001, z=64, batch size=32",150,120.6,2026-06-15 15:31:28.041,.,training.log,178,"LR=0.001, z=64, batch size=32"
lr=0.001_z=64_bs=32_seed=42,lr=0.001_z=64_bs=32_seed=42,0.001,0.001,64,32,42,lr=0.001_z=64_bs=32,"LR=0.001, z=64, batch size=32",151,137.31,2026-06-15 15:32:53.117,.,training.log,179,"LR=0.001, z=64, batch size=32"
lr=0.001_z=64_bs=32_seed=42,lr=0.001_z=64_bs=32_seed=42,0.001,0.001,64,32,42,lr=0.001_z=64_bs=32,"LR=0.001, z=64, batch size=32",152,127.31,2026-06-15 15:34:28.942,.,training.log,180,"LR=0.001, z=64, batch size=32"
lr=0.001_z=64_bs=32_seed=42,lr=0.001_z=64_bs=32_seed=42,0.001,0.001,64,32,42,lr=0.001_z=64_bs=32,"LR=0.001, z=64, batch size=32",153,113.86,2026-06-15 15:35:54.860,.,training.log,181,"LR=0.001, z=64, batch size=32"
lr=0.001_z=64_bs=32_seed=42,lr=0.001_z=64_bs=32_seed=42,0.001,0.001,64,32,42,lr=0.001_z=64_bs=32,"LR=0.001, z=64, batch size=32",154,111.87,2026-06-15 15:37:29.752,.,training.log,182,"LR=0.001, z=64, batch size=32"
lr=0.001_z=64_bs=32_seed=42,lr=0.001_z=64_bs=32_seed=42,0.001,0.001,64,32,42,lr=0.001_z=64_bs=32,"LR=0.001, z=64, batch size=32",155,127.76,2026-06-15 15:38:55.074,.,training.log,183,"LR=0.001, z=64, batch size=32"
lr=0.001_z=64_bs=32_seed=42,lr=0.001_z=64_bs=32_seed=42,0.001,0.001,64,32,42,lr=0.001_z=64_bs=32,"LR=0.001, z=64, batch size=32",156,117.67,2026-06-15 15:40:21.231,.,training.log,184,"LR=0.001, z=64, batch size=32"
lr=0.001_z=64_bs=32_seed=42,lr=0.001_z=64_bs=32_seed=42,0.001,0.001,64,32,42,lr=0.001_z=64_bs=32,"LR=0.001, z=64, batch size=32",157,123.6,2026-06-15 15:41:46.527,.,training.log,185,"LR=0.001, z=64, batch size=32"
lr=0.001_z=64_bs=32_seed=42,lr=0.001_z=64_bs=32_seed=42,0.001,0.001,64,32,42,lr=0.001_z=64_bs=32,"LR=0.001, z=64, batch size=32",158,127.73,2026-06-15 15:43:12.591,.,training.log,186,"LR=0.001, z=64, batch size=32"
lr=0.001_z=64_bs=32_seed=42,lr=0.001_z=64_bs=32_seed=42,0.001,0.001,64,32,42,lr=0.001_z=64_bs=32,"LR=0.001, z=64, batch size=32",159,120.28,2026-06-15 15:53:20.569,.,training.log,187,"LR=0.001, z=64, batch size=32"
lr=0.001_z=64_bs=32_seed=42,lr=0.001_z=64_bs=32_seed=42,0.001,0.001,64,32,42,lr=0.001_z=64_bs=32,"LR=0.001, z=64, batch size=32",160,116.13,2026-06-15 15:54:50.944,.,training.log,188,"LR=0.001, z=64, batch size=32"
lr=0.001_z=64_bs=32_seed=42,lr=0.001_z=64_bs=32_seed=42,0.001,0.001,64,32,42,lr=0.001_z=64_bs=32,"LR=0.001, z=64, batch size=32",161,112.85,2026-06-15 15:56:20.059,.,training.log,189,"LR=0.001, z=64, batch size=32"
lr=0.001_z=64_bs=32_seed=42,lr=0.001_z=64_bs=32_seed=42,0.001,0.001,64,32,42,lr=0.001_z=64_bs=32,"LR=0.001, z=64, batch size=32",162,118.98,2026-06-15 15:57:47.995,.,training.log,190,"LR=0.001, z=64, batch size=32"
lr=0.001_z=64_bs=32_seed=42,lr=0.001_z=64_bs=32_seed=42,0.001,0.001,64,32,42,lr=0.001_z=64_bs=32,"LR=0.001, z=64, batch size=32",163,117.87,2026-06-15 15:59:17.549,.,training.log,191,"LR=0.001, z=64, batch size=32"
lr=0.001_z=64_bs=32_seed=42,lr=0.001_z=64_bs=32_seed=42,0.001,0.001,64,32,42,lr=0.001_z=64_bs=32,"LR=0.001, z=64, batch size=32",164,114.56,2026-06-15 16:00:55.588,.,training.log,192,"LR=0.001, z=64, batch size=32"
lr=0.001_z=64_bs=32_seed=42,lr=0.001_z=64_bs=32_seed=42,0.001,0.001,64,32,42,lr=0.001_z=64_bs=32,"LR=0.001, z=64, batch size=32",165,127.34,2026-06-15 16:02:23.876,.,training.log,193,"LR=0.001, z=64, batch size=32"
lr=0.001_z=64_bs=32_seed=42,lr=0.001_z=64_bs=32_seed=42,0.001,0.001,64,32,42,lr=0.001_z=64_bs=32,"LR=0.001, z=64, batch size=32",166,115.52,2026-06-15 16:03:52.628,.,training.log,194,"LR=0.001, z=64, batch size=32"
lr=0.001_z=64_bs=32_seed=42,lr=0.001_z=64_bs=32_seed=42,0.001,0.001,64,32,42,lr=0.001_z=64_bs=32,"LR=0.001, z=64, batch size=32",167,112.48,2026-06-15 16:05:19.876,.,training.log,195,"LR=0.001, z=64, batch size=32"
lr=0.001_z=64_bs=32_seed=42,lr=0.001_z=64_bs=32_seed=42,0.001,0.001,64,32,42,lr=0.001_z=64_bs=32,"LR=0.001, z=64, batch size=32",168,121.35,2026-06-15 16:06:46.375,.,training.log,196,"LR=0.001, z=64, batch size=32"
lr=0.001_z=64_bs=32_seed=42,lr=0.001_z=64_bs=32_seed=42,0.001,0.001,64,32,42,lr=0.001_z=64_bs=32,"LR=0.001, z=64, batch size=32",169,115.46,2026-06-15 16:08:23.681,.,training.log,197,"LR=0.001, z=64, batch size=32"
lr=0.001_z=64_bs=32_seed=42,lr=0.001_z=64_bs=32_seed=42,0.001,0.001,64,32,42,lr=0.001_z=64_bs=32,"LR=0.001, z=64, batch size=32",170,116.59,2026-06-15 16:09:52.072,.,training.log,198,"LR=0.001, z=64, batch size=32"
lr=0.001_z=64_bs=32_seed=42,lr=0.001_z=64_bs=32_seed=42,0.001,0.001,64,32,42,lr=0.001_z=64_bs=32,"LR=0.001, z=64, batch size=32",171,116.1,2026-06-15 16:11:29.384,.,training.log,199,"LR=0.001, z=64, batch size=32"
lr=0.001_z=64_bs=32_seed=42,lr=0.001_z=64_bs=32_seed=42,0.001,0.001,64,32,42,lr=0.001_z=64_bs=32,"LR=0.001, z=64, batch size=32",172,123.29,2026-06-15 16:12:55.688,.,training.log,200,"LR=0.001, z=64, batch size=32"
lr=0.001_z=64_bs=32_seed=42,lr=0.001_z=64_bs=32_seed=42,0.001,0.001,64,32,42,lr=0.001_z=64_bs=32,"LR=0.001, z=64, batch size=32",173,140.95,2026-06-15 16:14:22.240,.,training.log,201,"LR=0.001, z=64, batch size=32"
lr=0.001_z=64_bs=32_seed=42,lr=0.001_z=64_bs=32_seed=42,0.001,0.001,64,32,42,lr=0.001_z=64_bs=32,"LR=0.001, z=64, batch size=32",174,123.07,2026-06-15 16:15:47.888,.,training.log,202,"LR=0.001, z=64, batch size=32"
lr=0.001_z=64_bs=32_seed=42,lr=0.001_z=64_bs=32_seed=42,0.001,0.001,64,32,42,lr=0.001_z=64_bs=32,"LR=0.001, z=64, batch size=32",175,103.26,2026-06-15 16:17:15.148,.,training.log,204,"LR=0.001, z=64, batch size=32"
lr=0.001_z=64_bs=32_seed=42,lr=0.001_z=64_bs=32_seed=42,0.001,0.001,64,32,42,lr=0.001_z=64_bs=32,"LR=0.001, z=64, batch size=32",176,106.15,2026-06-15 16:18:54.819,.,training.log,205,"LR=0.001, z=64, batch size=32"
lr=0.001_z=64_bs=32_seed=42,lr=0.001_z=64_bs=32_seed=42,0.001,0.001,64,32,42,lr=0.001_z=64_bs=32,"LR=0.001, z=64, batch size=32",177,127.28,2026-06-15 16:20:25.430,.,training.log,206,"LR=0.001, z=64, batch size=32"
lr=0.001_z=64_bs=32_seed=42,lr=0.001_z=64_bs=32_seed=42,0.001,0.001,64,32,42,lr=0.001_z=64_bs=32,"LR=0.001, z=64, batch size=32",178,125.87,2026-06-15 16:21:56.060,.,training.log,207,"LR=0.001, z=64, batch size=32"
lr=0.001_z=64_bs=32_seed=42,lr=0.001_z=64_bs=32_seed=42,0.001,0.001,64,32,42,lr=0.001_z=64_bs=32,"LR=0.001, z=64, batch size=32",179,127.67,2026-06-15 16:23:28.834,.,training.log,208,"LR=0.001, z=64, batch size=32"
lr=0.001_z=64_bs=32_seed=42,lr=0.001_z=64_bs=32_seed=42,0.001,0.001,64,32,42,lr=0.001_z=64_bs=32,"LR=0.001, z=64, batch size=32",180,115.92,2026-06-15 16:24:59.939,.,training.log,209,"LR=0.001, z=64, batch size=32"
lr=0.001_z=64_bs=32_seed=42,lr=0.001_z=64_bs=32_seed=42,0.001,0.001,64,32,42,lr=0.001_z=64_bs=32,"LR=0.001, z=64, batch size=32",181,118.6,2026-06-15 16:26:40.896,.,training.log,210,"LR=0.001, z=64, batch size=32"
lr=0.001_z=64_bs=32_seed=42,lr=0.001_z=64_bs=32_seed=42,0.001,0.001,64,32,42,lr=0.001_z=64_bs=32,"LR=0.001, z=64, batch size=32",182,112.85,2026-06-15 16:28:12.099,.,training.log,211,"LR=0.001, z=64, batch size=32"
lr=0.001_z=64_bs=32_seed=42,lr=0.001_z=64_bs=32_seed=42,0.001,0.001,64,32,42,lr=0.001_z=64_bs=32,"LR=0.001, z=64, batch size=32",183,125.69,2026-06-15 16:29:53.063,.,training.log,212,"LR=0.001, z=64, batch size=32"
lr=0.001_z=64_bs=32_seed=42,lr=0.001_z=64_bs=32_seed=42,0.001,0.001,64,32,42,lr=0.001_z=64_bs=32,"LR=0.001, z=64, batch size=32",184,114.78,2026-06-15 16:31:23.622,.,training.log,213,"LR=0.001, z=64, batch size=32"
lr=0.001_z=64_bs=32_seed=42,lr=0.001_z=64_bs=32_seed=42,0.001,0.001,64,32,42,lr=0.001_z=64_bs=32,"LR=0.001, z=64, batch size=32",185,124.32,2026-06-15 16:32:56.129,.,training.log,214,"LR=0.001, z=64, batch size=32"
lr=0.001_z=64_bs=32_seed=42,lr=0.001_z=64_bs=32_seed=42,0.001,0.001,64,32,42,lr=0.001_z=64_bs=32,"LR=0.001, z=64, batch size=32",186,119.94,2026-06-15 16:34:50.191,.,training.log,215,"LR=0.001, z=64, batch size=32"
lr=0.001_z=64_bs=32_seed=42,lr=0.001_z=64_bs=32_seed=42,0.001,0.001,64,32,42,lr=0.001_z=64_bs=32,"LR=0.001, z=64, batch size=32",187,127.59,2026-06-15 16:36:23.634,.,training.log,216,"LR=0.001, z=64, batch size=32"
lr=0.001_z=64_bs=32_seed=42,lr=0.001_z=64_bs=32_seed=42,0.001,0.001,64,32,42,lr=0.001_z=64_bs=32,"LR=0.001, z=64, batch size=32",188,127.6,2026-06-15 16:38:07.214,.,training.log,217,"LR=0.001, z=64, batch size=32"
lr=0.001_z=64_bs=32_seed=42,lr=0.001_z=64_bs=32_seed=42,0.001,0.001,64,32,42,lr=0.001_z=64_bs=32,"LR=0.001, z=64, batch size=32",189,126.97,2026-06-15 16:39:38.759,.,training.log,218,"LR=0.001, z=64, batch size=32"
lr=0.001_z=64_bs=32_seed=42,lr=0.001_z=64_bs=32_seed=42,0.001,0.001,64,32,42,lr=0.001_z=64_bs=32,"LR=0.001, z=64, batch size=32",190,127.39,2026-06-15 16:41:11.085,.,training.log,219,"LR=0.001, z=64, batch size=32"
lr=0.001_z=64_bs=32_seed=42,lr=0.001_z=64_bs=32_seed=42,0.001,0.001,64,32,42,lr=0.001_z=64_bs=32,"LR=0.001, z=64, batch size=32",191,122.92,2026-06-15 16:43:03.825,.,training.log,220,"LR=0.001, z=64, batch size=32"
lr=0.001_z=64_bs=32_seed=42,lr=0.001_z=64_bs=32_seed=42,0.001,0.001,64,32,42,lr=0.001_z=64_bs=32,"LR=0.001, z=64, batch size=32",192,120.78,2026-06-15 16:44:35.810,.,training.log,221,"LR=0.001, z=64, batch size=32"
lr=0.001_z=64_bs=32_seed=42,lr=0.001_z=64_bs=32_seed=42,0.001,0.001,64,32,42,lr=0.001_z=64_bs=32,"LR=0.001, z=64, batch size=32",193,107.24,2026-06-15 16:46:19.191,.,training.log,222,"LR=0.001, z=64, batch size=32"
lr=0.001_z=64_bs=32_seed=42,lr=0.001_z=64_bs=32_seed=42,0.001,0.001,64,32,42,lr=0.001_z=64_bs=32,"LR=0.001, z=64, batch size=32",194,126.75,2026-06-15 16:47:51.065,.,training.log,223,"LR=0.001, z=64, batch size=32"
lr=0.001_z=64_bs=32_seed=42,lr=0.001_z=64_bs=32_seed=42,0.001,0.001,64,32,42,lr=0.001_z=64_bs=32,"LR=0.001, z=64, batch size=32",195,112.82,2026-06-15 16:49:23.630,.,training.log,224,"LR=0.001, z=64, batch size=32"
lr=0.001_z=64_bs=32_seed=42,lr=0.001_z=64_bs=32_seed=42,0.001,0.001,64,32,42,lr=0.001_z=64_bs=32,"LR=0.001, z=64, batch size=32",196,113.71,2026-06-15 16:50:55.361,.,training.log,225,"LR=0.001, z=64, batch size=32"
lr=0.001_z=64_bs=32_seed=42,lr=0.001_z=64_bs=32_seed=42,0.001,0.001,64,32,42,lr=0.001_z=64_bs=32,"LR=0.001, z=64, batch size=32",197,134.72,2026-06-15 16:52:26.275,.,training.log,226,"LR=0.001, z=64, batch size=32"
lr=0.001_z=64_bs=32_seed=42,lr=0.001_z=64_bs=32_seed=42,0.001,0.001,64,32,42,lr=0.001_z=64_bs=32,"LR=0.001, z=64, batch size=32",198,109.63,2026-06-15 16:54:09.193,.,training.log,227,"LR=0.001, z=64, batch size=32"
lr=0.001_z=64_bs=32_seed=42,lr=0.001_z=64_bs=32_seed=42,0.001,0.001,64,32,42,lr=0.001_z=64_bs=32,"LR=0.001, z=64, batch size=32",199,109.08,2026-06-15 16:55:43.589,.,training.log,228,"LR=0.001, z=64, batch size=32"
lr=0.001_z=64_bs=32_seed=42,lr=0.001_z=64_bs=32_seed=42,0.001,0.001,64,32,42,lr=0.001_z=64_bs=32,"LR=0.001, z=64, batch size=32",200,110.4,2026-06-15 16:57:26.771,.,training.log,229,"LR=0.001, z=64, batch size=32"
lr=0.001_z=64_bs=32_seed=42,lr=0.001_z=64_bs=32_seed=42,0.001,0.001,64,32,42,lr=0.001_z=64_bs=32,"LR=0.001, z=64, batch size=32",201,110.84,2026-06-15 16:58:58.120,.,training.log,230,"LR=0.001, z=64, batch size=32"
lr=0.001_z=64_bs=32_seed=42,lr=0.001_z=64_bs=32_seed=42,0.001,0.001,64,32,42,lr=0.001_z=64_bs=32,"LR=0.001, z=64, batch size=32",202,111.71,2026-06-15 17:00:28.607,.,training.log,231,"LR=0.001, z=64, batch size=32"
lr=0.001_z=64_bs=32_seed=42,lr=0.001_z=64_bs=32_seed=42,0.001,0.001,64,32,42,lr=0.001_z=64_bs=32,"LR=0.001, z=64, batch size=32",203,114.63,2026-06-15 17:02:03.393,.,training.log,232,"LR=0.001, z=64, batch size=32"
lr=0.001_z=64_bs=32_seed=42,lr=0.001_z=64_bs=32_seed=42,0.001,0.001,64,32,42,lr=0.001_z=64_bs=32,"LR=0.001, z=64, batch size=32",204,119.38,2026-06-15 17:03:35.695,.,training.log,233,"LR=0.001, z=64, batch size=32"
lr=0.001_z=64_bs=32_seed=42,lr=0.001_z=64_bs=32_seed=42,0.001,0.001,64,32,42,lr=0.001_z=64_bs=32,"LR=0.001, z=64, batch size=32",205,117.29,2026-06-15 17:05:19.554,.,training.log,234,"LR=0.001, z=64, batch size=32"
lr=0.001_z=64_bs=32_seed=42,lr=0.001_z=64_bs=32_seed=42,0.001,0.001,64,32,42,lr=0.001_z=64_bs=32,"LR=0.001, z=64, batch size=32",206,118.3,2026-06-15 17:06:53.807,.,training.log,235,"LR=0.001, z=64, batch size=32"
lr=0.001_z=64_bs=32_seed=42,lr=0.001_z=64_bs=32_seed=42,0.001,0.001,64,32,42,lr=0.001_z=64_bs=32,"LR=0.001, z=64, batch size=32",207,130.84,2026-06-15 17:08:47.378,.,training.log,236,"LR=0.001, z=64, batch size=32"
lr=0.001_z=64_bs=32_seed=42,lr=0.001_z=64_bs=32_seed=42,0.001,0.001,64,32,42,lr=0.001_z=64_bs=32,"LR=0.001, z=64, batch size=32",208,112.71,2026-06-15 17:10:19.584,.,training.log,237,"LR=0.001, z=64, batch size=32"
lr=0.001_z=64_bs=32_seed=42,lr=0.001_z=64_bs=32_seed=42,0.001,0.001,64,32,42,lr=0.001_z=64_bs=32,"LR=0.001, z=64, batch size=32",209,108.64,2026-06-15 17:11:52.279,.,training.log,238,"LR=0.001, z=64, batch size=32"
lr=0.001_z=64_bs=32_seed=42,lr=0.001_z=64_bs=32_seed=42,0.001,0.001,64,32,42,lr=0.001_z=64_bs=32,"LR=0.001, z=64, batch size=32",210,110.91,2026-06-15 17:13:34.691,.,training.log,239,"LR=0.001, z=64, batch size=32"
lr=0.001_z=64_bs=32_seed=42,lr=0.001_z=64_bs=32_seed=42,0.001,0.001,64,32,42,lr=0.001_z=64_bs=32,"LR=0.001, z=64, batch size=32",211,117.81,2026-06-15 17:15:07.335,.,training.log,240,"LR=0.001, z=64, batch size=32"
lr=0.001_z=64_bs=32_seed=42,lr=0.001_z=64_bs=32_seed=42,0.001,0.001,64,32,42,lr=0.001_z=64_bs=32,"LR=0.001, z=64, batch size=32",212,124.91,2026-06-15 17:16:48.888,.,training.log,241,"LR=0.001, z=64, batch size=32"
lr=0.001_z=64_bs=32_seed=42,lr=0.001_z=64_bs=32_seed=42,0.001,0.001,64,32,42,lr=0.001_z=64_bs=32,"LR=0.001, z=64, batch size=32",213,112.33,2026-06-15 17:18:19.633,.,training.log,242,"LR=0.001, z=64, batch size=32"
lr=0.001_z=64_bs=32_seed=42,lr=0.001_z=64_bs=32_seed=42,0.001,0.001,64,32,42,lr=0.001_z=64_bs=32,"LR=0.001, z=64, batch size=32",214,112.46,2026-06-15 17:19:52.341,.,training.log,243,"LR=0.001, z=64, batch size=32"
lr=0.001_z=64_bs=32_seed=42,lr=0.001_z=64_bs=32_seed=42,0.001,0.001,64,32,42,lr=0.001_z=64_bs=32,"LR=0.001, z=64, batch size=32",215,115.94,2026-06-15 17:21:23.053,.,training.log,244,"LR=0.001, z=64, batch size=32"
lr=0.001_z=64_bs=32_seed=42,lr=0.001_z=64_bs=32_seed=42,0.001,0.001,64,32,42,lr=0.001_z=64_bs=32,"LR=0.001, z=64, batch size=32",216,133.31,2026-06-15 17:22:52.111,.,training.log,245,"LR=0.001, z=64, batch size=32"
lr=0.001_z=64_bs=32_seed=42,lr=0.001_z=64_bs=32_seed=42,0.001,0.001,64,32,42,lr=0.001_z=64_bs=32,"LR=0.001, z=64, batch size=32",217,105.96,2026-06-15 17:24:30.797,.,training.log,246,"LR=0.001, z=64, batch size=32"
lr=0.001_z=64_bs=32_seed=42,lr=0.001_z=64_bs=32_seed=42,0.001,0.001,64,32,42,lr=0.001_z=64_bs=32,"LR=0.001, z=64, batch size=32",218,118.85,2026-06-15 17:25:57.855,.,training.log,247,"LR=0.001, z=64, batch size=32"
lr=0.001_z=64_bs=32_seed=42,lr=0.001_z=64_bs=32_seed=42,0.001,0.001,64,32,42,lr=0.001_z=64_bs=32,"LR=0.001, z=64, batch size=32",219,125.1,2026-06-15 17:27:25.047,.,training.log,248,"LR=0.001, z=64, batch size=32"
lr=0.001_z=64_bs=32_seed=42,lr=0.001_z=64_bs=32_seed=42,0.001,0.001,64,32,42,lr=0.001_z=64_bs=32,"LR=0.001, z=64, batch size=32",220,117.33,2026-06-15 17:28:56.467,.,training.log,249,"LR=0.001, z=64, batch size=32"
lr=0.001_z=64_bs=32_seed=42,lr=0.001_z=64_bs=32_seed=42,0.001,0.001,64,32,42,lr=0.001_z=64_bs=32,"LR=0.001, z=64, batch size=32",221,121.71,2026-06-15 17:30:25.629,.,training.log,250,"LR=0.001, z=64, batch size=32"
lr=0.001_z=64_bs=32_seed=42,lr=0.001_z=64_bs=32_seed=42,0.001,0.001,64,32,42,lr=0.001_z=64_bs=32,"LR=0.001, z=64, batch size=32",222,112.66,2026-06-15 17:32:03.151,.,training.log,251,"LR=0.001, z=64, batch size=32"
lr=0.001_z=64_bs=32_seed=42,lr=0.001_z=64_bs=32_seed=42,0.001,0.001,64,32,42,lr=0.001_z=64_bs=32,"LR=0.001, z=64, batch size=32",223,126.39,2026-06-15 17:33:31.893,.,training.log,252,"LR=0.001, z=64, batch size=32"
lr=0.001_z=64_bs=32_seed=42,lr=0.001_z=64_bs=32_seed=42,0.001,0.001,64,32,42,lr=0.001_z=64_bs=32,"LR=0.001, z=64, batch size=32",224,125.04,2026-06-15 17:35:11.050,.,training.log,253,"LR=0.001, z=64, batch size=32"
lr=0.001_z=64_bs=32_seed=42,lr=0.001_z=64_bs=32_seed=42,0.001,0.001,64,32,42,lr=0.001_z=64_bs=32,"LR=0.001, z=64, batch size=32",225,109.21,2026-06-15 17:36:38.477,.,training.log,254,"LR=0.001, z=64, batch size=32"
lr=0.001_z=64_bs=32_seed=42,lr=0.001_z=64_bs=32_seed=42,0.001,0.001,64,32,42,lr=0.001_z=64_bs=32,"LR=0.001, z=64, batch size=32",226,123.35,2026-06-15 17:38:24.004,.,training.log,255,"LR=0.001, z=64, batch size=32"
lr=0.001_z=64_bs=32_seed=42,lr=0.001_z=64_bs=32_seed=42,0.001,0.001,64,32,42,lr=0.001_z=64_bs=32,"LR=0.001, z=64, batch size=32",227,119.19,2026-06-15 17:40:19.456,.,training.log,256,"LR=0.001, z=64, batch size=32"
lr=0.001_z=64_bs=32_seed=42,lr=0.001_z=64_bs=32_seed=42,0.001,0.001,64,32,42,lr=0.001_z=64_bs=32,"LR=0.001, z=64, batch size=32",228,111.15,2026-06-15 17:41:48.703,.,training.log,257,"LR=0.001, z=64, batch size=32"
lr=0.001_z=64_bs=32_seed=42,lr=0.001_z=64_bs=32_seed=42,0.001,0.001,64,32,42,lr=0.001_z=64_bs=32,"LR=0.001, z=64, batch size=32",229,122.33,2026-06-15 17:43:28.882,.,training.log,258,"LR=0.001, z=64, batch size=32"
lr=0.001_z=64_bs=32_seed=42,lr=0.001_z=64_bs=32_seed=42,0.001,0.001,64,32,42,lr=0.001_z=64_bs=32,"LR=0.001, z=64, batch size=32",230,103.3,2026-06-15 17:45:01.024,.,training.log,259,"LR=0.001, z=64, batch size=32"
lr=0.001_z=64_bs=32_seed=42,lr=0.001_z=64_bs=32_seed=42,0.001,0.001,64,32,42,lr=0.001_z=64_bs=32,"LR=0.001, z=64, batch size=32",231,116.95,2026-06-15 17:46:42.098,.,training.log,260,"LR=0.001, z=64, batch size=32"
lr=0.001_z=64_bs=32_seed=42,lr=0.001_z=64_bs=32_seed=42,0.001,0.001,64,32,42,lr=0.001_z=64_bs=32,"LR=0.001, z=64, batch size=32",232,110.46,2026-06-15 17:48:10.897,.,training.log,261,"LR=0.001, z=64, batch size=32"
lr=0.001_z=64_bs=32_seed=42,lr=0.001_z=64_bs=32_seed=42,0.001,0.001,64,32,42,lr=0.001_z=64_bs=32,"LR=0.001, z=64, batch size=32",233,109.8,2026-06-15 17:49:38.469,.,training.log,262,"LR=0.001, z=64, batch size=32"
lr=0.001_z=64_bs=32_seed=42,lr=0.001_z=64_bs=32_seed=42,0.001,0.001,64,32,42,lr=0.001_z=64_bs=32,"LR=0.001, z=64, batch size=32",234,130.18,2026-06-15 17:51:17.471,.,training.log,263,"LR=0.001, z=64, batch size=32"
lr=0.001_z=64_bs=32_seed=42,lr=0.001_z=64_bs=32_seed=42,0.001,0.001,64,32,42,lr=0.001_z=64_bs=32,"LR=0.001, z=64, batch size=32",235,112.18,2026-06-15 17:52:45.935,.,training.log,264,"LR=0.001, z=64, batch size=32"
lr=0.001_z=64_bs=32_seed=42,lr=0.001_z=64_bs=32_seed=42,0.001,0.001,64,32,42,lr=0.001_z=64_bs=32,"LR=0.001, z=64, batch size=32",236,114.24,2026-06-15 17:54:22.835,.,training.log,265,"LR=0.001, z=64, batch size=32"
lr=0.001_z=64_bs=32_seed=42,lr=0.001_z=64_bs=32_seed=42,0.001,0.001,64,32,42,lr=0.001_z=64_bs=32,"LR=0.001, z=64, batch size=32",237,124.57,2026-06-15 17:55:49.581,.,training.log,266,"LR=0.001, z=64, batch size=32"
lr=0.001_z=64_bs=32_seed=42,lr=0.001_z=64_bs=32_seed=42,0.001,0.001,64,32,42,lr=0.001_z=64_bs=32,"LR=0.001, z=64, batch size=32",238,107.2,2026-06-15 17:57:16.025,.,training.log,267,"LR=0.001, z=64, batch size=32"
lr=0.001_z=64_bs=32_seed=42,lr=0.001_z=64_bs=32_seed=42,0.001,0.001,64,32,42,lr=0.001_z=64_bs=32,"LR=0.001, z=64, batch size=32",239,113.82,2026-06-15 17:58:44.842,.,training.log,268,"LR=0.001, z=64, batch size=32"
lr=0.001_z=64_bs=32_seed=42,lr=0.001_z=64_bs=32_seed=42,0.001,0.001,64,32,42,lr=0.001_z=64_bs=32,"LR=0.001, z=64, batch size=32",240,129.89,2026-06-15 18:00:12.522,.,training.log,269,"LR=0.001, z=64, batch size=32"
lr=0.001_z=64_bs=32_seed=42,lr=0.001_z=64_bs=32_seed=42,0.001,0.001,64,32,42,lr=0.001_z=64_bs=32,"LR=0.001, z=64, batch size=32",241,115.11,2026-06-15 18:01:51.582,.,training.log,270,"LR=0.001, z=64, batch size=32"
lr=0.001_z=64_bs=32_seed=42,lr=0.001_z=64_bs=32_seed=42,0.001,0.001,64,32,42,lr=0.001_z=64_bs=32,"LR=0.001, z=64, batch size=32",242,121.32,2026-06-15 18:03:20.550,.,training.log,271,"LR=0.001, z=64, batch size=32"
lr=0.001_z=64_bs=32_seed=42,lr=0.001_z=64_bs=32_seed=42,0.001,0.001,64,32,42,lr=0.001_z=64_bs=32,"LR=0.001, z=64, batch size=32",243,125.09,2026-06-15 18:04:47.407,.,training.log,272,"LR=0.001, z=64, batch size=32"
lr=0.001_z=64_bs=32_seed=42,lr=0.001_z=64_bs=32_seed=42,0.001,0.001,64,32,42,lr=0.001_z=64_bs=32,"LR=0.001, z=64, batch size=32",244,112.35,2026-06-15 18:06:16.416,.,training.log,273,"LR=0.001, z=64, batch size=32"
lr=0.001_z=64_bs=32_seed=42,lr=0.001_z=64_bs=32_seed=42,0.001,0.001,64,32,42,lr=0.001_z=64_bs=32,"LR=0.001, z=64, batch size=32",245,113.97,2026-06-15 18:07:45.896,.,training.log,274,"LR=0.001, z=64, batch size=32"
lr=0.001_z=64_bs=32_seed=42,lr=0.001_z=64_bs=32_seed=42,0.001,0.001,64,32,42,lr=0.001_z=64_bs=32,"LR=0.001, z=64, batch size=32",246,100.89,2026-06-15 18:09:23.411,.,training.log,276,"LR=0.001, z=64, batch size=32"
lr=0.001_z=64_bs=32_seed=42,lr=0.001_z=64_bs=32_seed=42,0.001,0.001,64,32,42,lr=0.001_z=64_bs=32,"LR=0.001, z=64, batch size=32",247,115.04,2026-06-15 18:10:53.176,.,training.log,277,"LR=0.001, z=64, batch size=32"
lr=0.001_z=64_bs=32_seed=42,lr=0.001_z=64_bs=32_seed=42,0.001,0.001,64,32,42,lr=0.001_z=64_bs=32,"LR=0.001, z=64, batch size=32",248,117.07,2026-06-15 18:12:41.806,.,training.log,278,"LR=0.001, z=64, batch size=32"
lr=0.001_z=64_bs=32_seed=42,lr=0.001_z=64_bs=32_seed=42,0.001,0.001,64,32,42,lr=0.001_z=64_bs=32,"LR=0.001, z=64, batch size=32",249,115.28,2026-06-15 18:14:10.170,.,training.log,279,"LR=0.001, z=64, batch size=32"
lr=0.001_z=64_bs=32_seed=42,lr=0.001_z=64_bs=32_seed=42,0.001,0.001,64,32,42,lr=0.001_z=64_bs=32,"LR=0.001, z=64, batch size=32",250,117.66,2026-06-15 18:15:38.378,.,training.log,280,"LR=0.001, z=64, batch size=32"
lr=0.001_z=64_bs=32_seed=42,lr=0.001_z=64_bs=32_seed=42,0.001,0.001,64,32,42,lr=0.001_z=64_bs=32,"LR=0.001, z=64, batch size=32",251,117.79,2026-06-15 18:17:15.606,.,training.log,281,"LR=0.001, z=64, batch size=32"
lr=0.001_z=64_bs=32_seed=42,lr=0.001_z=64_bs=32_seed=42,0.001,0.001,64,32,42,lr=0.001_z=64_bs=32,"LR=0.001, z=64, batch size=32",252,117.66,2026-06-15 18:18:43.434,.,training.log,282,"LR=0.001, z=64, batch size=32"
lr=0.001_z=64_bs=32_seed=42,lr=0.001_z=64_bs=32_seed=42,0.001,0.001,64,32,42,lr=0.001_z=64_bs=32,"LR=0.001, z=64, batch size=32",253,121.25,2026-06-15 18:20:34.462,.,training.log,283,"LR=0.001, z=64, batch size=32"
lr=0.001_z=64_bs=32_seed=42,lr=0.001_z=64_bs=32_seed=42,0.001,0.001,64,32,42,lr=0.001_z=64_bs=32,"LR=0.001, z=64, batch size=32",254,131.35,2026-06-15 18:22:14.855,.,training.log,284,"LR=0.001, z=64, batch size=32"
lr=0.001_z=64_bs=32_seed=42,lr=0.001_z=64_bs=32_seed=42,0.001,0.001,64,32,42,lr=0.001_z=64_bs=32,"LR=0.001, z=64, batch size=32",255,121.83,2026-06-15 18:23:49.476,.,training.log,285,"LR=0.001, z=64, batch size=32"
lr=0.001_z=64_bs=32_seed=42,lr=0.001_z=64_bs=32_seed=42,0.001,0.001,64,32,42,lr=0.001_z=64_bs=32,"LR=0.001, z=64, batch size=32",256,124.9,2026-06-15 18:25:37.936,.,training.log,286,"LR=0.001, z=64, batch size=32"
lr=0.001_z=64_bs=32_seed=42,lr=0.001_z=64_bs=32_seed=42,0.001,0.001,64,32,42,lr=0.001_z=64_bs=32,"LR=0.001, z=64, batch size=32",257,131.09,2026-06-15 18:27:09.256,.,training.log,287,"LR=0.001, z=64, batch size=32"
lr=0.001_z=64_bs=32_seed=42,lr=0.001_z=64_bs=32_seed=42,0.001,0.001,64,32,42,lr=0.001_z=64_bs=32,"LR=0.001, z=64, batch size=32",258,128.86,2026-06-15 18:28:49.999,.,training.log,288,"LR=0.001, z=64, batch size=32"
lr=0.001_z=64_bs=32_seed=42,lr=0.001_z=64_bs=32_seed=42,0.001,0.001,64,32,42,lr=0.001_z=64_bs=32,"LR=0.001, z=64, batch size=32",259,126.44,2026-06-15 18:30:18.383,.,training.log,289,"LR=0.001, z=64, batch size=32"
lr=0.001_z=64_bs=32_seed=42,lr=0.001_z=64_bs=32_seed=42,0.001,0.001,64,32,42,lr=0.001_z=64_bs=32,"LR=0.001, z=64, batch size=32",260,119.92,2026-06-15 18:31:47.008,.,training.log,290,"LR=0.001, z=64, batch size=32"
lr=0.001_z=64_bs=32_seed=42,lr=0.001_z=64_bs=32_seed=42,0.001,0.001,64,32,42,lr=0.001_z=64_bs=32,"LR=0.001, z=64, batch size=32",261,114.81,2026-06-15 18:33:19.078,.,training.log,291,"LR=0.001, z=64, batch size=32"
lr=0.001_z=64_bs=32_seed=42,lr=0.001_z=64_bs=32_seed=42,0.001,0.001,64,32,42,lr=0.001_z=64_bs=32,"LR=0.001, z=64, batch size=32",262,112.06,2026-06-15 18:34:46.895,.,training.log,292,"LR=0.001, z=64, batch size=32"
lr=0.001_z=64_bs=32_seed=42,lr=0.001_z=64_bs=32_seed=42,0.001,0.001,64,32,42,lr=0.001_z=64_bs=32,"LR=0.001, z=64, batch size=32",263,122.13,2026-06-15 18:36:24.916,.,training.log,293,"LR=0.001, z=64, batch size=32"
lr=0.001_z=64_bs=32_seed=42,lr=0.001_z=64_bs=32_seed=42,0.001,0.001,64,32,42,lr=0.001_z=64_bs=32,"LR=0.001, z=64, batch size=32",264,114.02,2026-06-15 18:37:53.016,.,training.log,294,"LR=0.001, z=64, batch size=32"
lr=0.001_z=64_bs=32_seed=42,lr=0.001_z=64_bs=32_seed=42,0.001,0.001,64,32,42,lr=0.001_z=64_bs=32,"LR=0.001, z=64, batch size=32",265,100.97,2026-06-15 18:39:19.010,.,training.log,295,"LR=0.001, z=64, batch size=32"
lr=0.001_z=64_bs=32_seed=42,lr=0.001_z=64_bs=32_seed=42,0.001,0.001,64,32,42,lr=0.001_z=64_bs=32,"LR=0.001, z=64, batch size=32",266,132.97,2026-06-15 18:40:46.181,.,training.log,296,"LR=0.001, z=64, batch size=32"
lr=0.001_z=64_bs=32_seed=42,lr=0.001_z=64_bs=32_seed=42,0.001,0.001,64,32,42,lr=0.001_z=64_bs=32,"LR=0.001, z=64, batch size=32",267,128.8,2026-06-15 18:42:12.724,.,training.log,297,"LR=0.001, z=64, batch size=32"
lr=0.001_z=64_bs=32_seed=42,lr=0.001_z=64_bs=32_seed=42,0.001,0.001,64,32,42,lr=0.001_z=64_bs=32,"LR=0.001, z=64, batch size=32",268,107.97,2026-06-15 18:43:50.259,.,training.log,298,"LR=0.001, z=64, batch size=32"
lr=0.001_z=64_bs=32_seed=42,lr=0.001_z=64_bs=32_seed=42,0.001,0.001,64,32,42,lr=0.001_z=64_bs=32,"LR=0.001, z=64, batch size=32",269,122.46,2026-06-15 18:45:16.591,.,training.log,299,"LR=0.001, z=64, batch size=32"
lr=0.001_z=64_bs=32_seed=42,lr=0.001_z=64_bs=32_seed=42,0.001,0.001,64,32,42,lr=0.001_z=64_bs=32,"LR=0.001, z=64, batch size=32",270,133.25,2026-06-15 18:47:02.462,.,training.log,300,"LR=0.001, z=64, batch size=32"
lr=0.001_z=64_bs=32_seed=42,lr=0.001_z=64_bs=32_seed=42,0.001,0.001,64,32,42,lr=0.001_z=64_bs=32,"LR=0.001, z=64, batch size=32",271,120.03,2026-06-15 18:48:29.616,.,training.log,301,"LR=0.001, z=64, batch size=32"
lr=0.001_z=64_bs=32_seed=42,lr=0.001_z=64_bs=32_seed=42,0.001,0.001,64,32,42,lr=0.001_z=64_bs=32,"LR=0.001, z=64, batch size=32",272,132.55,2026-06-15 18:49:56.025,.,training.log,302,"LR=0.001, z=64, batch size=32"
lr=0.001_z=64_bs=32_seed=42,lr=0.001_z=64_bs=32_seed=42,0.001,0.001,64,32,42,lr=0.001_z=64_bs=32,"LR=0.001, z=64, batch size=32",273,112.2,2026-06-15 18:51:33.487,.,training.log,303,"LR=0.001, z=64, batch size=32"
lr=0.001_z=64_bs=32_seed=42,lr=0.001_z=64_bs=32_seed=42,0.001,0.001,64,32,42,lr=0.001_z=64_bs=32,"LR=0.001, z=64, batch size=32",274,142.23,2026-06-15 18:52:59.583,.,training.log,304,"LR=0.001, z=64, batch size=32"
lr=0.001_z=64_bs=32_seed=42,lr=0.001_z=64_bs=32_seed=42,0.001,0.001,64,32,42,lr=0.001_z=64_bs=32,"LR=0.001, z=64, batch size=32",275,126.9,2026-06-15 18:54:45.882,.,training.log,305,"LR=0.001, z=64, batch size=32"
lr=0.001_z=64_bs=32_seed=142,lr=0.001_z=64_bs=32_seed=142,0.001,0.001,64,32,142,lr=0.001_z=64_bs=32,"LR=0.001, z=64, batch size=32",1,315.43,2026-06-15 11:43:41.952,.,training (4).log,6,"LR=0.001, z=64, batch size=32"
lr=0.001_z=64_bs=32_seed=142,lr=0.001_z=64_bs=32_seed=142,0.001,0.001,64,32,142,lr=0.001_z=64_bs=32,"LR=0.001, z=64, batch size=32",2,339.24,2026-06-15 11:44:12.673,.,training (4).log,7,"LR=0.001, z=64, batch size=32"
lr=0.001_z=64_bs=32_seed=142,lr=0.001_z=64_bs=32_seed=142,0.001,0.001,64,32,142,lr=0.001_z=64_bs=32,"LR=0.001, z=64, batch size=32",3,308.47,2026-06-15 11:44:44.790,.,training (4).log,9,"LR=0.001, z=64, batch size=32"
lr=0.001_z=64_bs=32_seed=142,lr=0.001_z=64_bs=32_seed=142,0.001,0.001,64,32,142,lr=0.001_z=64_bs=32,"LR=0.001, z=64, batch size=32",4,302.25,2026-06-15 11:45:46.468,.,training (4).log,11,"LR=0.001, z=64, batch size=32"
lr=0.001_z=64_bs=32_seed=142,lr=0.001_z=64_bs=32_seed=142,0.001,0.001,64,32,142,lr=0.001_z=64_bs=32,"LR=0.001, z=64, batch size=32",5,308.11,2026-06-15 11:46:18.715,.,training (4).log,12,"LR=0.001, z=64, batch size=32"
lr=0.001_z=64_bs=32_seed=142,lr=0.001_z=64_bs=32_seed=142,0.001,0.001,64,32,142,lr=0.001_z=64_bs=32,"LR=0.001, z=64, batch size=32",6,263.02,2026-06-15 11:46:50.694,.,training (4).log,14,"LR=0.001, z=64, batch size=32"
lr=0.001_z=64_bs=32_seed=142,lr=0.001_z=64_bs=32_seed=142,0.001,0.001,64,32,142,lr=0.001_z=64_bs=32,"LR=0.001, z=64, batch size=32",7,218.02,2026-06-15 11:47:23.556,.,training (4).log,16,"LR=0.001, z=64, batch size=32"
lr=0.001_z=64_bs=32_seed=142,lr=0.001_z=64_bs=32_seed=142,0.001,0.001,64,32,142,lr=0.001_z=64_bs=32,"LR=0.001, z=64, batch size=32",8,215.16,2026-06-15 11:48:26.313,.,training (4).log,18,"LR=0.001, z=64, batch size=32"
lr=0.001_z=64_bs=32_seed=142,lr=0.001_z=64_bs=32_seed=142,0.001,0.001,64,32,142,lr=0.001_z=64_bs=32,"LR=0.001, z=64, batch size=32",9,208.84,2026-06-15 11:48:59.159,.,training (4).log,20,"LR=0.001, z=64, batch size=32"
lr=0.001_z=64_bs=32_seed=142,lr=0.001_z=64_bs=32_seed=142,0.001,0.001,64,32,142,lr=0.001_z=64_bs=32,"LR=0.001, z=64, batch size=32",10,201.24,2026-06-15 11:50:01.510,.,training (4).log,22,"LR=0.001, z=64, batch size=32"
lr=0.001_z=64_bs=32_seed=142,lr=0.001_z=64_bs=32_seed=142,0.001,0.001,64,32,142,lr=0.001_z=64_bs=32,"LR=0.001, z=64, batch size=32",11,190.16,2026-06-15 11:50:34.481,.,training (4).log,24,"LR=0.001, z=64, batch size=32"
lr=0.001_z=64_bs=32_seed=142,lr=0.001_z=64_bs=32_seed=142,0.001,0.001,64,32,142,lr=0.001_z=64_bs=32,"LR=0.001, z=64, batch size=32",12,175.45,2026-06-15 11:51:36.565,.,training (4).log,26,"LR=0.001, z=64, batch size=32"
lr=0.001_z=64_bs=32_seed=142,lr=0.001_z=64_bs=32_seed=142,0.001,0.001,64,32,142,lr=0.001_z=64_bs=32,"LR=0.001, z=64, batch size=32",13,182.95,2026-06-15 11:52:09.605,.,training (4).log,27,"LR=0.001, z=64, batch size=32"
lr=0.001_z=64_bs=32_seed=142,lr=0.001_z=64_bs=32_seed=142,0.001,0.001,64,32,142,lr=0.001_z=64_bs=32,"LR=0.001, z=64, batch size=32",14,178.31,2026-06-15 11:53:11.430,.,training (4).log,28,"LR=0.001, z=64, batch size=32"
lr=0.001_z=64_bs=32_seed=142,lr=0.001_z=64_bs=32_seed=142,0.001,0.001,64,32,142,lr=0.001_z=64_bs=32,"LR=0.001, z=64, batch size=32",15,167.98,2026-06-15 11:53:44.166,.,training (4).log,30,"LR=0.001, z=64, batch size=32"
lr=0.001_z=64_bs=32_seed=142,lr=0.001_z=64_bs=32_seed=142,0.001,0.001,64,32,142,lr=0.001_z=64_bs=32,"LR=0.001, z=64, batch size=32",16,172.54,2026-06-15 11:54:45.872,.,training (4).log,31,"LR=0.001, z=64, batch size=32"
lr=0.001_z=64_bs=32_seed=142,lr=0.001_z=64_bs=32_seed=142,0.001,0.001,64,32,142,lr=0.001_z=64_bs=32,"LR=0.001, z=64, batch size=32",17,167.25,2026-06-15 11:55:18.107,.,training (4).log,33,"LR=0.001, z=64, batch size=32"
lr=0.001_z=64_bs=32_seed=142,lr=0.001_z=64_bs=32_seed=142,0.001,0.001,64,32,142,lr=0.001_z=64_bs=32,"LR=0.001, z=64, batch size=32",18,155.7,2026-06-15 11:56:20.695,.,training (4).log,35,"LR=0.001, z=64, batch size=32"
lr=0.001_z=64_bs=32_seed=142,lr=0.001_z=64_bs=32_seed=142,0.001,0.001,64,32,142,lr=0.001_z=64_bs=32,"LR=0.001, z=64, batch size=32",19,155.45,2026-06-15 11:56:53.934,.,training (4).log,37,"LR=0.001, z=64, batch size=32"
lr=0.001_z=64_bs=32_seed=142,lr=0.001_z=64_bs=32_seed=142,0.001,0.001,64,32,142,lr=0.001_z=64_bs=32,"LR=0.001, z=64, batch size=32",20,151.81,2026-06-15 11:57:56.035,.,training (4).log,39,"LR=0.001, z=64, batch size=32"
lr=0.001_z=64_bs=32_seed=142,lr=0.001_z=64_bs=32_seed=142,0.001,0.001,64,32,142,lr=0.001_z=64_bs=32,"LR=0.001, z=64, batch size=32",21,144.73,2026-06-15 11:58:29.637,.,training (4).log,41,"LR=0.001, z=64, batch size=32"
lr=0.001_z=64_bs=32_seed=142,lr=0.001_z=64_bs=32_seed=142,0.001,0.001,64,32,142,lr=0.001_z=64_bs=32,"LR=0.001, z=64, batch size=32",22,147.0,2026-06-15 11:59:32.551,.,training (4).log,42,"LR=0.001, z=64, batch size=32"
lr=0.001_z=64_bs=32_seed=142,lr=0.001_z=64_bs=32_seed=142,0.001,0.001,64,32,142,lr=0.001_z=64_bs=32,"LR=0.001, z=64, batch size=32",23,150.15,2026-06-15 12:00:05.229,.,training (4).log,43,"LR=0.001, z=64, batch size=32"
lr=0.001_z=64_bs=32_seed=142,lr=0.001_z=64_bs=32_seed=142,0.001,0.001,64,32,142,lr=0.001_z=64_bs=32,"LR=0.001, z=64, batch size=32",24,145.08,2026-06-15 12:01:07.255,.,training (4).log,44,"LR=0.001, z=64, batch size=32"
lr=0.001_z=64_bs=32_seed=142,lr=0.001_z=64_bs=32_seed=142,0.001,0.001,64,32,142,lr=0.001_z=64_bs=32,"LR=0.001, z=64, batch size=32",25,152.01,2026-06-15 12:01:40.139,.,training (4).log,45,"LR=0.001, z=64, batch size=32"
lr=0.001_z=64_bs=32_seed=142,lr=0.001_z=64_bs=32_seed=142,0.001,0.001,64,32,142,lr=0.001_z=64_bs=32,"LR=0.001, z=64, batch size=32",26,144.34,2026-06-15 12:02:42.958,.,training (4).log,47,"LR=0.001, z=64, batch size=32"
lr=0.001_z=64_bs=32_seed=142,lr=0.001_z=64_bs=32_seed=142,0.001,0.001,64,32,142,lr=0.001_z=64_bs=32,"LR=0.001, z=64, batch size=32",27,150.63,2026-06-15 12:03:16.122,.,training (4).log,48,"LR=0.001, z=64, batch size=32"
lr=0.001_z=64_bs=32_seed=142,lr=0.001_z=64_bs=32_seed=142,0.001,0.001,64,32,142,lr=0.001_z=64_bs=32,"LR=0.001, z=64, batch size=32",28,146.24,2026-06-15 12:04:18.455,.,training (4).log,49,"LR=0.001, z=64, batch size=32"
lr=0.001_z=64_bs=32_seed=142,lr=0.001_z=64_bs=32_seed=142,0.001,0.001,64,32,142,lr=0.001_z=64_bs=32,"LR=0.001, z=64, batch size=32",29,140.33,2026-06-15 12:04:51.535,.,training (4).log,51,"LR=0.001, z=64, batch size=32"
lr=0.001_z=64_bs=32_seed=142,lr=0.001_z=64_bs=32_seed=142,0.001,0.001,64,32,142,lr=0.001_z=64_bs=32,"LR=0.001, z=64, batch size=32",30,139.3,2026-06-15 12:05:54.142,.,training (4).log,53,"LR=0.001, z=64, batch size=32"
lr=0.001_z=64_bs=32_seed=142,lr=0.001_z=64_bs=32_seed=142,0.001,0.001,64,32,142,lr=0.001_z=64_bs=32,"LR=0.001, z=64, batch size=32",31,145.07,2026-06-15 12:06:27.597,.,training (4).log,54,"LR=0.001, z=64, batch size=32"
lr=0.001_z=64_bs=32_seed=142,lr=0.001_z=64_bs=32_seed=142,0.001,0.001,64,32,142,lr=0.001_z=64_bs=32,"LR=0.001, z=64, batch size=32",32,132.65,2026-06-15 12:07:29.743,.,training (4).log,56,"LR=0.001, z=64, batch size=32"
lr=0.001_z=64_bs=32_seed=142,lr=0.001_z=64_bs=32_seed=142,0.001,0.001,64,32,142,lr=0.001_z=64_bs=32,"LR=0.001, z=64, batch size=32",33,133.02,2026-06-15 12:08:02.791,.,training (4).log,57,"LR=0.001, z=64, batch size=32"
lr=0.001_z=64_bs=32_seed=142,lr=0.001_z=64_bs=32_seed=142,0.001,0.001,64,32,142,lr=0.001_z=64_bs=32,"LR=0.001, z=64, batch size=32",34,131.26,2026-06-15 12:09:05.976,.,training (4).log,59,"LR=0.001, z=64, batch size=32"
lr=0.001_z=64_bs=32_seed=142,lr=0.001_z=64_bs=32_seed=142,0.001,0.001,64,32,142,lr=0.001_z=64_bs=32,"LR=0.001, z=64, batch size=32",35,136.07,2026-06-15 12:09:39.212,.,training (4).log,60,"LR=0.001, z=64, batch size=32"
lr=0.001_z=64_bs=32_seed=142,lr=0.001_z=64_bs=32_seed=142,0.001,0.001,64,32,142,lr=0.001_z=64_bs=32,"LR=0.001, z=64, batch size=32",36,134.22,2026-06-15 12:10:41.606,.,training (4).log,61,"LR=0.001, z=64, batch size=32"
lr=0.001_z=64_bs=32_seed=142,lr=0.001_z=64_bs=32_seed=142,0.001,0.001,64,32,142,lr=0.001_z=64_bs=32,"LR=0.001, z=64, batch size=32",37,130.06,2026-06-15 12:11:15.083,.,training (4).log,63,"LR=0.001, z=64, batch size=32"
lr=0.001_z=64_bs=32_seed=142,lr=0.001_z=64_bs=32_seed=142,0.001,0.001,64,32,142,lr=0.001_z=64_bs=32,"LR=0.001, z=64, batch size=32",38,130.2,2026-06-15 12:12:18.198,.,training (4).log,64,"LR=0.001, z=64, batch size=32"
lr=0.001_z=64_bs=32_seed=142,lr=0.001_z=64_bs=32_seed=142,0.001,0.001,64,32,142,lr=0.001_z=64_bs=32,"LR=0.001, z=64, batch size=32",39,133.11,2026-06-15 12:12:51.604,.,training (4).log,65,"LR=0.001, z=64, batch size=32"
lr=0.001_z=64_bs=32_seed=142,lr=0.001_z=64_bs=32_seed=142,0.001,0.001,64,32,142,lr=0.001_z=64_bs=32,"LR=0.001, z=64, batch size=32",40,126.05,2026-06-15 12:13:25.208,.,training (4).log,67,"LR=0.001, z=64, batch size=32"
lr=0.001_z=64_bs=32_seed=142,lr=0.001_z=64_bs=32_seed=142,0.001,0.001,64,32,142,lr=0.001_z=64_bs=32,"LR=0.001, z=64, batch size=32",41,131.66,2026-06-15 12:13:58.600,.,training (4).log,68,"LR=0.001, z=64, batch size=32"
lr=0.001_z=64_bs=32_seed=142,lr=0.001_z=64_bs=32_seed=142,0.001,0.001,64,32,142,lr=0.001_z=64_bs=32,"LR=0.001, z=64, batch size=32",42,128.92,2026-06-15 12:14:31.290,.,training (4).log,69,"LR=0.001, z=64, batch size=32"
lr=0.001_z=64_bs=32_seed=142,lr=0.001_z=64_bs=32_seed=142,0.001,0.001,64,32,142,lr=0.001_z=64_bs=32,"LR=0.001, z=64, batch size=32",43,130.18,2026-06-15 12:15:03.165,.,training (4).log,70,"LR=0.001, z=64, batch size=32"
lr=0.001_z=64_bs=32_seed=142,lr=0.001_z=64_bs=32_seed=142,0.001,0.001,64,32,142,lr=0.001_z=64_bs=32,"LR=0.001, z=64, batch size=32",44,133.94,2026-06-15 12:15:35.993,.,training (4).log,71,"LR=0.001, z=64, batch size=32"
lr=0.001_z=64_bs=32_seed=142,lr=0.001_z=64_bs=32_seed=142,0.001,0.001,64,32,142,lr=0.001_z=64_bs=32,"LR=0.001, z=64, batch size=32",45,129.39,2026-06-15 12:16:08.276,.,training (4).log,72,"LR=0.001, z=64, batch size=32"
lr=0.001_z=64_bs=32_seed=142,lr=0.001_z=64_bs=32_seed=142,0.001,0.001,64,32,142,lr=0.001_z=64_bs=32,"LR=0.001, z=64, batch size=32",46,130.42,2026-06-15 12:16:41.087,.,training (4).log,73,"LR=0.001, z=64, batch size=32"
lr=0.001_z=64_bs=32_seed=142,lr=0.001_z=64_bs=32_seed=142,0.001,0.001,64,32,142,lr=0.001_z=64_bs=32,"LR=0.001, z=64, batch size=32",47,127.67,2026-06-15 12:17:13.350,.,training (4).log,74,"LR=0.001, z=64, batch size=32"
lr=0.001_z=64_bs=32_seed=142,lr=0.001_z=64_bs=32_seed=142,0.001,0.001,64,32,142,lr=0.001_z=64_bs=32,"LR=0.001, z=64, batch size=32",48,126.97,2026-06-15 12:17:46.511,.,training (4).log,75,"LR=0.001, z=64, batch size=32"
lr=0.001_z=64_bs=32_seed=142,lr=0.001_z=64_bs=32_seed=142,0.001,0.001,64,32,142,lr=0.001_z=64_bs=32,"LR=0.001, z=64, batch size=32",49,118.72,2026-06-15 12:18:20.405,.,training (4).log,77,"LR=0.001, z=64, batch size=32"
lr=0.001_z=64_bs=32_seed=142,lr=0.001_z=64_bs=32_seed=142,0.001,0.001,64,32,142,lr=0.001_z=64_bs=32,"LR=0.001, z=64, batch size=32",50,127.57,2026-06-15 12:18:54.247,.,training (4).log,78,"LR=0.001, z=64, batch size=32"
lr=0.001_z=64_bs=32_seed=142,lr=0.001_z=64_bs=32_seed=142,0.001,0.001,64,32,142,lr=0.001_z=64_bs=32,"LR=0.001, z=64, batch size=32",51,129.8,2026-06-15 12:19:27.718,.,training (4).log,79,"LR=0.001, z=64, batch size=32"
lr=0.001_z=64_bs=32_seed=142,lr=0.001_z=64_bs=32_seed=142,0.001,0.001,64,32,142,lr=0.001_z=64_bs=32,"LR=0.001, z=64, batch size=32",52,131.38,2026-06-15 12:20:01.760,.,training (4).log,80,"LR=0.001, z=64, batch size=32"
lr=0.001_z=64_bs=32_seed=142,lr=0.001_z=64_bs=32_seed=142,0.001,0.001,64,32,142,lr=0.001_z=64_bs=32,"LR=0.001, z=64, batch size=32",53,130.85,2026-06-15 12:20:35.781,.,training (4).log,81,"LR=0.001, z=64, batch size=32"
lr=0.001_z=64_bs=32_seed=142,lr=0.001_z=64_bs=32_seed=142,0.001,0.001,64,32,142,lr=0.001_z=64_bs=32,"LR=0.001, z=64, batch size=32",54,135.61,2026-06-15 12:21:09.691,.,training (4).log,82,"LR=0.001, z=64, batch size=32"
lr=0.001_z=64_bs=32_seed=142,lr=0.001_z=64_bs=32_seed=142,0.001,0.001,64,32,142,lr=0.001_z=64_bs=32,"LR=0.001, z=64, batch size=32",55,131.09,2026-06-15 12:21:42.949,.,training (4).log,83,"LR=0.001, z=64, batch size=32"
lr=0.001_z=64_bs=32_seed=142,lr=0.001_z=64_bs=32_seed=142,0.001,0.001,64,32,142,lr=0.001_z=64_bs=32,"LR=0.001, z=64, batch size=32",56,132.71,2026-06-15 12:22:16.698,.,training (4).log,84,"LR=0.001, z=64, batch size=32"
lr=0.001_z=64_bs=32_seed=142,lr=0.001_z=64_bs=32_seed=142,0.001,0.001,64,32,142,lr=0.001_z=64_bs=32,"LR=0.001, z=64, batch size=32",57,133.01,2026-06-15 12:22:49.871,.,training (4).log,85,"LR=0.001, z=64, batch size=32"
lr=0.001_z=64_bs=32_seed=142,lr=0.001_z=64_bs=32_seed=142,0.001,0.001,64,32,142,lr=0.001_z=64_bs=32,"LR=0.001, z=64, batch size=32",58,121.38,2026-06-15 12:23:48.154,.,training (4).log,86,"LR=0.001, z=64, batch size=32"
lr=0.001_z=64_bs=32_seed=142,lr=0.001_z=64_bs=32_seed=142,0.001,0.001,64,32,142,lr=0.001_z=64_bs=32,"LR=0.001, z=64, batch size=32",59,116.28,2026-06-15 12:24:21.683,.,training (4).log,88,"LR=0.001, z=64, batch size=32"
lr=0.001_z=64_bs=32_seed=142,lr=0.001_z=64_bs=32_seed=142,0.001,0.001,64,32,142,lr=0.001_z=64_bs=32,"LR=0.001, z=64, batch size=32",60,128.64,2026-06-15 12:25:25.458,.,training (4).log,89,"LR=0.001, z=64, batch size=32"
lr=0.001_z=64_bs=32_seed=142,lr=0.001_z=64_bs=32_seed=142,0.001,0.001,64,32,142,lr=0.001_z=64_bs=32,"LR=0.001, z=64, batch size=32",61,128.94,2026-06-15 12:25:58.552,.,training (4).log,90,"LR=0.001, z=64, batch size=32"
lr=0.001_z=64_bs=32_seed=142,lr=0.001_z=64_bs=32_seed=142,0.001,0.001,64,32,142,lr=0.001_z=64_bs=32,"LR=0.001, z=64, batch size=32",62,131.42,2026-06-15 12:26:32.179,.,training (4).log,91,"LR=0.001, z=64, batch size=32"
lr=0.001_z=64_bs=32_seed=142,lr=0.001_z=64_bs=32_seed=142,0.001,0.001,64,32,142,lr=0.001_z=64_bs=32,"LR=0.001, z=64, batch size=32",63,124.85,2026-06-15 12:27:05.969,.,training (4).log,92,"LR=0.001, z=64, batch size=32"
lr=0.001_z=64_bs=32_seed=142,lr=0.001_z=64_bs=32_seed=142,0.001,0.001,64,32,142,lr=0.001_z=64_bs=32,"LR=0.001, z=64, batch size=32",64,132.97,2026-06-15 12:27:39.217,.,training (4).log,93,"LR=0.001, z=64, batch size=32"
lr=0.001_z=64_bs=32_seed=142,lr=0.001_z=64_bs=32_seed=142,0.001,0.001,64,32,142,lr=0.001_z=64_bs=32,"LR=0.001, z=64, batch size=32",65,117.46,2026-06-15 12:28:12.981,.,training (4).log,94,"LR=0.001, z=64, batch size=32"
lr=0.001_z=64_bs=32_seed=142,lr=0.001_z=64_bs=32_seed=142,0.001,0.001,64,32,142,lr=0.001_z=64_bs=32,"LR=0.001, z=64, batch size=32",66,122.24,2026-06-15 12:28:46.068,.,training (4).log,95,"LR=0.001, z=64, batch size=32"
lr=0.001_z=64_bs=32_seed=142,lr=0.001_z=64_bs=32_seed=142,0.001,0.001,64,32,142,lr=0.001_z=64_bs=32,"LR=0.001, z=64, batch size=32",67,126.84,2026-06-15 12:29:19.453,.,training (4).log,96,"LR=0.001, z=64, batch size=32"
lr=0.001_z=64_bs=32_seed=142,lr=0.001_z=64_bs=32_seed=142,0.001,0.001,64,32,142,lr=0.001_z=64_bs=32,"LR=0.001, z=64, batch size=32",68,136.51,2026-06-15 12:30:01.476,.,training (4).log,97,"LR=0.001, z=64, batch size=32"
lr=0.001_z=64_bs=32_seed=142,lr=0.001_z=64_bs=32_seed=142,0.001,0.001,64,32,142,lr=0.001_z=64_bs=32,"LR=0.001, z=64, batch size=32",69,137.05,2026-06-15 12:30:34.855,.,training (4).log,98,"LR=0.001, z=64, batch size=32"
lr=0.001_z=64_bs=32_seed=142,lr=0.001_z=64_bs=32_seed=142,0.001,0.001,64,32,142,lr=0.001_z=64_bs=32,"LR=0.001, z=64, batch size=32",70,138.7,2026-06-15 12:31:07.232,.,training (4).log,99,"LR=0.001, z=64, batch size=32"
lr=0.001_z=64_bs=32_seed=142,lr=0.001_z=64_bs=32_seed=142,0.001,0.001,64,32,142,lr=0.001_z=64_bs=32,"LR=0.001, z=64, batch size=32",71,128.6,2026-06-15 12:31:39.386,.,training (4).log,100,"LR=0.001, z=64, batch size=32"
lr=0.001_z=64_bs=32_seed=142,lr=0.001_z=64_bs=32_seed=142,0.001,0.001,64,32,142,lr=0.001_z=64_bs=32,"LR=0.001, z=64, batch size=32",72,126.59,2026-06-15 12:32:41.724,.,training (4).log,101,"LR=0.001, z=64, batch size=32"
lr=0.001_z=64_bs=32_seed=142,lr=0.001_z=64_bs=32_seed=142,0.001,0.001,64,32,142,lr=0.001_z=64_bs=32,"LR=0.001, z=64, batch size=32",73,141.14,2026-06-15 12:33:13.666,.,training (4).log,102,"LR=0.001, z=64, batch size=32"
lr=0.001_z=64_bs=32_seed=142,lr=0.001_z=64_bs=32_seed=142,0.001,0.001,64,32,142,lr=0.001_z=64_bs=32,"LR=0.001, z=64, batch size=32",74,125.91,2026-06-15 12:34:16.027,.,training (4).log,103,"LR=0.001, z=64, batch size=32"
lr=0.001_z=64_bs=32_seed=142,lr=0.001_z=64_bs=32_seed=142,0.001,0.001,64,32,142,lr=0.001_z=64_bs=32,"LR=0.001, z=64, batch size=32",75,126.68,2026-06-15 12:34:48.611,.,training (4).log,104,"LR=0.001, z=64, batch size=32"
lr=0.001_z=64_bs=32_seed=142,lr=0.001_z=64_bs=32_seed=142,0.001,0.001,64,32,142,lr=0.001_z=64_bs=32,"LR=0.001, z=64, batch size=32",76,125.76,2026-06-15 12:35:51.426,.,training (4).log,105,"LR=0.001, z=64, batch size=32"
lr=0.001_z=64_bs=32_seed=142,lr=0.001_z=64_bs=32_seed=142,0.001,0.001,64,32,142,lr=0.001_z=64_bs=32,"LR=0.001, z=64, batch size=32",77,130.88,2026-06-15 12:36:24.445,.,training (4).log,106,"LR=0.001, z=64, batch size=32"
lr=0.001_z=64_bs=32_seed=142,lr=0.001_z=64_bs=32_seed=142,0.001,0.001,64,32,142,lr=0.001_z=64_bs=32,"LR=0.001, z=64, batch size=32",78,124.39,2026-06-15 12:37:26.707,.,training (4).log,107,"LR=0.001, z=64, batch size=32"
lr=0.001_z=64_bs=32_seed=142,lr=0.001_z=64_bs=32_seed=142,0.001,0.001,64,32,142,lr=0.001_z=64_bs=32,"LR=0.001, z=64, batch size=32",79,132.18,2026-06-15 12:37:59.552,.,training (4).log,108,"LR=0.001, z=64, batch size=32"
lr=0.001_z=64_bs=32_seed=142,lr=0.001_z=64_bs=32_seed=142,0.001,0.001,64,32,142,lr=0.001_z=64_bs=32,"LR=0.001, z=64, batch size=32",80,118.1,2026-06-15 12:39:02.112,.,training (4).log,109,"LR=0.001, z=64, batch size=32"
lr=0.001_z=64_bs=32_seed=142,lr=0.001_z=64_bs=32_seed=142,0.001,0.001,64,32,142,lr=0.001_z=64_bs=32,"LR=0.001, z=64, batch size=32",81,136.54,2026-06-15 12:39:34.653,.,training (4).log,110,"LR=0.001, z=64, batch size=32"
lr=0.001_z=64_bs=32_seed=142,lr=0.001_z=64_bs=32_seed=142,0.001,0.001,64,32,142,lr=0.001_z=64_bs=32,"LR=0.001, z=64, batch size=32",82,126.64,2026-06-15 12:40:36.678,.,training (4).log,111,"LR=0.001, z=64, batch size=32"
lr=0.001_z=64_bs=32_seed=142,lr=0.001_z=64_bs=32_seed=142,0.001,0.001,64,32,142,lr=0.001_z=64_bs=32,"LR=0.001, z=64, batch size=32",83,124.69,2026-06-15 12:41:09.849,.,training (4).log,112,"LR=0.001, z=64, batch size=32"
lr=0.001_z=64_bs=32_seed=142,lr=0.001_z=64_bs=32_seed=142,0.001,0.001,64,32,142,lr=0.001_z=64_bs=32,"LR=0.001, z=64, batch size=32",84,126.41,2026-06-15 12:42:12.749,.,training (4).log,113,"LR=0.001, z=64, batch size=32"
lr=0.001_z=64_bs=32_seed=142,lr=0.001_z=64_bs=32_seed=142,0.001,0.001,64,32,142,lr=0.001_z=64_bs=32,"LR=0.001, z=64, batch size=32",85,130.45,2026-06-15 12:42:45.677,.,training (4).log,114,"LR=0.001, z=64, batch size=32"
lr=0.001_z=64_bs=32_seed=142,lr=0.001_z=64_bs=32_seed=142,0.001,0.001,64,32,142,lr=0.001_z=64_bs=32,"LR=0.001, z=64, batch size=32",86,130.54,2026-06-15 12:43:48.312,.,training (4).log,115,"LR=0.001, z=64, batch size=32"
lr=0.001_z=64_bs=32_seed=142,lr=0.001_z=64_bs=32_seed=142,0.001,0.001,64,32,142,lr=0.001_z=64_bs=32,"LR=0.001, z=64, batch size=32",87,127.16,2026-06-15 12:44:21.515,.,training (4).log,116,"LR=0.001, z=64, batch size=32"
lr=0.001_z=64_bs=32_seed=142,lr=0.001_z=64_bs=32_seed=142,0.001,0.001,64,32,142,lr=0.001_z=64_bs=32,"LR=0.001, z=64, batch size=32",88,120.05,2026-06-15 12:45:23.779,.,training (4).log,117,"LR=0.001, z=64, batch size=32"
lr=0.001_z=64_bs=32_seed=142,lr=0.001_z=64_bs=32_seed=142,0.001,0.001,64,32,142,lr=0.001_z=64_bs=32,"LR=0.001, z=64, batch size=32",89,135.87,2026-06-15 12:45:56.397,.,training (4).log,118,"LR=0.001, z=64, batch size=32"
lr=0.001_z=64_bs=32_seed=142,lr=0.001_z=64_bs=32_seed=142,0.001,0.001,64,32,142,lr=0.001_z=64_bs=32,"LR=0.001, z=64, batch size=32",90,120.12,2026-06-15 12:46:58.851,.,training (4).log,119,"LR=0.001, z=64, batch size=32"
lr=0.001_z=64_bs=32_seed=142,lr=0.001_z=64_bs=32_seed=142,0.001,0.001,64,32,142,lr=0.001_z=64_bs=32,"LR=0.001, z=64, batch size=32",91,136.43,2026-06-15 12:47:31.826,.,training (4).log,120,"LR=0.001, z=64, batch size=32"
lr=0.001_z=64_bs=32_seed=142,lr=0.001_z=64_bs=32_seed=142,0.001,0.001,64,32,142,lr=0.001_z=64_bs=32,"LR=0.001, z=64, batch size=32",92,127.89,2026-06-15 12:48:34.500,.,training (4).log,121,"LR=0.001, z=64, batch size=32"
lr=0.001_z=64_bs=32_seed=142,lr=0.001_z=64_bs=32_seed=142,0.001,0.001,64,32,142,lr=0.001_z=64_bs=32,"LR=0.001, z=64, batch size=32",93,127.79,2026-06-15 12:49:06.678,.,training (4).log,122,"LR=0.001, z=64, batch size=32"
lr=0.001_z=64_bs=32_seed=142,lr=0.001_z=64_bs=32_seed=142,0.001,0.001,64,32,142,lr=0.001_z=64_bs=32,"LR=0.001, z=64, batch size=32",94,131.82,2026-06-15 12:50:09.537,.,training (4).log,123,"LR=0.001, z=64, batch size=32"
lr=0.001_z=64_bs=32_seed=142,lr=0.001_z=64_bs=32_seed=142,0.001,0.001,64,32,142,lr=0.001_z=64_bs=32,"LR=0.001, z=64, batch size=32",95,120.47,2026-06-15 12:50:42.570,.,training (4).log,124,"LR=0.001, z=64, batch size=32"
lr=0.001_z=64_bs=32_seed=142,lr=0.001_z=64_bs=32_seed=142,0.001,0.001,64,32,142,lr=0.001_z=64_bs=32,"LR=0.001, z=64, batch size=32",96,129.95,2026-06-15 12:51:45.351,.,training (4).log,125,"LR=0.001, z=64, batch size=32"
lr=0.001_z=64_bs=32_seed=142,lr=0.001_z=64_bs=32_seed=142,0.001,0.001,64,32,142,lr=0.001_z=64_bs=32,"LR=0.001, z=64, batch size=32",97,125.45,2026-06-15 12:52:18.557,.,training (4).log,126,"LR=0.001, z=64, batch size=32"
lr=0.001_z=64_bs=32_seed=142,lr=0.001_z=64_bs=32_seed=142,0.001,0.001,64,32,142,lr=0.001_z=64_bs=32,"LR=0.001, z=64, batch size=32",98,132.2,2026-06-15 12:53:20.769,.,training (4).log,127,"LR=0.001, z=64, batch size=32"
lr=0.001_z=64_bs=32_seed=142,lr=0.001_z=64_bs=32_seed=142,0.001,0.001,64,32,142,lr=0.001_z=64_bs=32,"LR=0.001, z=64, batch size=32",99,112.78,2026-06-15 12:53:54.079,.,training (4).log,129,"LR=0.001, z=64, batch size=32"
lr=0.001_z=64_bs=32_seed=142,lr=0.001_z=64_bs=32_seed=142,0.001,0.001,64,32,142,lr=0.001_z=64_bs=32,"LR=0.001, z=64, batch size=32",100,124.48,2026-06-15 12:54:57.572,.,training (4).log,130,"LR=0.001, z=64, batch size=32"
lr=0.001_z=64_bs=32_seed=142,lr=0.001_z=64_bs=32_seed=142,0.001,0.001,64,32,142,lr=0.001_z=64_bs=32,"LR=0.001, z=64, batch size=32",101,121.72,2026-06-15 12:55:30.771,.,training (4).log,131,"LR=0.001, z=64, batch size=32"
lr=0.001_z=64_bs=32_seed=142,lr=0.001_z=64_bs=32_seed=142,0.001,0.001,64,32,142,lr=0.001_z=64_bs=32,"LR=0.001, z=64, batch size=32",102,137.06,2026-06-15 12:56:33.506,.,training (4).log,132,"LR=0.001, z=64, batch size=32"
lr=0.001_z=64_bs=32_seed=142,lr=0.001_z=64_bs=32_seed=142,0.001,0.001,64,32,142,lr=0.001_z=64_bs=32,"LR=0.001, z=64, batch size=32",103,112.06,2026-06-15 12:57:06.486,.,training (4).log,134,"LR=0.001, z=64, batch size=32"
lr=0.001_z=64_bs=32_seed=142,lr=0.001_z=64_bs=32_seed=142,0.001,0.001,64,32,142,lr=0.001_z=64_bs=32,"LR=0.001, z=64, batch size=32",104,116.89,2026-06-15 12:58:09.014,.,training (4).log,135,"LR=0.001, z=64, batch size=32"
lr=0.001_z=64_bs=32_seed=142,lr=0.001_z=64_bs=32_seed=142,0.001,0.001,64,32,142,lr=0.001_z=64_bs=32,"LR=0.001, z=64, batch size=32",105,109.76,2026-06-15 12:58:42.944,.,training (4).log,137,"LR=0.001, z=64, batch size=32"
lr=0.001_z=64_bs=32_seed=142,lr=0.001_z=64_bs=32_seed=142,0.001,0.001,64,32,142,lr=0.001_z=64_bs=32,"LR=0.001, z=64, batch size=32",106,131.29,2026-06-15 12:59:45.997,.,training (4).log,138,"LR=0.001, z=64, batch size=32"
lr=0.001_z=64_bs=32_seed=142,lr=0.001_z=64_bs=32_seed=142,0.001,0.001,64,32,142,lr=0.001_z=64_bs=32,"LR=0.001, z=64, batch size=32",107,125.77,2026-06-15 13:00:19.925,.,training (4).log,139,"LR=0.001, z=64, batch size=32"
lr=0.001_z=64_bs=32_seed=142,lr=0.001_z=64_bs=32_seed=142,0.001,0.001,64,32,142,lr=0.001_z=64_bs=32,"LR=0.001, z=64, batch size=32",108,124.52,2026-06-15 13:01:22.367,.,training (4).log,140,"LR=0.001, z=64, batch size=32"
lr=0.001_z=64_bs=32_seed=142,lr=0.001_z=64_bs=32_seed=142,0.001,0.001,64,32,142,lr=0.001_z=64_bs=32,"LR=0.001, z=64, batch size=32",109,136.16,2026-06-15 13:01:55.821,.,training (4).log,141,"LR=0.001, z=64, batch size=32"
lr=0.001_z=64_bs=32_seed=142,lr=0.001_z=64_bs=32_seed=142,0.001,0.001,64,32,142,lr=0.001_z=64_bs=32,"LR=0.001, z=64, batch size=32",110,114.79,2026-06-15 13:02:58.962,.,training (4).log,142,"LR=0.001, z=64, batch size=32"
lr=0.001_z=64_bs=32_seed=142,lr=0.001_z=64_bs=32_seed=142,0.001,0.001,64,32,142,lr=0.001_z=64_bs=32,"LR=0.001, z=64, batch size=32",111,115.63,2026-06-15 13:03:32.624,.,training (4).log,143,"LR=0.001, z=64, batch size=32"
lr=0.001_z=64_bs=32_seed=142,lr=0.001_z=64_bs=32_seed=142,0.001,0.001,64,32,142,lr=0.001_z=64_bs=32,"LR=0.001, z=64, batch size=32",112,129.24,2026-06-15 13:04:35.999,.,training (4).log,144,"LR=0.001, z=64, batch size=32"
lr=0.001_z=64_bs=32_seed=142,lr=0.001_z=64_bs=32_seed=142,0.001,0.001,64,32,142,lr=0.001_z=64_bs=32,"LR=0.001, z=64, batch size=32",113,122.17,2026-06-15 13:05:09.439,.,training (4).log,145,"LR=0.001, z=64, batch size=32"
lr=0.001_z=64_bs=32_seed=142,lr=0.001_z=64_bs=32_seed=142,0.001,0.001,64,32,142,lr=0.001_z=64_bs=32,"LR=0.001, z=64, batch size=32",114,128.0,2026-06-15 13:06:12.798,.,training (4).log,146,"LR=0.001, z=64, batch size=32"
lr=0.001_z=64_bs=32_seed=142,lr=0.001_z=64_bs=32_seed=142,0.001,0.001,64,32,142,lr=0.001_z=64_bs=32,"LR=0.001, z=64, batch size=32",115,135.46,2026-06-15 13:06:46.595,.,training (4).log,147,"LR=0.001, z=64, batch size=32"
lr=0.001_z=64_bs=32_seed=142,lr=0.001_z=64_bs=32_seed=142,0.001,0.001,64,32,142,lr=0.001_z=64_bs=32,"LR=0.001, z=64, batch size=32",116,119.25,2026-06-15 13:07:49.859,.,training (4).log,148,"LR=0.001, z=64, batch size=32"
lr=0.001_z=64_bs=32_seed=142,lr=0.001_z=64_bs=32_seed=142,0.001,0.001,64,32,142,lr=0.001_z=64_bs=32,"LR=0.001, z=64, batch size=32",117,127.84,2026-06-15 13:08:23.800,.,training (4).log,149,"LR=0.001, z=64, batch size=32"
lr=0.001_z=64_bs=32_seed=142,lr=0.001_z=64_bs=32_seed=142,0.001,0.001,64,32,142,lr=0.001_z=64_bs=32,"LR=0.001, z=64, batch size=32",118,125.83,2026-06-15 13:09:27.625,.,training (4).log,150,"LR=0.001, z=64, batch size=32"
lr=0.001_z=64_bs=32_seed=142,lr=0.001_z=64_bs=32_seed=142,0.001,0.001,64,32,142,lr=0.001_z=64_bs=32,"LR=0.001, z=64, batch size=32",119,130.34,2026-06-15 13:10:01.889,.,training (4).log,151,"LR=0.001, z=64, batch size=32"
lr=0.001_z=64_bs=32_seed=142,lr=0.001_z=64_bs=32_seed=142,0.001,0.001,64,32,142,lr=0.001_z=64_bs=32,"LR=0.001, z=64, batch size=32",120,115.25,2026-06-15 13:11:05.707,.,training (4).log,152,"LR=0.001, z=64, batch size=32"
lr=0.001_z=64_bs=32_seed=142,lr=0.001_z=64_bs=32_seed=142,0.001,0.001,64,32,142,lr=0.001_z=64_bs=32,"LR=0.001, z=64, batch size=32",121,139.03,2026-06-15 13:11:39.359,.,training (4).log,153,"LR=0.001, z=64, batch size=32"
lr=0.001_z=64_bs=32_seed=142,lr=0.001_z=64_bs=32_seed=142,0.001,0.001,64,32,142,lr=0.001_z=64_bs=32,"LR=0.001, z=64, batch size=32",122,122.59,2026-06-15 13:12:43.732,.,training (4).log,154,"LR=0.001, z=64, batch size=32"
lr=0.001_z=64_bs=32_seed=142,lr=0.001_z=64_bs=32_seed=142,0.001,0.001,64,32,142,lr=0.001_z=64_bs=32,"LR=0.001, z=64, batch size=32",123,119.03,2026-06-15 13:13:17.643,.,training (4).log,155,"LR=0.001, z=64, batch size=32"
lr=0.001_z=64_bs=32_seed=142,lr=0.001_z=64_bs=32_seed=142,0.001,0.001,64,32,142,lr=0.001_z=64_bs=32,"LR=0.001, z=64, batch size=32",124,130.23,2026-06-15 13:14:21.062,.,training (4).log,156,"LR=0.001, z=64, batch size=32"
lr=0.001_z=64_bs=32_seed=142,lr=0.001_z=64_bs=32_seed=142,0.001,0.001,64,32,142,lr=0.001_z=64_bs=32,"LR=0.001, z=64, batch size=32",125,121.71,2026-06-15 13:14:54.280,.,training (4).log,157,"LR=0.001, z=64, batch size=32"
lr=0.001_z=64_bs=32_seed=142,lr=0.001_z=64_bs=32_seed=142,0.001,0.001,64,32,142,lr=0.001_z=64_bs=32,"LR=0.001, z=64, batch size=32",126,112.9,2026-06-15 13:15:57.304,.,training (4).log,158,"LR=0.001, z=64, batch size=32"
lr=0.001_z=64_bs=32_seed=142,lr=0.001_z=64_bs=32_seed=142,0.001,0.001,64,32,142,lr=0.001_z=64_bs=32,"LR=0.001, z=64, batch size=32",127,120.26,2026-06-15 13:16:31.038,.,training (4).log,159,"LR=0.001, z=64, batch size=32"
lr=0.001_z=64_bs=32_seed=142,lr=0.001_z=64_bs=32_seed=142,0.001,0.001,64,32,142,lr=0.001_z=64_bs=32,"LR=0.001, z=64, batch size=32",128,126.23,2026-06-15 13:17:34.445,.,training (4).log,160,"LR=0.001, z=64, batch size=32"
lr=0.001_z=64_bs=32_seed=142,lr=0.001_z=64_bs=32_seed=142,0.001,0.001,64,32,142,lr=0.001_z=64_bs=32,"LR=0.001, z=64, batch size=32",129,107.81,2026-06-15 13:18:08.620,.,training (4).log,162,"LR=0.001, z=64, batch size=32"
lr=0.001_z=64_bs=32_seed=142,lr=0.001_z=64_bs=32_seed=142,0.001,0.001,64,32,142,lr=0.001_z=64_bs=32,"LR=0.001, z=64, batch size=32",130,116.86,2026-06-15 13:19:12.587,.,training (4).log,163,"LR=0.001, z=64, batch size=32"
lr=0.001_z=64_bs=32_seed=142,lr=0.001_z=64_bs=32_seed=142,0.001,0.001,64,32,142,lr=0.001_z=64_bs=32,"LR=0.001, z=64, batch size=32",131,121.07,2026-06-15 13:19:46.265,.,training (4).log,164,"LR=0.001, z=64, batch size=32"
lr=0.001_z=64_bs=32_seed=142,lr=0.001_z=64_bs=32_seed=142,0.001,0.001,64,32,142,lr=0.001_z=64_bs=32,"LR=0.001, z=64, batch size=32",132,129.62,2026-06-15 13:20:50.272,.,training (4).log,165,"LR=0.001, z=64, batch size=32"
lr=0.001_z=64_bs=32_seed=142,lr=0.001_z=64_bs=32_seed=142,0.001,0.001,64,32,142,lr=0.001_z=64_bs=32,"LR=0.001, z=64, batch size=32",133,134.96,2026-06-15 13:21:23.921,.,training (4).log,166,"LR=0.001, z=64, batch size=32"
lr=0.001_z=64_bs=32_seed=142,lr=0.001_z=64_bs=32_seed=142,0.001,0.001,64,32,142,lr=0.001_z=64_bs=32,"LR=0.001, z=64, batch size=32",134,126.26,2026-06-15 13:22:27.220,.,training (4).log,167,"LR=0.001, z=64, batch size=32"
lr=0.001_z=64_bs=32_seed=142,lr=0.001_z=64_bs=32_seed=142,0.001,0.001,64,32,142,lr=0.001_z=64_bs=32,"LR=0.001, z=64, batch size=32",135,131.12,2026-06-15 13:23:00.813,.,training (4).log,168,"LR=0.001, z=64, batch size=32"
lr=0.001_z=64_bs=32_seed=142,lr=0.001_z=64_bs=32_seed=142,0.001,0.001,64,32,142,lr=0.001_z=64_bs=32,"LR=0.001, z=64, batch size=32",136,122.57,2026-06-15 13:24:03.920,.,training (4).log,169,"LR=0.001, z=64, batch size=32"
lr=0.001_z=64_bs=32_seed=142,lr=0.001_z=64_bs=32_seed=142,0.001,0.001,64,32,142,lr=0.001_z=64_bs=32,"LR=0.001, z=64, batch size=32",137,131.93,2026-06-15 13:24:37.092,.,training (4).log,170,"LR=0.001, z=64, batch size=32"
lr=0.001_z=64_bs=32_seed=142,lr=0.001_z=64_bs=32_seed=142,0.001,0.001,64,32,142,lr=0.001_z=64_bs=32,"LR=0.001, z=64, batch size=32",138,109.97,2026-06-15 13:25:40.155,.,training (4).log,171,"LR=0.001, z=64, batch size=32"
lr=0.001_z=64_bs=32_seed=142,lr=0.001_z=64_bs=32_seed=142,0.001,0.001,64,32,142,lr=0.001_z=64_bs=32,"LR=0.001, z=64, batch size=32",139,117.29,2026-06-15 13:26:14.181,.,training (4).log,172,"LR=0.001, z=64, batch size=32"
lr=0.001_z=64_bs=32_seed=142,lr=0.001_z=64_bs=32_seed=142,0.001,0.001,64,32,142,lr=0.001_z=64_bs=32,"LR=0.001, z=64, batch size=32",140,121.73,2026-06-15 13:27:17.364,.,training (4).log,173,"LR=0.001, z=64, batch size=32"
lr=0.001_z=64_bs=32_seed=142,lr=0.001_z=64_bs=32_seed=142,0.001,0.001,64,32,142,lr=0.001_z=64_bs=32,"LR=0.001, z=64, batch size=32",141,116.78,2026-06-15 13:27:51.109,.,training (4).log,174,"LR=0.001, z=64, batch size=32"
lr=0.001_z=64_bs=32_seed=142,lr=0.001_z=64_bs=32_seed=142,0.001,0.001,64,32,142,lr=0.001_z=64_bs=32,"LR=0.001, z=64, batch size=32",142,128.43,2026-06-15 13:28:55.187,.,training (4).log,175,"LR=0.001, z=64, batch size=32"
lr=0.001_z=64_bs=32_seed=142,lr=0.001_z=64_bs=32_seed=142,0.001,0.001,64,32,142,lr=0.001_z=64_bs=32,"LR=0.001, z=64, batch size=32",143,121.56,2026-06-15 13:29:28.375,.,training (4).log,176,"LR=0.001, z=64, batch size=32"
lr=0.001_z=64_bs=32_seed=142,lr=0.001_z=64_bs=32_seed=142,0.001,0.001,64,32,142,lr=0.001_z=64_bs=32,"LR=0.001, z=64, batch size=32",144,118.17,2026-06-15 13:30:31.963,.,training (4).log,177,"LR=0.001, z=64, batch size=32"
lr=0.001_z=64_bs=32_seed=142,lr=0.001_z=64_bs=32_seed=142,0.001,0.001,64,32,142,lr=0.001_z=64_bs=32,"LR=0.001, z=64, batch size=32",145,133.32,2026-06-15 13:31:05.974,.,training (4).log,178,"LR=0.001, z=64, batch size=32"
lr=0.001_z=64_bs=32_seed=142,lr=0.001_z=64_bs=32_seed=142,0.001,0.001,64,32,142,lr=0.001_z=64_bs=32,"LR=0.001, z=64, batch size=32",146,113.76,2026-06-15 13:32:09.340,.,training (4).log,179,"LR=0.001, z=64, batch size=32"
lr=0.001_z=64_bs=32_seed=142,lr=0.001_z=64_bs=32_seed=142,0.001,0.001,64,32,142,lr=0.001_z=64_bs=32,"LR=0.001, z=64, batch size=32",147,125.42,2026-06-15 13:32:43.949,.,training (4).log,180,"LR=0.001, z=64, batch size=32"
lr=0.001_z=64_bs=32_seed=142,lr=0.001_z=64_bs=32_seed=142,0.001,0.001,64,32,142,lr=0.001_z=64_bs=32,"LR=0.001, z=64, batch size=32",148,110.52,2026-06-15 13:33:48.363,.,training (4).log,181,"LR=0.001, z=64, batch size=32"
lr=0.001_z=64_bs=32_seed=142,lr=0.001_z=64_bs=32_seed=142,0.001,0.001,64,32,142,lr=0.001_z=64_bs=32,"LR=0.001, z=64, batch size=32",149,115.55,2026-06-15 13:34:22.888,.,training (4).log,182,"LR=0.001, z=64, batch size=32"
lr=0.001_z=64_bs=32_seed=142,lr=0.001_z=64_bs=32_seed=142,0.001,0.001,64,32,142,lr=0.001_z=64_bs=32,"LR=0.001, z=64, batch size=32",150,116.31,2026-06-15 13:35:26.774,.,training (4).log,183,"LR=0.001, z=64, batch size=32"
lr=0.001_z=64_bs=32_seed=142,lr=0.001_z=64_bs=32_seed=142,0.001,0.001,64,32,142,lr=0.001_z=64_bs=32,"LR=0.001, z=64, batch size=32",151,125.78,2026-06-15 13:36:01.064,.,training (4).log,184,"LR=0.001, z=64, batch size=32"
lr=0.001_z=64_bs=32_seed=142,lr=0.001_z=64_bs=32_seed=142,0.001,0.001,64,32,142,lr=0.001_z=64_bs=32,"LR=0.001, z=64, batch size=32",152,120.96,2026-06-15 13:37:05.120,.,training (4).log,185,"LR=0.001, z=64, batch size=32"
lr=0.001_z=64_bs=32_seed=142,lr=0.001_z=64_bs=32_seed=142,0.001,0.001,64,32,142,lr=0.001_z=64_bs=32,"LR=0.001, z=64, batch size=32",153,107.37,2026-06-15 13:37:39.130,.,training (4).log,187,"LR=0.001, z=64, batch size=32"
lr=0.001_z=64_bs=32_seed=142,lr=0.001_z=64_bs=32_seed=142,0.001,0.001,64,32,142,lr=0.001_z=64_bs=32,"LR=0.001, z=64, batch size=32",154,117.57,2026-06-15 13:38:42.830,.,training (4).log,188,"LR=0.001, z=64, batch size=32"
lr=0.001_z=64_bs=32_seed=142,lr=0.001_z=64_bs=32_seed=142,0.001,0.001,64,32,142,lr=0.001_z=64_bs=32,"LR=0.001, z=64, batch size=32",155,113.91,2026-06-15 13:39:16.802,.,training (4).log,189,"LR=0.001, z=64, batch size=32"
lr=0.001_z=64_bs=32_seed=142,lr=0.001_z=64_bs=32_seed=142,0.001,0.001,64,32,142,lr=0.001_z=64_bs=32,"LR=0.001, z=64, batch size=32",156,105.44,2026-06-15 13:40:21.055,.,training (4).log,191,"LR=0.001, z=64, batch size=32"
lr=0.001_z=64_bs=32_seed=142,lr=0.001_z=64_bs=32_seed=142,0.001,0.001,64,32,142,lr=0.001_z=64_bs=32,"LR=0.001, z=64, batch size=32",157,117.15,2026-06-15 13:40:55.464,.,training (4).log,192,"LR=0.001, z=64, batch size=32"
lr=0.001_z=64_bs=32_seed=142,lr=0.001_z=64_bs=32_seed=142,0.001,0.001,64,32,142,lr=0.001_z=64_bs=32,"LR=0.001, z=64, batch size=32",158,127.25,2026-06-15 13:41:59.134,.,training (4).log,193,"LR=0.001, z=64, batch size=32"
lr=0.001_z=64_bs=32_seed=142,lr=0.001_z=64_bs=32_seed=142,0.001,0.001,64,32,142,lr=0.001_z=64_bs=32,"LR=0.001, z=64, batch size=32",159,105.64,2026-06-15 13:42:33.656,.,training (4).log,194,"LR=0.001, z=64, batch size=32"
lr=0.001_z=64_bs=32_seed=142,lr=0.001_z=64_bs=32_seed=142,0.001,0.001,64,32,142,lr=0.001_z=64_bs=32,"LR=0.001, z=64, batch size=32",160,129.53,2026-06-15 13:43:37.999,.,training (4).log,195,"LR=0.001, z=64, batch size=32"
lr=0.001_z=64_bs=32_seed=142,lr=0.001_z=64_bs=32_seed=142,0.001,0.001,64,32,142,lr=0.001_z=64_bs=32,"LR=0.001, z=64, batch size=32",161,114.23,2026-06-15 13:44:12.805,.,training (4).log,196,"LR=0.001, z=64, batch size=32"
lr=0.001_z=64_bs=32_seed=142,lr=0.001_z=64_bs=32_seed=142,0.001,0.001,64,32,142,lr=0.001_z=64_bs=32,"LR=0.001, z=64, batch size=32",162,107.28,2026-06-15 14:08:48.125,.,training (4).log,197,"LR=0.001, z=64, batch size=32"
lr=0.001_z=64_bs=32_seed=142,lr=0.001_z=64_bs=32_seed=142,0.001,0.001,64,32,142,lr=0.001_z=64_bs=32,"LR=0.001, z=64, batch size=32",163,131.66,2026-06-15 14:09:21.173,.,training (4).log,198,"LR=0.001, z=64, batch size=32"
lr=0.001_z=64_bs=32_seed=142,lr=0.001_z=64_bs=32_seed=142,0.001,0.001,64,32,142,lr=0.001_z=64_bs=32,"LR=0.001, z=64, batch size=32",164,117.9,2026-06-15 14:09:54.324,.,training (4).log,199,"LR=0.001, z=64, batch size=32"
lr=0.001_z=64_bs=32_seed=142,lr=0.001_z=64_bs=32_seed=142,0.001,0.001,64,32,142,lr=0.001_z=64_bs=32,"LR=0.001, z=64, batch size=32",165,111.27,2026-06-15 14:10:27.891,.,training (4).log,200,"LR=0.001, z=64, batch size=32"
lr=0.001_z=64_bs=32_seed=142,lr=0.001_z=64_bs=32_seed=142,0.001,0.001,64,32,142,lr=0.001_z=64_bs=32,"LR=0.001, z=64, batch size=32",166,122.53,2026-06-15 14:11:31.227,.,training (4).log,201,"LR=0.001, z=64, batch size=32"
lr=0.001_z=64_bs=32_seed=142,lr=0.001_z=64_bs=32_seed=142,0.001,0.001,64,32,142,lr=0.001_z=64_bs=32,"LR=0.001, z=64, batch size=32",167,102.76,2026-06-15 14:12:05.035,.,training (4).log,203,"LR=0.001, z=64, batch size=32"
lr=0.001_z=64_bs=32_seed=142,lr=0.001_z=64_bs=32_seed=142,0.001,0.001,64,32,142,lr=0.001_z=64_bs=32,"LR=0.001, z=64, batch size=32",168,132.88,2026-06-15 14:13:07.844,.,training (4).log,204,"LR=0.001, z=64, batch size=32"
lr=0.001_z=64_bs=32_seed=142,lr=0.001_z=64_bs=32_seed=142,0.001,0.001,64,32,142,lr=0.001_z=64_bs=32,"LR=0.001, z=64, batch size=32",169,120.84,2026-06-15 14:13:40.831,.,training (4).log,205,"LR=0.001, z=64, batch size=32"
lr=0.001_z=64_bs=32_seed=142,lr=0.001_z=64_bs=32_seed=142,0.001,0.001,64,32,142,lr=0.001_z=64_bs=32,"LR=0.001, z=64, batch size=32",170,107.97,2026-06-15 14:14:44.183,.,training (4).log,206,"LR=0.001, z=64, batch size=32"
lr=0.001_z=64_bs=32_seed=142,lr=0.001_z=64_bs=32_seed=142,0.001,0.001,64,32,142,lr=0.001_z=64_bs=32,"LR=0.001, z=64, batch size=32",171,120.92,2026-06-15 14:15:17.945,.,training (4).log,207,"LR=0.001, z=64, batch size=32"
lr=0.001_z=64_bs=32_seed=142,lr=0.001_z=64_bs=32_seed=142,0.001,0.001,64,32,142,lr=0.001_z=64_bs=32,"LR=0.001, z=64, batch size=32",172,123.13,2026-06-15 14:16:20.407,.,training (4).log,208,"LR=0.001, z=64, batch size=32"
lr=0.001_z=64_bs=32_seed=142,lr=0.001_z=64_bs=32_seed=142,0.001,0.001,64,32,142,lr=0.001_z=64_bs=32,"LR=0.001, z=64, batch size=32",173,128.33,2026-06-15 14:16:53.689,.,training (4).log,209,"LR=0.001, z=64, batch size=32"
lr=0.001_z=64_bs=32_seed=142,lr=0.001_z=64_bs=32_seed=142,0.001,0.001,64,32,142,lr=0.001_z=64_bs=32,"LR=0.001, z=64, batch size=32",174,135.17,2026-06-15 14:17:57.196,.,training (4).log,210,"LR=0.001, z=64, batch size=32"
lr=0.001_z=64_bs=32_seed=142,lr=0.001_z=64_bs=32_seed=142,0.001,0.001,64,32,142,lr=0.001_z=64_bs=32,"LR=0.001, z=64, batch size=32",175,119.52,2026-06-15 14:18:30.044,.,training (4).log,211,"LR=0.001, z=64, batch size=32"
lr=0.001_z=64_bs=32_seed=142,lr=0.001_z=64_bs=32_seed=142,0.001,0.001,64,32,142,lr=0.001_z=64_bs=32,"LR=0.001, z=64, batch size=32",176,130.25,2026-06-15 14:19:34.017,.,training (4).log,212,"LR=0.001, z=64, batch size=32"
lr=0.001_z=64_bs=32_seed=142,lr=0.001_z=64_bs=32_seed=142,0.001,0.001,64,32,142,lr=0.001_z=64_bs=32,"LR=0.001, z=64, batch size=32",177,109.9,2026-06-15 14:20:07.200,.,training (4).log,213,"LR=0.001, z=64, batch size=32"
lr=0.001_z=64_bs=32_seed=142,lr=0.001_z=64_bs=32_seed=142,0.001,0.001,64,32,142,lr=0.001_z=64_bs=32,"LR=0.001, z=64, batch size=32",178,121.87,2026-06-15 14:21:10.576,.,training (4).log,214,"LR=0.001, z=64, batch size=32"
lr=0.001_z=64_bs=32_seed=142,lr=0.001_z=64_bs=32_seed=142,0.001,0.001,64,32,142,lr=0.001_z=64_bs=32,"LR=0.001, z=64, batch size=32",179,115.37,2026-06-15 14:21:44.309,.,training (4).log,215,"LR=0.001, z=64, batch size=32"
lr=0.001_z=64_bs=32_seed=142,lr=0.001_z=64_bs=32_seed=142,0.001,0.001,64,32,142,lr=0.001_z=64_bs=32,"LR=0.001, z=64, batch size=32",180,131.98,2026-06-15 14:22:47.864,.,training (4).log,216,"LR=0.001, z=64, batch size=32"
lr=0.001_z=64_bs=32_seed=142,lr=0.001_z=64_bs=32_seed=142,0.001,0.001,64,32,142,lr=0.001_z=64_bs=32,"LR=0.001, z=64, batch size=32",181,107.59,2026-06-15 14:23:20.927,.,training (4).log,217,"LR=0.001, z=64, batch size=32"
lr=0.001_z=64_bs=32_seed=142,lr=0.001_z=64_bs=32_seed=142,0.001,0.001,64,32,142,lr=0.001_z=64_bs=32,"LR=0.001, z=64, batch size=32",182,122.44,2026-06-15 14:24:24.548,.,training (4).log,218,"LR=0.001, z=64, batch size=32"
lr=0.001_z=64_bs=32_seed=142,lr=0.001_z=64_bs=32_seed=142,0.001,0.001,64,32,142,lr=0.001_z=64_bs=32,"LR=0.001, z=64, batch size=32",183,118.69,2026-06-15 14:24:58.298,.,training (4).log,219,"LR=0.001, z=64, batch size=32"
lr=0.001_z=64_bs=32_seed=142,lr=0.001_z=64_bs=32_seed=142,0.001,0.001,64,32,142,lr=0.001_z=64_bs=32,"LR=0.001, z=64, batch size=32",184,112.98,2026-06-15 14:26:01.748,.,training (4).log,220,"LR=0.001, z=64, batch size=32"
lr=0.001_z=64_bs=32_seed=142,lr=0.001_z=64_bs=32_seed=142,0.001,0.001,64,32,142,lr=0.001_z=64_bs=32,"LR=0.001, z=64, batch size=32",185,108.8,2026-06-15 14:26:34.910,.,training (4).log,221,"LR=0.001, z=64, batch size=32"
lr=0.001_z=64_bs=32_seed=142,lr=0.001_z=64_bs=32_seed=142,0.001,0.001,64,32,142,lr=0.001_z=64_bs=32,"LR=0.001, z=64, batch size=32",186,118.14,2026-06-15 14:27:38.175,.,training (4).log,222,"LR=0.001, z=64, batch size=32"
lr=0.001_z=64_bs=32_seed=142,lr=0.001_z=64_bs=32_seed=142,0.001,0.001,64,32,142,lr=0.001_z=64_bs=32,"LR=0.001, z=64, batch size=32",187,102.65,2026-06-15 14:28:11.955,.,training (4).log,224,"LR=0.001, z=64, batch size=32"
lr=0.001_z=64_bs=32_seed=142,lr=0.001_z=64_bs=32_seed=142,0.001,0.001,64,32,142,lr=0.001_z=64_bs=32,"LR=0.001, z=64, batch size=32",188,126.39,2026-06-15 14:29:15.062,.,training (4).log,225,"LR=0.001, z=64, batch size=32"
lr=0.001_z=64_bs=32_seed=142,lr=0.001_z=64_bs=32_seed=142,0.001,0.001,64,32,142,lr=0.001_z=64_bs=32,"LR=0.001, z=64, batch size=32",189,122.7,2026-06-15 14:29:48.209,.,training (4).log,226,"LR=0.001, z=64, batch size=32"
lr=0.001_z=64_bs=32_seed=142,lr=0.001_z=64_bs=32_seed=142,0.001,0.001,64,32,142,lr=0.001_z=64_bs=32,"LR=0.001, z=64, batch size=32",190,111.73,2026-06-15 14:30:51.606,.,training (4).log,227,"LR=0.001, z=64, batch size=32"
lr=0.001_z=64_bs=32_seed=142,lr=0.001_z=64_bs=32_seed=142,0.001,0.001,64,32,142,lr=0.001_z=64_bs=32,"LR=0.001, z=64, batch size=32",191,111.45,2026-06-15 14:31:25.313,.,training (4).log,228,"LR=0.001, z=64, batch size=32"
lr=0.001_z=64_bs=32_seed=142,lr=0.001_z=64_bs=32_seed=142,0.001,0.001,64,32,142,lr=0.001_z=64_bs=32,"LR=0.001, z=64, batch size=32",192,123.46,2026-06-15 14:32:29.048,.,training (4).log,229,"LR=0.001, z=64, batch size=32"
lr=0.001_z=64_bs=32_seed=142,lr=0.001_z=64_bs=32_seed=142,0.001,0.001,64,32,142,lr=0.001_z=64_bs=32,"LR=0.001, z=64, batch size=32",193,111.17,2026-06-15 14:33:01.841,.,training (4).log,230,"LR=0.001, z=64, batch size=32"
lr=0.001_z=64_bs=32_seed=142,lr=0.001_z=64_bs=32_seed=142,0.001,0.001,64,32,142,lr=0.001_z=64_bs=32,"LR=0.001, z=64, batch size=32",194,107.11,2026-06-15 14:34:05.247,.,training (4).log,231,"LR=0.001, z=64, batch size=32"
lr=0.001_z=64_bs=32_seed=142,lr=0.001_z=64_bs=32_seed=142,0.001,0.001,64,32,142,lr=0.001_z=64_bs=32,"LR=0.001, z=64, batch size=32",195,112.69,2026-06-15 14:34:38.699,.,training (4).log,232,"LR=0.001, z=64, batch size=32"
lr=0.001_z=64_bs=32_seed=142,lr=0.001_z=64_bs=32_seed=142,0.001,0.001,64,32,142,lr=0.001_z=64_bs=32,"LR=0.001, z=64, batch size=32",196,121.51,2026-06-15 14:35:42.093,.,training (4).log,233,"LR=0.001, z=64, batch size=32"
lr=0.001_z=64_bs=32_seed=142,lr=0.001_z=64_bs=32_seed=142,0.001,0.001,64,32,142,lr=0.001_z=64_bs=32,"LR=0.001, z=64, batch size=32",197,113.59,2026-06-15 14:36:16.231,.,training (4).log,234,"LR=0.001, z=64, batch size=32"
lr=0.001_z=64_bs=32_seed=142,lr=0.001_z=64_bs=32_seed=142,0.001,0.001,64,32,142,lr=0.001_z=64_bs=32,"LR=0.001, z=64, batch size=32",198,124.11,2026-06-15 14:37:20.257,.,training (4).log,235,"LR=0.001, z=64, batch size=32"
lr=0.001_z=64_bs=32_seed=142,lr=0.001_z=64_bs=32_seed=142,0.001,0.001,64,32,142,lr=0.001_z=64_bs=32,"LR=0.001, z=64, batch size=32",199,137.74,2026-06-15 14:37:53.976,.,training (4).log,236,"LR=0.001, z=64, batch size=32"
lr=0.001_z=64_bs=32_seed=142,lr=0.001_z=64_bs=32_seed=142,0.001,0.001,64,32,142,lr=0.001_z=64_bs=32,"LR=0.001, z=64, batch size=32",200,128.05,2026-06-15 14:38:57.614,.,training (4).log,237,"LR=0.001, z=64, batch size=32"
lr=0.001_z=64_bs=32_seed=142,lr=0.001_z=64_bs=32_seed=142,0.001,0.001,64,32,142,lr=0.001_z=64_bs=32,"LR=0.001, z=64, batch size=32",201,129.26,2026-06-15 14:39:31.627,.,training (4).log,238,"LR=0.001, z=64, batch size=32"
lr=0.001_z=64_bs=32_seed=142,lr=0.001_z=64_bs=32_seed=142,0.001,0.001,64,32,142,lr=0.001_z=64_bs=32,"LR=0.001, z=64, batch size=32",202,141.38,2026-06-15 14:40:35.245,.,training (4).log,239,"LR=0.001, z=64, batch size=32"
lr=0.001_z=64_bs=32_seed=142,lr=0.001_z=64_bs=32_seed=142,0.001,0.001,64,32,142,lr=0.001_z=64_bs=32,"LR=0.001, z=64, batch size=32",203,120.02,2026-06-15 14:41:09.384,.,training (4).log,240,"LR=0.001, z=64, batch size=32"
lr=0.001_z=64_bs=32_seed=142,lr=0.001_z=64_bs=32_seed=142,0.001,0.001,64,32,142,lr=0.001_z=64_bs=32,"LR=0.001, z=64, batch size=32",204,136.19,2026-06-15 14:42:13.434,.,training (4).log,241,"LR=0.001, z=64, batch size=32"
lr=0.001_z=64_bs=32_seed=142,lr=0.001_z=64_bs=32_seed=142,0.001,0.001,64,32,142,lr=0.001_z=64_bs=32,"LR=0.001, z=64, batch size=32",205,137.94,2026-06-15 14:42:47.321,.,training (4).log,242,"LR=0.001, z=64, batch size=32"
lr=0.001_z=64_bs=32_seed=142,lr=0.001_z=64_bs=32_seed=142,0.001,0.001,64,32,142,lr=0.001_z=64_bs=32,"LR=0.001, z=64, batch size=32",206,142.63,2026-06-15 14:43:50.708,.,training (4).log,243,"LR=0.001, z=64, batch size=32"
lr=0.001_z=64_bs=32_seed=142,lr=0.001_z=64_bs=32_seed=142,0.001,0.001,64,32,142,lr=0.001_z=64_bs=32,"LR=0.001, z=64, batch size=32",207,133.23,2026-06-15 14:44:24.924,.,training (4).log,244,"LR=0.001, z=64, batch size=32"
lr=0.001_z=64_bs=32_seed=142,lr=0.001_z=64_bs=32_seed=142,0.001,0.001,64,32,142,lr=0.001_z=64_bs=32,"LR=0.001, z=64, batch size=32",208,110.52,2026-06-15 14:45:28.967,.,training (4).log,245,"LR=0.001, z=64, batch size=32"
lr=0.001_z=64_bs=32_seed=142,lr=0.001_z=64_bs=32_seed=142,0.001,0.001,64,32,142,lr=0.001_z=64_bs=32,"LR=0.001, z=64, batch size=32",209,123.93,2026-06-15 14:46:03.359,.,training (4).log,246,"LR=0.001, z=64, batch size=32"
lr=0.001_z=64_bs=32_seed=142,lr=0.001_z=64_bs=32_seed=142,0.001,0.001,64,32,142,lr=0.001_z=64_bs=32,"LR=0.001, z=64, batch size=32",210,126.16,2026-06-15 14:47:07.355,.,training (4).log,247,"LR=0.001, z=64, batch size=32"
lr=0.001_z=64_bs=32_seed=142,lr=0.001_z=64_bs=32_seed=142,0.001,0.001,64,32,142,lr=0.001_z=64_bs=32,"LR=0.001, z=64, batch size=32",211,105.56,2026-06-15 14:47:41.623,.,training (4).log,248,"LR=0.001, z=64, batch size=32"
lr=0.001_z=64_bs=32_seed=142,lr=0.001_z=64_bs=32_seed=142,0.001,0.001,64,32,142,lr=0.001_z=64_bs=32,"LR=0.001, z=64, batch size=32",212,119.84,2026-06-15 14:48:45.265,.,training (4).log,249,"LR=0.001, z=64, batch size=32"
lr=0.001_z=64_bs=32_seed=142,lr=0.001_z=64_bs=32_seed=142,0.001,0.001,64,32,142,lr=0.001_z=64_bs=32,"LR=0.001, z=64, batch size=32",213,135.31,2026-06-15 14:49:19.037,.,training (4).log,250,"LR=0.001, z=64, batch size=32"
lr=0.001_z=64_bs=32_seed=142,lr=0.001_z=64_bs=32_seed=142,0.001,0.001,64,32,142,lr=0.001_z=64_bs=32,"LR=0.001, z=64, batch size=32",214,127.24,2026-06-15 14:50:22.728,.,training (4).log,251,"LR=0.001, z=64, batch size=32"
lr=0.001_z=64_bs=32_seed=142,lr=0.001_z=64_bs=32_seed=142,0.001,0.001,64,32,142,lr=0.001_z=64_bs=32,"LR=0.001, z=64, batch size=32",215,135.65,2026-06-15 14:50:56.986,.,training (4).log,252,"LR=0.001, z=64, batch size=32"
lr=0.001_z=64_bs=32_seed=142,lr=0.001_z=64_bs=32_seed=142,0.001,0.001,64,32,142,lr=0.001_z=64_bs=32,"LR=0.001, z=64, batch size=32",216,130.09,2026-06-15 14:52:00.130,.,training (4).log,253,"LR=0.001, z=64, batch size=32"
lr=0.001_z=64_bs=32_seed=142,lr=0.001_z=64_bs=32_seed=142,0.001,0.001,64,32,142,lr=0.001_z=64_bs=32,"LR=0.001, z=64, batch size=32",217,118.86,2026-06-15 14:52:33.372,.,training (4).log,254,"LR=0.001, z=64, batch size=32"
lr=0.001_z=64_bs=32_seed=142,lr=0.001_z=64_bs=32_seed=142,0.001,0.001,64,32,142,lr=0.001_z=64_bs=32,"LR=0.001, z=64, batch size=32",218,116.99,2026-06-15 14:53:36.700,.,training (4).log,255,"LR=0.001, z=64, batch size=32"
lr=0.001_z=64_bs=32_seed=142,lr=0.001_z=64_bs=32_seed=142,0.001,0.001,64,32,142,lr=0.001_z=64_bs=32,"LR=0.001, z=64, batch size=32",219,108.78,2026-06-15 14:54:11.179,.,training (4).log,256,"LR=0.001, z=64, batch size=32"
lr=0.001_z=64_bs=32_seed=142,lr=0.001_z=64_bs=32_seed=142,0.001,0.001,64,32,142,lr=0.001_z=64_bs=32,"LR=0.001, z=64, batch size=32",220,126.67,2026-06-15 14:55:15.343,.,training (4).log,257,"LR=0.001, z=64, batch size=32"
lr=0.001_z=64_bs=32_seed=142,lr=0.001_z=64_bs=32_seed=142,0.001,0.001,64,32,142,lr=0.001_z=64_bs=32,"LR=0.001, z=64, batch size=32",221,138.42,2026-06-15 14:55:49.356,.,training (4).log,258,"LR=0.001, z=64, batch size=32"
lr=0.001_z=64_bs=32_seed=142,lr=0.001_z=64_bs=32_seed=142,0.001,0.001,64,32,142,lr=0.001_z=64_bs=32,"LR=0.001, z=64, batch size=32",222,134.83,2026-06-15 14:56:53.160,.,training (4).log,259,"LR=0.001, z=64, batch size=32"
lr=0.001_z=64_bs=32_seed=142,lr=0.001_z=64_bs=32_seed=142,0.001,0.001,64,32,142,lr=0.001_z=64_bs=32,"LR=0.001, z=64, batch size=32",223,132.65,2026-06-15 14:57:26.903,.,training (4).log,260,"LR=0.001, z=64, batch size=32"
lr=0.001_z=64_bs=32_seed=142,lr=0.001_z=64_bs=32_seed=142,0.001,0.001,64,32,142,lr=0.001_z=64_bs=32,"LR=0.001, z=64, batch size=32",224,115.84,2026-06-15 14:58:30.735,.,training (4).log,261,"LR=0.001, z=64, batch size=32"
lr=0.001_z=64_bs=32_seed=142,lr=0.001_z=64_bs=32_seed=142,0.001,0.001,64,32,142,lr=0.001_z=64_bs=32,"LR=0.001, z=64, batch size=32",225,113.74,2026-06-15 14:59:04.482,.,training (4).log,262,"LR=0.001, z=64, batch size=32"
lr=0.001_z=64_bs=32_seed=142,lr=0.001_z=64_bs=32_seed=142,0.001,0.001,64,32,142,lr=0.001_z=64_bs=32,"LR=0.001, z=64, batch size=32",226,113.93,2026-06-15 15:00:09.180,.,training (4).log,263,"LR=0.001, z=64, batch size=32"
lr=0.001_z=64_bs=32_seed=142,lr=0.001_z=64_bs=32_seed=142,0.001,0.001,64,32,142,lr=0.001_z=64_bs=32,"LR=0.001, z=64, batch size=32",227,118.99,2026-06-15 15:00:43.359,.,training (4).log,264,"LR=0.001, z=64, batch size=32"
lr=0.001_z=64_bs=32_seed=142,lr=0.001_z=64_bs=32_seed=142,0.001,0.001,64,32,142,lr=0.001_z=64_bs=32,"LR=0.001, z=64, batch size=32",228,134.23,2026-06-15 15:01:47.455,.,training (4).log,265,"LR=0.001, z=64, batch size=32"
lr=0.001_z=64_bs=32_seed=142,lr=0.001_z=64_bs=32_seed=142,0.001,0.001,64,32,142,lr=0.001_z=64_bs=32,"LR=0.001, z=64, batch size=32",229,121.59,2026-06-15 15:02:21.765,.,training (4).log,266,"LR=0.001, z=64, batch size=32"
lr=0.001_z=64_bs=32_seed=142,lr=0.001_z=64_bs=32_seed=142,0.001,0.001,64,32,142,lr=0.001_z=64_bs=32,"LR=0.001, z=64, batch size=32",230,115.63,2026-06-15 15:03:25.638,.,training (4).log,267,"LR=0.001, z=64, batch size=32"
lr=0.001_z=64_bs=32_seed=142,lr=0.001_z=64_bs=32_seed=142,0.001,0.001,64,32,142,lr=0.001_z=64_bs=32,"LR=0.001, z=64, batch size=32",231,116.36,2026-06-15 15:03:59.999,.,training (4).log,268,"LR=0.001, z=64, batch size=32"
lr=0.001_z=64_bs=32_seed=142,lr=0.001_z=64_bs=32_seed=142,0.001,0.001,64,32,142,lr=0.001_z=64_bs=32,"LR=0.001, z=64, batch size=32",232,122.8,2026-06-15 15:05:04.552,.,training (4).log,269,"LR=0.001, z=64, batch size=32"
lr=0.001_z=64_bs=32_seed=142,lr=0.001_z=64_bs=32_seed=142,0.001,0.001,64,32,142,lr=0.001_z=64_bs=32,"LR=0.001, z=64, batch size=32",233,124.17,2026-06-15 15:05:39.626,.,training (4).log,270,"LR=0.001, z=64, batch size=32"
lr=0.001_z=64_bs=32_seed=142,lr=0.001_z=64_bs=32_seed=142,0.001,0.001,64,32,142,lr=0.001_z=64_bs=32,"LR=0.001, z=64, batch size=32",234,120.18,2026-06-15 15:06:44.563,.,training (4).log,271,"LR=0.001, z=64, batch size=32"
lr=0.001_z=64_bs=32_seed=142,lr=0.001_z=64_bs=32_seed=142,0.001,0.001,64,32,142,lr=0.001_z=64_bs=32,"LR=0.001, z=64, batch size=32",235,122.33,2026-06-15 15:07:19.218,.,training (4).log,272,"LR=0.001, z=64, batch size=32"
lr=0.001_z=64_bs=32_seed=142,lr=0.001_z=64_bs=32_seed=142,0.001,0.001,64,32,142,lr=0.001_z=64_bs=32,"LR=0.001, z=64, batch size=32",236,128.2,2026-06-15 15:08:23.334,.,training (4).log,273,"LR=0.001, z=64, batch size=32"
lr=0.001_z=64_bs=32_seed=142,lr=0.001_z=64_bs=32_seed=142,0.001,0.001,64,32,142,lr=0.001_z=64_bs=32,"LR=0.001, z=64, batch size=32",237,122.86,2026-06-15 15:08:57.342,.,training (4).log,274,"LR=0.001, z=64, batch size=32"
lr=0.001_z=64_bs=32_seed=142,lr=0.001_z=64_bs=32_seed=142,0.001,0.001,64,32,142,lr=0.001_z=64_bs=32,"LR=0.001, z=64, batch size=32",238,116.46,2026-06-15 15:10:02.109,.,training (4).log,275,"LR=0.001, z=64, batch size=32"
lr=0.001_z=64_bs=32_seed=142,lr=0.001_z=64_bs=32_seed=142,0.001,0.001,64,32,142,lr=0.001_z=64_bs=32,"LR=0.001, z=64, batch size=32",239,109.58,2026-06-15 15:10:36.156,.,training (4).log,276,"LR=0.001, z=64, batch size=32"
lr=0.001_z=64_bs=32_seed=142,lr=0.001_z=64_bs=32_seed=142,0.001,0.001,64,32,142,lr=0.001_z=64_bs=32,"LR=0.001, z=64, batch size=32",240,95.85,2026-06-15 15:11:40.721,.,training (4).log,278,"LR=0.001, z=64, batch size=32"
lr=0.001_z=64_bs=32_seed=142,lr=0.001_z=64_bs=32_seed=142,0.001,0.001,64,32,142,lr=0.001_z=64_bs=32,"LR=0.001, z=64, batch size=32",241,113.21,2026-06-15 15:12:14.827,.,training (4).log,279,"LR=0.001, z=64, batch size=32"
lr=0.001_z=64_bs=32_seed=142,lr=0.001_z=64_bs=32_seed=142,0.001,0.001,64,32,142,lr=0.001_z=64_bs=32,"LR=0.001, z=64, batch size=32",242,129.08,2026-06-15 15:13:18.206,.,training (4).log,280,"LR=0.001, z=64, batch size=32"
lr=0.001_z=64_bs=32_seed=142,lr=0.001_z=64_bs=32_seed=142,0.001,0.001,64,32,142,lr=0.001_z=64_bs=32,"LR=0.001, z=64, batch size=32",243,104.19,2026-06-15 15:13:52.171,.,training (4).log,281,"LR=0.001, z=64, batch size=32"
lr=0.001_z=64_bs=32_seed=142,lr=0.001_z=64_bs=32_seed=142,0.001,0.001,64,32,142,lr=0.001_z=64_bs=32,"LR=0.001, z=64, batch size=32",244,139.66,2026-06-15 15:14:56.269,.,training (4).log,282,"LR=0.001, z=64, batch size=32"
lr=0.001_z=64_bs=32_seed=142,lr=0.001_z=64_bs=32_seed=142,0.001,0.001,64,32,142,lr=0.001_z=64_bs=32,"LR=0.001, z=64, batch size=32",245,115.29,2026-06-15 15:15:29.699,.,training (4).log,283,"LR=0.001, z=64, batch size=32"
lr=0.001_z=64_bs=32_seed=142,lr=0.001_z=64_bs=32_seed=142,0.001,0.001,64,32,142,lr=0.001_z=64_bs=32,"LR=0.001, z=64, batch size=32",246,126.29,2026-06-15 15:16:33.373,.,training (4).log,284,"LR=0.001, z=64, batch size=32"
lr=0.001_z=64_bs=32_seed=142,lr=0.001_z=64_bs=32_seed=142,0.001,0.001,64,32,142,lr=0.001_z=64_bs=32,"LR=0.001, z=64, batch size=32",247,128.46,2026-06-15 15:17:07.022,.,training (4).log,285,"LR=0.001, z=64, batch size=32"
lr=0.001_z=64_bs=32_seed=142,lr=0.001_z=64_bs=32_seed=142,0.001,0.001,64,32,142,lr=0.001_z=64_bs=32,"LR=0.001, z=64, batch size=32",248,113.89,2026-06-15 15:18:11.372,.,training (4).log,286,"LR=0.001, z=64, batch size=32"
lr=0.001_z=64_bs=32_seed=142,lr=0.001_z=64_bs=32_seed=142,0.001,0.001,64,32,142,lr=0.001_z=64_bs=32,"LR=0.001, z=64, batch size=32",249,130.33,2026-06-15 15:18:45.751,.,training (4).log,287,"LR=0.001, z=64, batch size=32"
lr=0.001_z=64_bs=32_seed=142,lr=0.001_z=64_bs=32_seed=142,0.001,0.001,64,32,142,lr=0.001_z=64_bs=32,"LR=0.001, z=64, batch size=32",250,129.08,2026-06-15 15:19:49.656,.,training (4).log,288,"LR=0.001, z=64, batch size=32"
lr=0.001_z=64_bs=32_seed=142,lr=0.001_z=64_bs=32_seed=142,0.001,0.001,64,32,142,lr=0.001_z=64_bs=32,"LR=0.001, z=64, batch size=32",251,131.45,2026-06-15 15:20:24.389,.,training (4).log,289,"LR=0.001, z=64, batch size=32"
lr=0.001_z=64_bs=32_seed=142,lr=0.001_z=64_bs=32_seed=142,0.001,0.001,64,32,142,lr=0.001_z=64_bs=32,"LR=0.001, z=64, batch size=32",252,131.94,2026-06-15 15:21:28.529,.,training (4).log,290,"LR=0.001, z=64, batch size=32"
lr=0.001_z=64_bs=32_seed=142,lr=0.001_z=64_bs=32_seed=142,0.001,0.001,64,32,142,lr=0.001_z=64_bs=32,"LR=0.001, z=64, batch size=32",253,119.12,2026-06-15 15:22:03.213,.,training (4).log,291,"LR=0.001, z=64, batch size=32"
lr=0.001_z=64_bs=32_seed=142,lr=0.001_z=64_bs=32_seed=142,0.001,0.001,64,32,142,lr=0.001_z=64_bs=32,"LR=0.001, z=64, batch size=32",254,126.65,2026-06-15 15:23:06.869,.,training (4).log,292,"LR=0.001, z=64, batch size=32"
lr=0.001_z=64_bs=32_seed=142,lr=0.001_z=64_bs=32_seed=142,0.001,0.001,64,32,142,lr=0.001_z=64_bs=32,"LR=0.001, z=64, batch size=32",255,128.46,2026-06-15 15:23:41.108,.,training (4).log,293,"LR=0.001, z=64, batch size=32"
lr=0.001_z=64_bs=32_seed=142,lr=0.001_z=64_bs=32_seed=142,0.001,0.001,64,32,142,lr=0.001_z=64_bs=32,"LR=0.001, z=64, batch size=32",256,126.43,2026-06-15 15:24:44.504,.,training (4).log,294,"LR=0.001, z=64, batch size=32"
lr=0.001_z=64_bs=32_seed=142,lr=0.001_z=64_bs=32_seed=142,0.001,0.001,64,32,142,lr=0.001_z=64_bs=32,"LR=0.001, z=64, batch size=32",257,122.08,2026-06-15 15:25:17.818,.,training (4).log,295,"LR=0.001, z=64, batch size=32"
lr=0.001_z=64_bs=32_seed=142,lr=0.001_z=64_bs=32_seed=142,0.001,0.001,64,32,142,lr=0.001_z=64_bs=32,"LR=0.001, z=64, batch size=32",258,119.08,2026-06-15 15:26:22.231,.,training (4).log,296,"LR=0.001, z=64, batch size=32"
lr=0.001_z=64_bs=32_seed=142,lr=0.001_z=64_bs=32_seed=142,0.001,0.001,64,32,142,lr=0.001_z=64_bs=32,"LR=0.001, z=64, batch size=32",259,118.31,2026-06-15 15:26:56.974,.,training (4).log,297,"LR=0.001, z=64, batch size=32"
lr=0.001_z=64_bs=32_seed=142,lr=0.001_z=64_bs=32_seed=142,0.001,0.001,64,32,142,lr=0.001_z=64_bs=32,"LR=0.001, z=64, batch size=32",260,122.33,2026-06-15 15:42:52.024,.,training (4).log,298,"LR=0.001, z=64, batch size=32"
lr=0.001_z=64_bs=32_seed=142,lr=0.001_z=64_bs=32_seed=142,0.001,0.001,64,32,142,lr=0.001_z=64_bs=32,"LR=0.001, z=64, batch size=32",261,124.22,2026-06-15 15:43:24.685,.,training (4).log,299,"LR=0.001, z=64, batch size=32"
lr=0.001_z=64_bs=32_seed=142,lr=0.001_z=64_bs=32_seed=142,0.001,0.001,64,32,142,lr=0.001_z=64_bs=32,"LR=0.001, z=64, batch size=32",262,127.87,2026-06-15 15:43:58.606,.,training (4).log,300,"LR=0.001, z=64, batch size=32"
lr=0.001_z=64_bs=32_seed=142,lr=0.001_z=64_bs=32_seed=142,0.001,0.001,64,32,142,lr=0.001_z=64_bs=32,"LR=0.001, z=64, batch size=32",263,122.42,2026-06-15 15:44:31.678,.,training (4).log,301,"LR=0.001, z=64, batch size=32"
lr=0.001_z=64_bs=32_seed=142,lr=0.001_z=64_bs=32_seed=142,0.001,0.001,64,32,142,lr=0.001_z=64_bs=32,"LR=0.001, z=64, batch size=32",264,132.77,2026-06-15 15:45:35.090,.,training (4).log,302,"LR=0.001, z=64, batch size=32"
lr=0.001_z=64_bs=32_seed=142,lr=0.001_z=64_bs=32_seed=142,0.001,0.001,64,32,142,lr=0.001_z=64_bs=32,"LR=0.001, z=64, batch size=32",265,110.53,2026-06-15 15:46:08.568,.,training (4).log,303,"LR=0.001, z=64, batch size=32"
lr=0.001_z=64_bs=32_seed=142,lr=0.001_z=64_bs=32_seed=142,0.001,0.001,64,32,142,lr=0.001_z=64_bs=32,"LR=0.001, z=64, batch size=32",266,128.16,2026-06-15 15:47:11.292,.,training (4).log,304,"LR=0.001, z=64, batch size=32"
lr=0.001_z=64_bs=32_seed=142,lr=0.001_z=64_bs=32_seed=142,0.001,0.001,64,32,142,lr=0.001_z=64_bs=32,"LR=0.001, z=64, batch size=32",267,135.31,2026-06-15 15:47:44.866,.,training (4).log,305,"LR=0.001, z=64, batch size=32"
lr=0.001_z=64_bs=32_seed=142,lr=0.001_z=64_bs=32_seed=142,0.001,0.001,64,32,142,lr=0.001_z=64_bs=32,"LR=0.001, z=64, batch size=32",268,111.28,2026-06-15 15:48:47.603,.,training (4).log,306,"LR=0.001, z=64, batch size=32"
lr=0.001_z=64_bs=32_seed=142,lr=0.001_z=64_bs=32_seed=142,0.001,0.001,64,32,142,lr=0.001_z=64_bs=32,"LR=0.001, z=64, batch size=32",269,145.64,2026-06-15 15:49:20.761,.,training (4).log,307,"LR=0.001, z=64, batch size=32"
lr=0.001_z=64_bs=32_seed=142,lr=0.001_z=64_bs=32_seed=142,0.001,0.001,64,32,142,lr=0.001_z=64_bs=32,"LR=0.001, z=64, batch size=32",270,102.77,2026-06-15 15:50:23.772,.,training (4).log,308,"LR=0.001, z=64, batch size=32"
lr=0.001_z=64_bs=32_seed=142,lr=0.001_z=64_bs=32_seed=142,0.001,0.001,64,32,142,lr=0.001_z=64_bs=32,"LR=0.001, z=64, batch size=32",271,143.69,2026-06-15 15:50:57.220,.,training (4).log,309,"LR=0.001, z=64, batch size=32"
lr=0.001_z=64_bs=32_seed=142,lr=0.001_z=64_bs=32_seed=142,0.001,0.001,64,32,142,lr=0.001_z=64_bs=32,"LR=0.001, z=64, batch size=32",272,143.85,2026-06-15 15:52:00.595,.,training (4).log,310,"LR=0.001, z=64, batch size=32"
lr=0.001_z=64_bs=32_seed=142,lr=0.001_z=64_bs=32_seed=142,0.001,0.001,64,32,142,lr=0.001_z=64_bs=32,"LR=0.001, z=64, batch size=32",273,124.03,2026-06-15 15:52:34.417,.,training (4).log,311,"LR=0.001, z=64, batch size=32"
lr=0.001_z=64_bs=32_seed=142,lr=0.001_z=64_bs=32_seed=142,0.001,0.001,64,32,142,lr=0.001_z=64_bs=32,"LR=0.001, z=64, batch size=32",274,154.59,2026-06-15 15:53:38.187,.,training (4).log,312,"LR=0.001, z=64, batch size=32"
lr=0.001_z=64_bs=32_seed=142,lr=0.001_z=64_bs=32_seed=142,0.001,0.001,64,32,142,lr=0.001_z=64_bs=32,"LR=0.001, z=64, batch size=32",275,133.15,2026-06-15 15:54:11.189,.,training (4).log,313,"LR=0.001, z=64, batch size=32"
lr=0.001_z=64_bs=32_seed=242,lr=0.001_z=64_bs=32_seed=242,0.001,0.001,64,32,242,lr=0.001_z=64_bs=32,"LR=0.001, z=64, batch size=32",1,338.86,2026-06-15 17:03:57.589,.,training (5).log,6,"LR=0.001, z=64, batch size=32"
lr=0.001_z=64_bs=32_seed=242,lr=0.001_z=64_bs=32_seed=242,0.001,0.001,64,32,242,lr=0.001_z=64_bs=32,"LR=0.001, z=64, batch size=32",2,312.23,2026-06-15 17:04:28.465,.,training (5).log,8,"LR=0.001, z=64, batch size=32"
lr=0.001_z=64_bs=32_seed=242,lr=0.001_z=64_bs=32_seed=242,0.001,0.001,64,32,242,lr=0.001_z=64_bs=32,"LR=0.001, z=64, batch size=32",3,306.61,2026-06-15 17:05:00.635,.,training (5).log,10,"LR=0.001, z=64, batch size=32"
lr=0.001_z=64_bs=32_seed=242,lr=0.001_z=64_bs=32_seed=242,0.001,0.001,64,32,242,lr=0.001_z=64_bs=32,"LR=0.001, z=64, batch size=32",4,298.1,2026-06-15 17:06:02.764,.,training (5).log,12,"LR=0.001, z=64, batch size=32"
lr=0.001_z=64_bs=32_seed=242,lr=0.001_z=64_bs=32_seed=242,0.001,0.001,64,32,242,lr=0.001_z=64_bs=32,"LR=0.001, z=64, batch size=32",5,256.89,2026-06-15 17:06:35.553,.,training (5).log,14,"LR=0.001, z=64, batch size=32"
lr=0.001_z=64_bs=32_seed=242,lr=0.001_z=64_bs=32_seed=242,0.001,0.001,64,32,242,lr=0.001_z=64_bs=32,"LR=0.001, z=64, batch size=32",6,254.4,2026-06-15 17:07:37.506,.,training (5).log,16,"LR=0.001, z=64, batch size=32"
lr=0.001_z=64_bs=32_seed=242,lr=0.001_z=64_bs=32_seed=242,0.001,0.001,64,32,242,lr=0.001_z=64_bs=32,"LR=0.001, z=64, batch size=32",7,255.1,2026-06-15 17:08:10.550,.,training (5).log,17,"LR=0.001, z=64, batch size=32"
lr=0.001_z=64_bs=32_seed=242,lr=0.001_z=64_bs=32_seed=242,0.001,0.001,64,32,242,lr=0.001_z=64_bs=32,"LR=0.001, z=64, batch size=32",8,248.59,2026-06-15 17:09:12.769,.,training (5).log,19,"LR=0.001, z=64, batch size=32"
lr=0.001_z=64_bs=32_seed=242,lr=0.001_z=64_bs=32_seed=242,0.001,0.001,64,32,242,lr=0.001_z=64_bs=32,"LR=0.001, z=64, batch size=32",9,218.1,2026-06-15 17:09:46.143,.,training (5).log,21,"LR=0.001, z=64, batch size=32"
lr=0.001_z=64_bs=32_seed=242,lr=0.001_z=64_bs=32_seed=242,0.001,0.001,64,32,242,lr=0.001_z=64_bs=32,"LR=0.001, z=64, batch size=32",10,200.01,2026-06-15 17:10:48.230,.,training (5).log,23,"LR=0.001, z=64, batch size=32"
lr=0.001_z=64_bs=32_seed=242,lr=0.001_z=64_bs=32_seed=242,0.001,0.001,64,32,242,lr=0.001_z=64_bs=32,"LR=0.001, z=64, batch size=32",11,197.08,2026-06-15 17:11:21.561,.,training (5).log,25,"LR=0.001, z=64, batch size=32"
lr=0.001_z=64_bs=32_seed=242,lr=0.001_z=64_bs=32_seed=242,0.001,0.001,64,32,242,lr=0.001_z=64_bs=32,"LR=0.001, z=64, batch size=32",12,180.29,2026-06-15 17:12:23.894,.,training (5).log,27,"LR=0.001, z=64, batch size=32"
lr=0.001_z=64_bs=32_seed=242,lr=0.001_z=64_bs=32_seed=242,0.001,0.001,64,32,242,lr=0.001_z=64_bs=32,"LR=0.001, z=64, batch size=32",13,177.89,2026-06-15 17:12:57.133,.,training (5).log,29,"LR=0.001, z=64, batch size=32"
lr=0.001_z=64_bs=32_seed=242,lr=0.001_z=64_bs=32_seed=242,0.001,0.001,64,32,242,lr=0.001_z=64_bs=32,"LR=0.001, z=64, batch size=32",14,183.08,2026-06-15 17:13:59.192,.,training (5).log,30,"LR=0.001, z=64, batch size=32"
lr=0.001_z=64_bs=32_seed=242,lr=0.001_z=64_bs=32_seed=242,0.001,0.001,64,32,242,lr=0.001_z=64_bs=32,"LR=0.001, z=64, batch size=32",15,169.5,2026-06-15 17:14:31.824,.,training (5).log,32,"LR=0.001, z=64, batch size=32"
lr=0.001_z=64_bs=32_seed=242,lr=0.001_z=64_bs=32_seed=242,0.001,0.001,64,32,242,lr=0.001_z=64_bs=32,"LR=0.001, z=64, batch size=32",16,174.35,2026-06-15 17:15:34.303,.,training (5).log,33,"LR=0.001, z=64, batch size=32"
lr=0.001_z=64_bs=32_seed=242,lr=0.001_z=64_bs=32_seed=242,0.001,0.001,64,32,242,lr=0.001_z=64_bs=32,"LR=0.001, z=64, batch size=32",17,172.61,2026-06-15 17:16:06.599,.,training (5).log,34,"LR=0.001, z=64, batch size=32"
lr=0.001_z=64_bs=32_seed=242,lr=0.001_z=64_bs=32_seed=242,0.001,0.001,64,32,242,lr=0.001_z=64_bs=32,"LR=0.001, z=64, batch size=32",18,165.06,2026-06-15 17:17:09.660,.,training (5).log,36,"LR=0.001, z=64, batch size=32"
lr=0.001_z=64_bs=32_seed=242,lr=0.001_z=64_bs=32_seed=242,0.001,0.001,64,32,242,lr=0.001_z=64_bs=32,"LR=0.001, z=64, batch size=32",19,164.11,2026-06-15 17:17:42.798,.,training (5).log,38,"LR=0.001, z=64, batch size=32"
lr=0.001_z=64_bs=32_seed=242,lr=0.001_z=64_bs=32_seed=242,0.001,0.001,64,32,242,lr=0.001_z=64_bs=32,"LR=0.001, z=64, batch size=32",20,163.84,2026-06-15 17:18:45.703,.,training (5).log,40,"LR=0.001, z=64, batch size=32"
lr=0.001_z=64_bs=32_seed=242,lr=0.001_z=64_bs=32_seed=242,0.001,0.001,64,32,242,lr=0.001_z=64_bs=32,"LR=0.001, z=64, batch size=32",21,161.55,2026-06-15 17:19:18.691,.,training (5).log,42,"LR=0.001, z=64, batch size=32"
lr=0.001_z=64_bs=32_seed=242,lr=0.001_z=64_bs=32_seed=242,0.001,0.001,64,32,242,lr=0.001_z=64_bs=32,"LR=0.001, z=64, batch size=32",22,151.56,2026-06-15 17:20:21.276,.,training (5).log,44,"LR=0.001, z=64, batch size=32"
lr=0.001_z=64_bs=32_seed=242,lr=0.001_z=64_bs=32_seed=242,0.001,0.001,64,32,242,lr=0.001_z=64_bs=32,"LR=0.001, z=64, batch size=32",23,144.46,2026-06-15 17:20:54.934,.,training (5).log,46,"LR=0.001, z=64, batch size=32"
lr=0.001_z=64_bs=32_seed=242,lr=0.001_z=64_bs=32_seed=242,0.001,0.001,64,32,242,lr=0.001_z=64_bs=32,"LR=0.001, z=64, batch size=32",24,149.56,2026-06-15 17:21:57.375,.,training (5).log,47,"LR=0.001, z=64, batch size=32"
lr=0.001_z=64_bs=32_seed=242,lr=0.001_z=64_bs=32_seed=242,0.001,0.001,64,32,242,lr=0.001_z=64_bs=32,"LR=0.001, z=64, batch size=32",25,152.53,2026-06-15 17:22:30.293,.,training (5).log,48,"LR=0.001, z=64, batch size=32"
lr=0.001_z=64_bs=32_seed=242,lr=0.001_z=64_bs=32_seed=242,0.001,0.001,64,32,242,lr=0.001_z=64_bs=32,"LR=0.001, z=64, batch size=32",26,146.37,2026-06-15 17:23:33.093,.,training (5).log,49,"LR=0.001, z=64, batch size=32"
lr=0.001_z=64_bs=32_seed=242,lr=0.001_z=64_bs=32_seed=242,0.001,0.001,64,32,242,lr=0.001_z=64_bs=32,"LR=0.001, z=64, batch size=32",27,149.4,2026-06-15 17:24:06.839,.,training (5).log,50,"LR=0.001, z=64, batch size=32"
lr=0.001_z=64_bs=32_seed=242,lr=0.001_z=64_bs=32_seed=242,0.001,0.001,64,32,242,lr=0.001_z=64_bs=32,"LR=0.001, z=64, batch size=32",28,147.68,2026-06-15 17:25:09.035,.,training (5).log,51,"LR=0.001, z=64, batch size=32"
lr=0.001_z=64_bs=32_seed=242,lr=0.001_z=64_bs=32_seed=242,0.001,0.001,64,32,242,lr=0.001_z=64_bs=32,"LR=0.001, z=64, batch size=32",29,142.55,2026-06-15 17:25:42.314,.,training (5).log,53,"LR=0.001, z=64, batch size=32"
lr=0.001_z=64_bs=32_seed=242,lr=0.001_z=64_bs=32_seed=242,0.001,0.001,64,32,242,lr=0.001_z=64_bs=32,"LR=0.001, z=64, batch size=32",30,142.94,2026-06-15 17:26:45.149,.,training (5).log,54,"LR=0.001, z=64, batch size=32"
lr=0.001_z=64_bs=32_seed=242,lr=0.001_z=64_bs=32_seed=242,0.001,0.001,64,32,242,lr=0.001_z=64_bs=32,"LR=0.001, z=64, batch size=32",31,142.11,2026-06-15 17:27:18.951,.,training (5).log,56,"LR=0.001, z=64, batch size=32"
lr=0.001_z=64_bs=32_seed=242,lr=0.001_z=64_bs=32_seed=242,0.001,0.001,64,32,242,lr=0.001_z=64_bs=32,"LR=0.001, z=64, batch size=32",32,139.14,2026-06-15 17:28:22.138,.,training (5).log,58,"LR=0.001, z=64, batch size=32"
lr=0.001_z=64_bs=32_seed=242,lr=0.001_z=64_bs=32_seed=242,0.001,0.001,64,32,242,lr=0.001_z=64_bs=32,"LR=0.001, z=64, batch size=32",33,130.4,2026-06-15 17:28:55.599,.,training (5).log,60,"LR=0.001, z=64, batch size=32"
lr=0.001_z=64_bs=32_seed=242,lr=0.001_z=64_bs=32_seed=242,0.001,0.001,64,32,242,lr=0.001_z=64_bs=32,"LR=0.001, z=64, batch size=32",34,147.95,2026-06-15 17:29:58.905,.,training (5).log,61,"LR=0.001, z=64, batch size=32"
lr=0.001_z=64_bs=32_seed=242,lr=0.001_z=64_bs=32_seed=242,0.001,0.001,64,32,242,lr=0.001_z=64_bs=32,"LR=0.001, z=64, batch size=32",35,137.5,2026-06-15 17:30:31.124,.,training (5).log,62,"LR=0.001, z=64, batch size=32"
lr=0.001_z=64_bs=32_seed=242,lr=0.001_z=64_bs=32_seed=242,0.001,0.001,64,32,242,lr=0.001_z=64_bs=32,"LR=0.001, z=64, batch size=32",36,143.01,2026-06-15 17:31:34.272,.,training (5).log,63,"LR=0.001, z=64, batch size=32"
lr=0.001_z=64_bs=32_seed=242,lr=0.001_z=64_bs=32_seed=242,0.001,0.001,64,32,242,lr=0.001_z=64_bs=32,"LR=0.001, z=64, batch size=32",37,139.97,2026-06-15 17:32:07.643,.,training (5).log,64,"LR=0.001, z=64, batch size=32"
lr=0.001_z=64_bs=32_seed=242,lr=0.001_z=64_bs=32_seed=242,0.001,0.001,64,32,242,lr=0.001_z=64_bs=32,"LR=0.001, z=64, batch size=32",38,138.99,2026-06-15 17:33:10.662,.,training (5).log,65,"LR=0.001, z=64, batch size=32"
lr=0.001_z=64_bs=32_seed=242,lr=0.001_z=64_bs=32_seed=242,0.001,0.001,64,32,242,lr=0.001_z=64_bs=32,"LR=0.001, z=64, batch size=32",39,143.99,2026-06-15 17:33:43.712,.,training (5).log,66,"LR=0.001, z=64, batch size=32"
lr=0.001_z=64_bs=32_seed=242,lr=0.001_z=64_bs=32_seed=242,0.001,0.001,64,32,242,lr=0.001_z=64_bs=32,"LR=0.001, z=64, batch size=32",40,132.23,2026-06-15 17:34:52.399,.,training (5).log,67,"LR=0.001, z=64, batch size=32"
lr=0.001_z=64_bs=32_seed=242,lr=0.001_z=64_bs=32_seed=242,0.001,0.001,64,32,242,lr=0.001_z=64_bs=32,"LR=0.001, z=64, batch size=32",41,136.82,2026-06-15 17:35:26.722,.,training (5).log,68,"LR=0.001, z=64, batch size=32"
lr=0.001_z=64_bs=32_seed=242,lr=0.001_z=64_bs=32_seed=242,0.001,0.001,64,32,242,lr=0.001_z=64_bs=32,"LR=0.001, z=64, batch size=32",42,140.89,2026-06-15 17:36:00.249,.,training (5).log,69,"LR=0.001, z=64, batch size=32"
lr=0.001_z=64_bs=32_seed=242,lr=0.001_z=64_bs=32_seed=242,0.001,0.001,64,32,242,lr=0.001_z=64_bs=32,"LR=0.001, z=64, batch size=32",43,136.5,2026-06-15 17:36:33.466,.,training (5).log,70,"LR=0.001, z=64, batch size=32"
lr=0.001_z=64_bs=32_seed=242,lr=0.001_z=64_bs=32_seed=242,0.001,0.001,64,32,242,lr=0.001_z=64_bs=32,"LR=0.001, z=64, batch size=32",44,146.1,2026-06-15 17:37:36.331,.,training (5).log,71,"LR=0.001, z=64, batch size=32"
lr=0.001_z=64_bs=32_seed=242,lr=0.001_z=64_bs=32_seed=242,0.001,0.001,64,32,242,lr=0.001_z=64_bs=32,"LR=0.001, z=64, batch size=32",45,144.0,2026-06-15 17:38:09.636,.,training (5).log,72,"LR=0.001, z=64, batch size=32"
lr=0.001_z=64_bs=32_seed=242,lr=0.001_z=64_bs=32_seed=242,0.001,0.001,64,32,242,lr=0.001_z=64_bs=32,"LR=0.001, z=64, batch size=32",46,149.14,2026-06-15 17:39:11.976,.,training (5).log,73,"LR=0.001, z=64, batch size=32"
lr=0.001_z=64_bs=32_seed=242,lr=0.001_z=64_bs=32_seed=242,0.001,0.001,64,32,242,lr=0.001_z=64_bs=32,"LR=0.001, z=64, batch size=32",47,140.88,2026-06-15 17:39:44.964,.,training (5).log,74,"LR=0.001, z=64, batch size=32"
lr=0.001_z=64_bs=32_seed=242,lr=0.001_z=64_bs=32_seed=242,0.001,0.001,64,32,242,lr=0.001_z=64_bs=32,"LR=0.001, z=64, batch size=32",48,140.48,2026-06-15 17:40:47.939,.,training (5).log,75,"LR=0.001, z=64, batch size=32"
lr=0.001_z=64_bs=32_seed=242,lr=0.001_z=64_bs=32_seed=242,0.001,0.001,64,32,242,lr=0.001_z=64_bs=32,"LR=0.001, z=64, batch size=32",49,144.52,2026-06-15 17:41:21.078,.,training (5).log,76,"LR=0.001, z=64, batch size=32"
lr=0.001_z=64_bs=32_seed=242,lr=0.001_z=64_bs=32_seed=242,0.001,0.001,64,32,242,lr=0.001_z=64_bs=32,"LR=0.001, z=64, batch size=32",50,132.26,2026-06-15 17:42:23.758,.,training (5).log,77,"LR=0.001, z=64, batch size=32"
lr=0.001_z=64_bs=32_seed=242,lr=0.001_z=64_bs=32_seed=242,0.001,0.001,64,32,242,lr=0.001_z=64_bs=32,"LR=0.001, z=64, batch size=32",51,141.83,2026-06-15 17:42:56.819,.,training (5).log,78,"LR=0.001, z=64, batch size=32"
lr=0.001_z=64_bs=32_seed=242,lr=0.001_z=64_bs=32_seed=242,0.001,0.001,64,32,242,lr=0.001_z=64_bs=32,"LR=0.001, z=64, batch size=32",52,129.85,2026-06-15 17:43:59.888,.,training (5).log,80,"LR=0.001, z=64, batch size=32"
lr=0.001_z=64_bs=32_seed=242,lr=0.001_z=64_bs=32_seed=242,0.001,0.001,64,32,242,lr=0.001_z=64_bs=32,"LR=0.001, z=64, batch size=32",53,117.18,2026-06-15 17:44:33.971,.,training (5).log,82,"LR=0.001, z=64, batch size=32"
lr=0.001_z=64_bs=32_seed=242,lr=0.001_z=64_bs=32_seed=242,0.001,0.001,64,32,242,lr=0.001_z=64_bs=32,"LR=0.001, z=64, batch size=32",54,126.66,2026-06-15 17:45:36.608,.,training (5).log,83,"LR=0.001, z=64, batch size=32"
lr=0.001_z=64_bs=32_seed=242,lr=0.001_z=64_bs=32_seed=242,0.001,0.001,64,32,242,lr=0.001_z=64_bs=32,"LR=0.001, z=64, batch size=32",55,135.17,2026-06-15 17:46:10.359,.,training (5).log,84,"LR=0.001, z=64, batch size=32"
lr=0.001_z=64_bs=32_seed=242,lr=0.001_z=64_bs=32_seed=242,0.001,0.001,64,32,242,lr=0.001_z=64_bs=32,"LR=0.001, z=64, batch size=32",56,133.05,2026-06-15 17:47:13.330,.,training (5).log,85,"LR=0.001, z=64, batch size=32"
lr=0.001_z=64_bs=32_seed=242,lr=0.001_z=64_bs=32_seed=242,0.001,0.001,64,32,242,lr=0.001_z=64_bs=32,"LR=0.001, z=64, batch size=32",57,126.57,2026-06-15 17:47:46.760,.,training (5).log,86,"LR=0.001, z=64, batch size=32"
lr=0.001_z=64_bs=32_seed=242,lr=0.001_z=64_bs=32_seed=242,0.001,0.001,64,32,242,lr=0.001_z=64_bs=32,"LR=0.001, z=64, batch size=32",58,129.01,2026-06-15 17:48:50.067,.,training (5).log,87,"LR=0.001, z=64, batch size=32"
lr=0.001_z=64_bs=32_seed=242,lr=0.001_z=64_bs=32_seed=242,0.001,0.001,64,32,242,lr=0.001_z=64_bs=32,"LR=0.001, z=64, batch size=32",59,139.98,2026-06-15 17:49:23.899,.,training (5).log,88,"LR=0.001, z=64, batch size=32"
lr=0.001_z=64_bs=32_seed=242,lr=0.001_z=64_bs=32_seed=242,0.001,0.001,64,32,242,lr=0.001_z=64_bs=32,"LR=0.001, z=64, batch size=32",60,128.57,2026-06-15 17:50:26.631,.,training (5).log,89,"LR=0.001, z=64, batch size=32"
lr=0.001_z=64_bs=32_seed=242,lr=0.001_z=64_bs=32_seed=242,0.001,0.001,64,32,242,lr=0.001_z=64_bs=32,"LR=0.001, z=64, batch size=32",61,127.66,2026-06-15 17:50:59.861,.,training (5).log,90,"LR=0.001, z=64, batch size=32"
lr=0.001_z=64_bs=32_seed=242,lr=0.001_z=64_bs=32_seed=242,0.001,0.001,64,32,242,lr=0.001_z=64_bs=32,"LR=0.001, z=64, batch size=32",62,128.73,2026-06-15 17:52:02.461,.,training (5).log,91,"LR=0.001, z=64, batch size=32"
lr=0.001_z=64_bs=32_seed=242,lr=0.001_z=64_bs=32_seed=242,0.001,0.001,64,32,242,lr=0.001_z=64_bs=32,"LR=0.001, z=64, batch size=32",63,125.4,2026-06-15 17:52:35.855,.,training (5).log,92,"LR=0.001, z=64, batch size=32"
lr=0.001_z=64_bs=32_seed=242,lr=0.001_z=64_bs=32_seed=242,0.001,0.001,64,32,242,lr=0.001_z=64_bs=32,"LR=0.001, z=64, batch size=32",64,126.39,2026-06-15 17:53:38.429,.,training (5).log,93,"LR=0.001, z=64, batch size=32"
lr=0.001_z=64_bs=32_seed=242,lr=0.001_z=64_bs=32_seed=242,0.001,0.001,64,32,242,lr=0.001_z=64_bs=32,"LR=0.001, z=64, batch size=32",65,132.27,2026-06-15 17:54:12.315,.,training (5).log,94,"LR=0.001, z=64, batch size=32"
lr=0.001_z=64_bs=32_seed=242,lr=0.001_z=64_bs=32_seed=242,0.001,0.001,64,32,242,lr=0.001_z=64_bs=32,"LR=0.001, z=64, batch size=32",66,126.49,2026-06-15 17:55:15.628,.,training (5).log,95,"LR=0.001, z=64, batch size=32"
lr=0.001_z=64_bs=32_seed=242,lr=0.001_z=64_bs=32_seed=242,0.001,0.001,64,32,242,lr=0.001_z=64_bs=32,"LR=0.001, z=64, batch size=32",67,120.7,2026-06-15 17:55:49.061,.,training (5).log,96,"LR=0.001, z=64, batch size=32"
lr=0.001_z=64_bs=32_seed=242,lr=0.001_z=64_bs=32_seed=242,0.001,0.001,64,32,242,lr=0.001_z=64_bs=32,"LR=0.001, z=64, batch size=32",68,133.64,2026-06-15 17:56:52.135,.,training (5).log,97,"LR=0.001, z=64, batch size=32"
lr=0.001_z=64_bs=32_seed=242,lr=0.001_z=64_bs=32_seed=242,0.001,0.001,64,32,242,lr=0.001_z=64_bs=32,"LR=0.001, z=64, batch size=32",69,121.63,2026-06-15 17:57:26.128,.,training (5).log,98,"LR=0.001, z=64, batch size=32"
lr=0.001_z=64_bs=32_seed=242,lr=0.001_z=64_bs=32_seed=242,0.001,0.001,64,32,242,lr=0.001_z=64_bs=32,"LR=0.001, z=64, batch size=32",70,120.37,2026-06-15 17:58:29.220,.,training (5).log,99,"LR=0.001, z=64, batch size=32"
lr=0.001_z=64_bs=32_seed=242,lr=0.001_z=64_bs=32_seed=242,0.001,0.001,64,32,242,lr=0.001_z=64_bs=32,"LR=0.001, z=64, batch size=32",71,130.19,2026-06-15 17:59:02.292,.,training (5).log,100,"LR=0.001, z=64, batch size=32"
lr=0.001_z=64_bs=32_seed=242,lr=0.001_z=64_bs=32_seed=242,0.001,0.001,64,32,242,lr=0.001_z=64_bs=32,"LR=0.001, z=64, batch size=32",72,129.59,2026-06-15 18:00:04.801,.,training (5).log,101,"LR=0.001, z=64, batch size=32"
lr=0.001_z=64_bs=32_seed=242,lr=0.001_z=64_bs=32_seed=242,0.001,0.001,64,32,242,lr=0.001_z=64_bs=32,"LR=0.001, z=64, batch size=32",73,137.87,2026-06-15 18:00:37.685,.,training (5).log,102,"LR=0.001, z=64, batch size=32"
lr=0.001_z=64_bs=32_seed=242,lr=0.001_z=64_bs=32_seed=242,0.001,0.001,64,32,242,lr=0.001_z=64_bs=32,"LR=0.001, z=64, batch size=32",74,126.6,2026-06-15 18:01:40.752,.,training (5).log,103,"LR=0.001, z=64, batch size=32"
lr=0.001_z=64_bs=32_seed=242,lr=0.001_z=64_bs=32_seed=242,0.001,0.001,64,32,242,lr=0.001_z=64_bs=32,"LR=0.001, z=64, batch size=32",75,128.93,2026-06-15 18:02:14.107,.,training (5).log,104,"LR=0.001, z=64, batch size=32"
lr=0.001_z=64_bs=32_seed=242,lr=0.001_z=64_bs=32_seed=242,0.001,0.001,64,32,242,lr=0.001_z=64_bs=32,"LR=0.001, z=64, batch size=32",76,143.45,2026-06-15 18:03:16.711,.,training (5).log,105,"LR=0.001, z=64, batch size=32"
lr=0.001_z=64_bs=32_seed=242,lr=0.001_z=64_bs=32_seed=242,0.001,0.001,64,32,242,lr=0.001_z=64_bs=32,"LR=0.001, z=64, batch size=32",77,128.3,2026-06-15 18:03:49.786,.,training (5).log,106,"LR=0.001, z=64, batch size=32"
lr=0.001_z=64_bs=32_seed=242,lr=0.001_z=64_bs=32_seed=242,0.001,0.001,64,32,242,lr=0.001_z=64_bs=32,"LR=0.001, z=64, batch size=32",78,122.85,2026-06-15 18:04:53.278,.,training (5).log,107,"LR=0.001, z=64, batch size=32"
lr=0.001_z=64_bs=32_seed=242,lr=0.001_z=64_bs=32_seed=242,0.001,0.001,64,32,242,lr=0.001_z=64_bs=32,"LR=0.001, z=64, batch size=32",79,125.31,2026-06-15 18:05:26.830,.,training (5).log,108,"LR=0.001, z=64, batch size=32"
lr=0.001_z=64_bs=32_seed=242,lr=0.001_z=64_bs=32_seed=242,0.001,0.001,64,32,242,lr=0.001_z=64_bs=32,"LR=0.001, z=64, batch size=32",80,128.12,2026-06-15 18:06:29.822,.,training (5).log,109,"LR=0.001, z=64, batch size=32"
lr=0.001_z=64_bs=32_seed=242,lr=0.001_z=64_bs=32_seed=242,0.001,0.001,64,32,242,lr=0.001_z=64_bs=32,"LR=0.001, z=64, batch size=32",81,126.74,2026-06-15 18:07:03.601,.,training (5).log,110,"LR=0.001, z=64, batch size=32"
lr=0.001_z=64_bs=32_seed=242,lr=0.001_z=64_bs=32_seed=242,0.001,0.001,64,32,242,lr=0.001_z=64_bs=32,"LR=0.001, z=64, batch size=32",82,117.37,2026-06-15 18:08:07.019,.,training (5).log,111,"LR=0.001, z=64, batch size=32"
lr=0.001_z=64_bs=32_seed=242,lr=0.001_z=64_bs=32_seed=242,0.001,0.001,64,32,242,lr=0.001_z=64_bs=32,"LR=0.001, z=64, batch size=32",83,125.55,2026-06-15 18:08:41.172,.,training (5).log,112,"LR=0.001, z=64, batch size=32"
lr=0.001_z=64_bs=32_seed=242,lr=0.001_z=64_bs=32_seed=242,0.001,0.001,64,32,242,lr=0.001_z=64_bs=32,"LR=0.001, z=64, batch size=32",84,128.26,2026-06-15 18:09:44.484,.,training (5).log,113,"LR=0.001, z=64, batch size=32"
lr=0.001_z=64_bs=32_seed=242,lr=0.001_z=64_bs=32_seed=242,0.001,0.001,64,32,242,lr=0.001_z=64_bs=32,"LR=0.001, z=64, batch size=32",85,132.46,2026-06-15 18:10:17.332,.,training (5).log,114,"LR=0.001, z=64, batch size=32"
lr=0.001_z=64_bs=32_seed=242,lr=0.001_z=64_bs=32_seed=242,0.001,0.001,64,32,242,lr=0.001_z=64_bs=32,"LR=0.001, z=64, batch size=32",86,152.72,2026-06-15 18:11:21.259,.,training (5).log,115,"LR=0.001, z=64, batch size=32"
lr=0.001_z=64_bs=32_seed=242,lr=0.001_z=64_bs=32_seed=242,0.001,0.001,64,32,242,lr=0.001_z=64_bs=32,"LR=0.001, z=64, batch size=32",87,119.23,2026-06-15 18:11:55.413,.,training (5).log,116,"LR=0.001, z=64, batch size=32"
lr=0.001_z=64_bs=32_seed=242,lr=0.001_z=64_bs=32_seed=242,0.001,0.001,64,32,242,lr=0.001_z=64_bs=32,"LR=0.001, z=64, batch size=32",88,119.12,2026-06-15 18:12:58.160,.,training (5).log,117,"LR=0.001, z=64, batch size=32"
lr=0.001_z=64_bs=32_seed=242,lr=0.001_z=64_bs=32_seed=242,0.001,0.001,64,32,242,lr=0.001_z=64_bs=32,"LR=0.001, z=64, batch size=32",89,125.75,2026-06-15 18:13:30.937,.,training (5).log,118,"LR=0.001, z=64, batch size=32"
lr=0.001_z=64_bs=32_seed=242,lr=0.001_z=64_bs=32_seed=242,0.001,0.001,64,32,242,lr=0.001_z=64_bs=32,"LR=0.001, z=64, batch size=32",90,131.02,2026-06-15 18:14:34.405,.,training (5).log,119,"LR=0.001, z=64, batch size=32"
lr=0.001_z=64_bs=32_seed=242,lr=0.001_z=64_bs=32_seed=242,0.001,0.001,64,32,242,lr=0.001_z=64_bs=32,"LR=0.001, z=64, batch size=32",91,130.42,2026-06-15 18:15:08.186,.,training (5).log,120,"LR=0.001, z=64, batch size=32"
lr=0.001_z=64_bs=32_seed=242,lr=0.001_z=64_bs=32_seed=242,0.001,0.001,64,32,242,lr=0.001_z=64_bs=32,"LR=0.001, z=64, batch size=32",92,130.34,2026-06-15 18:16:11.766,.,training (5).log,121,"LR=0.001, z=64, batch size=32"
lr=0.001_z=64_bs=32_seed=242,lr=0.001_z=64_bs=32_seed=242,0.001,0.001,64,32,242,lr=0.001_z=64_bs=32,"LR=0.001, z=64, batch size=32",93,144.69,2026-06-15 18:16:45.952,.,training (5).log,122,"LR=0.001, z=64, batch size=32"
lr=0.001_z=64_bs=32_seed=242,lr=0.001_z=64_bs=32_seed=242,0.001,0.001,64,32,242,lr=0.001_z=64_bs=32,"LR=0.001, z=64, batch size=32",94,137.85,2026-06-15 18:17:49.141,.,training (5).log,123,"LR=0.001, z=64, batch size=32"
lr=0.001_z=64_bs=32_seed=242,lr=0.001_z=64_bs=32_seed=242,0.001,0.001,64,32,242,lr=0.001_z=64_bs=32,"LR=0.001, z=64, batch size=32",95,127.59,2026-06-15 18:18:22.366,.,training (5).log,124,"LR=0.001, z=64, batch size=32"
lr=0.001_z=64_bs=32_seed=242,lr=0.001_z=64_bs=32_seed=242,0.001,0.001,64,32,242,lr=0.001_z=64_bs=32,"LR=0.001, z=64, batch size=32",96,125.01,2026-06-15 18:19:25.552,.,training (5).log,125,"LR=0.001, z=64, batch size=32"
lr=0.001_z=64_bs=32_seed=242,lr=0.001_z=64_bs=32_seed=242,0.001,0.001,64,32,242,lr=0.001_z=64_bs=32,"LR=0.001, z=64, batch size=32",97,115.72,2026-06-15 18:19:59.700,.,training (5).log,127,"LR=0.001, z=64, batch size=32"
lr=0.001_z=64_bs=32_seed=242,lr=0.001_z=64_bs=32_seed=242,0.001,0.001,64,32,242,lr=0.001_z=64_bs=32,"LR=0.001, z=64, batch size=32",98,126.77,2026-06-15 18:21:03.610,.,training (5).log,128,"LR=0.001, z=64, batch size=32"
lr=0.001_z=64_bs=32_seed=242,lr=0.001_z=64_bs=32_seed=242,0.001,0.001,64,32,242,lr=0.001_z=64_bs=32,"LR=0.001, z=64, batch size=32",99,125.95,2026-06-15 18:21:37.356,.,training (5).log,129,"LR=0.001, z=64, batch size=32"
lr=0.001_z=64_bs=32_seed=242,lr=0.001_z=64_bs=32_seed=242,0.001,0.001,64,32,242,lr=0.001_z=64_bs=32,"LR=0.001, z=64, batch size=32",100,129.28,2026-06-15 18:22:41.280,.,training (5).log,130,"LR=0.001, z=64, batch size=32"
lr=0.001_z=64_bs=32_seed=242,lr=0.001_z=64_bs=32_seed=242,0.001,0.001,64,32,242,lr=0.001_z=64_bs=32,"LR=0.001, z=64, batch size=32",101,133.49,2026-06-15 18:23:15.545,.,training (5).log,131,"LR=0.001, z=64, batch size=32"
lr=0.001_z=64_bs=32_seed=242,lr=0.001_z=64_bs=32_seed=242,0.001,0.001,64,32,242,lr=0.001_z=64_bs=32,"LR=0.001, z=64, batch size=32",102,123.08,2026-06-15 18:24:19.232,.,training (5).log,132,"LR=0.001, z=64, batch size=32"
lr=0.001_z=64_bs=32_seed=242,lr=0.001_z=64_bs=32_seed=242,0.001,0.001,64,32,242,lr=0.001_z=64_bs=32,"LR=0.001, z=64, batch size=32",103,131.16,2026-06-15 18:24:53.524,.,training (5).log,133,"LR=0.001, z=64, batch size=32"
lr=0.001_z=64_bs=32_seed=242,lr=0.001_z=64_bs=32_seed=242,0.001,0.001,64,32,242,lr=0.001_z=64_bs=32,"LR=0.001, z=64, batch size=32",104,127.62,2026-06-15 18:25:56.956,.,training (5).log,134,"LR=0.001, z=64, batch size=32"
lr=0.001_z=64_bs=32_seed=242,lr=0.001_z=64_bs=32_seed=242,0.001,0.001,64,32,242,lr=0.001_z=64_bs=32,"LR=0.001, z=64, batch size=32",105,115.99,2026-06-15 18:26:30.714,.,training (5).log,135,"LR=0.001, z=64, batch size=32"
lr=0.001_z=64_bs=32_seed=242,lr=0.001_z=64_bs=32_seed=242,0.001,0.001,64,32,242,lr=0.001_z=64_bs=32,"LR=0.001, z=64, batch size=32",106,134.88,2026-06-15 18:27:33.774,.,training (5).log,136,"LR=0.001, z=64, batch size=32"
lr=0.001_z=64_bs=32_seed=242,lr=0.001_z=64_bs=32_seed=242,0.001,0.001,64,32,242,lr=0.001_z=64_bs=32,"LR=0.001, z=64, batch size=32",107,123.5,2026-06-15 18:28:07.034,.,training (5).log,137,"LR=0.001, z=64, batch size=32"
lr=0.001_z=64_bs=32_seed=242,lr=0.001_z=64_bs=32_seed=242,0.001,0.001,64,32,242,lr=0.001_z=64_bs=32,"LR=0.001, z=64, batch size=32",108,109.31,2026-06-15 18:29:10.482,.,training (5).log,139,"LR=0.001, z=64, batch size=32"
lr=0.001_z=64_bs=32_seed=242,lr=0.001_z=64_bs=32_seed=242,0.001,0.001,64,32,242,lr=0.001_z=64_bs=32,"LR=0.001, z=64, batch size=32",109,116.98,2026-06-15 18:29:44.240,.,training (5).log,140,"LR=0.001, z=64, batch size=32"
lr=0.001_z=64_bs=32_seed=242,lr=0.001_z=64_bs=32_seed=242,0.001,0.001,64,32,242,lr=0.001_z=64_bs=32,"LR=0.001, z=64, batch size=32",110,131.29,2026-06-15 18:30:46.917,.,training (5).log,141,"LR=0.001, z=64, batch size=32"
lr=0.001_z=64_bs=32_seed=242,lr=0.001_z=64_bs=32_seed=242,0.001,0.001,64,32,242,lr=0.001_z=64_bs=32,"LR=0.001, z=64, batch size=32",111,132.59,2026-06-15 18:31:20.295,.,training (5).log,142,"LR=0.001, z=64, batch size=32"
lr=0.001_z=64_bs=32_seed=242,lr=0.001_z=64_bs=32_seed=242,0.001,0.001,64,32,242,lr=0.001_z=64_bs=32,"LR=0.001, z=64, batch size=32",112,129.84,2026-06-15 18:32:23.132,.,training (5).log,143,"LR=0.001, z=64, batch size=32"
lr=0.001_z=64_bs=32_seed=242,lr=0.001_z=64_bs=32_seed=242,0.001,0.001,64,32,242,lr=0.001_z=64_bs=32,"LR=0.001, z=64, batch size=32",113,118.98,2026-06-15 18:32:56.499,.,training (5).log,144,"LR=0.001, z=64, batch size=32"
lr=0.001_z=64_bs=32_seed=242,lr=0.001_z=64_bs=32_seed=242,0.001,0.001,64,32,242,lr=0.001_z=64_bs=32,"LR=0.001, z=64, batch size=32",114,126.87,2026-06-15 18:34:00.066,.,training (5).log,145,"LR=0.001, z=64, batch size=32"
lr=0.001_z=64_bs=32_seed=242,lr=0.001_z=64_bs=32_seed=242,0.001,0.001,64,32,242,lr=0.001_z=64_bs=32,"LR=0.001, z=64, batch size=32",115,122.83,2026-06-15 18:34:33.559,.,training (5).log,146,"LR=0.001, z=64, batch size=32"
lr=0.001_z=64_bs=32_seed=242,lr=0.001_z=64_bs=32_seed=242,0.001,0.001,64,32,242,lr=0.001_z=64_bs=32,"LR=0.001, z=64, batch size=32",116,124.83,2026-06-15 18:35:36.628,.,training (5).log,147,"LR=0.001, z=64, batch size=32"
lr=0.001_z=64_bs=32_seed=242,lr=0.001_z=64_bs=32_seed=242,0.001,0.001,64,32,242,lr=0.001_z=64_bs=32,"LR=0.001, z=64, batch size=32",117,123.06,2026-06-15 18:36:10.195,.,training (5).log,148,"LR=0.001, z=64, batch size=32"
lr=0.001_z=64_bs=32_seed=242,lr=0.001_z=64_bs=32_seed=242,0.001,0.001,64,32,242,lr=0.001_z=64_bs=32,"LR=0.001, z=64, batch size=32",118,129.03,2026-06-15 18:37:13.129,.,training (5).log,149,"LR=0.001, z=64, batch size=32"
lr=0.001_z=64_bs=32_seed=242,lr=0.001_z=64_bs=32_seed=242,0.001,0.001,64,32,242,lr=0.001_z=64_bs=32,"LR=0.001, z=64, batch size=32",119,125.78,2026-06-15 18:37:47.636,.,training (5).log,150,"LR=0.001, z=64, batch size=32"
lr=0.001_z=64_bs=32_seed=242,lr=0.001_z=64_bs=32_seed=242,0.001,0.001,64,32,242,lr=0.001_z=64_bs=32,"LR=0.001, z=64, batch size=32",120,120.67,2026-06-15 18:38:51.342,.,training (5).log,151,"LR=0.001, z=64, batch size=32"
lr=0.001_z=64_bs=32_seed=242,lr=0.001_z=64_bs=32_seed=242,0.001,0.001,64,32,242,lr=0.001_z=64_bs=32,"LR=0.001, z=64, batch size=32",121,132.3,2026-06-15 18:39:25.480,.,training (5).log,152,"LR=0.001, z=64, batch size=32"
lr=0.001_z=64_bs=32_seed=242,lr=0.001_z=64_bs=32_seed=242,0.001,0.001,64,32,242,lr=0.001_z=64_bs=32,"LR=0.001, z=64, batch size=32",122,114.25,2026-06-15 18:40:29.558,.,training (5).log,153,"LR=0.001, z=64, batch size=32"
lr=0.001_z=64_bs=32_seed=242,lr=0.001_z=64_bs=32_seed=242,0.001,0.001,64,32,242,lr=0.001_z=64_bs=32,"LR=0.001, z=64, batch size=32",123,114.54,2026-06-15 18:41:03.771,.,training (5).log,154,"LR=0.001, z=64, batch size=32"
lr=0.001_z=64_bs=32_seed=242,lr=0.001_z=64_bs=32_seed=242,0.001,0.001,64,32,242,lr=0.001_z=64_bs=32,"LR=0.001, z=64, batch size=32",124,125.32,2026-06-15 18:42:08.131,.,training (5).log,155,"LR=0.001, z=64, batch size=32"
lr=0.001_z=64_bs=32_seed=242,lr=0.001_z=64_bs=32_seed=242,0.001,0.001,64,32,242,lr=0.001_z=64_bs=32,"LR=0.001, z=64, batch size=32",125,118.08,2026-06-15 18:42:43.200,.,training (5).log,156,"LR=0.001, z=64, batch size=32"
lr=0.001_z=64_bs=32_seed=242,lr=0.001_z=64_bs=32_seed=242,0.001,0.001,64,32,242,lr=0.001_z=64_bs=32,"LR=0.001, z=64, batch size=32",126,112.64,2026-06-15 18:43:47.634,.,training (5).log,157,"LR=0.001, z=64, batch size=32"
lr=0.001_z=64_bs=32_seed=242,lr=0.001_z=64_bs=32_seed=242,0.001,0.001,64,32,242,lr=0.001_z=64_bs=32,"LR=0.001, z=64, batch size=32",127,124.41,2026-06-15 18:44:21.808,.,training (5).log,158,"LR=0.001, z=64, batch size=32"
lr=0.001_z=64_bs=32_seed=242,lr=0.001_z=64_bs=32_seed=242,0.001,0.001,64,32,242,lr=0.001_z=64_bs=32,"LR=0.001, z=64, batch size=32",128,120.39,2026-06-15 18:45:25.455,.,training (5).log,159,"LR=0.001, z=64, batch size=32"
lr=0.001_z=64_bs=32_seed=242,lr=0.001_z=64_bs=32_seed=242,0.001,0.001,64,32,242,lr=0.001_z=64_bs=32,"LR=0.001, z=64, batch size=32",129,134.43,2026-06-15 18:45:58.950,.,training (5).log,160,"LR=0.001, z=64, batch size=32"
lr=0.001_z=64_bs=32_seed=242,lr=0.001_z=64_bs=32_seed=242,0.001,0.001,64,32,242,lr=0.001_z=64_bs=32,"LR=0.001, z=64, batch size=32",130,120.42,2026-06-15 18:47:02.111,.,training (5).log,161,"LR=0.001, z=64, batch size=32"
lr=0.001_z=64_bs=32_seed=242,lr=0.001_z=64_bs=32_seed=242,0.001,0.001,64,32,242,lr=0.001_z=64_bs=32,"LR=0.001, z=64, batch size=32",131,129.2,2026-06-15 18:47:36.446,.,training (5).log,162,"LR=0.001, z=64, batch size=32"
lr=0.001_z=64_bs=32_seed=242,lr=0.001_z=64_bs=32_seed=242,0.001,0.001,64,32,242,lr=0.001_z=64_bs=32,"LR=0.001, z=64, batch size=32",132,128.56,2026-06-15 19:12:11.326,.,training (5).log,163,"LR=0.001, z=64, batch size=32"
lr=0.001_z=64_bs=32_seed=242,lr=0.001_z=64_bs=32_seed=242,0.001,0.001,64,32,242,lr=0.001_z=64_bs=32,"LR=0.001, z=64, batch size=32",133,112.72,2026-06-15 19:12:44.228,.,training (5).log,164,"LR=0.001, z=64, batch size=32"
lr=0.001_z=64_bs=32_seed=242,lr=0.001_z=64_bs=32_seed=242,0.001,0.001,64,32,242,lr=0.001_z=64_bs=32,"LR=0.001, z=64, batch size=32",134,134.28,2026-06-15 19:13:17.675,.,training (5).log,165,"LR=0.001, z=64, batch size=32"
lr=0.001_z=64_bs=32_seed=242,lr=0.001_z=64_bs=32_seed=242,0.001,0.001,64,32,242,lr=0.001_z=64_bs=32,"LR=0.001, z=64, batch size=32",135,127.81,2026-06-15 19:13:51.084,.,training (5).log,166,"LR=0.001, z=64, batch size=32"
lr=0.001_z=64_bs=32_seed=242,lr=0.001_z=64_bs=32_seed=242,0.001,0.001,64,32,242,lr=0.001_z=64_bs=32,"LR=0.001, z=64, batch size=32",136,142.51,2026-06-15 19:14:54.075,.,training (5).log,167,"LR=0.001, z=64, batch size=32"
lr=0.001_z=64_bs=32_seed=242,lr=0.001_z=64_bs=32_seed=242,0.001,0.001,64,32,242,lr=0.001_z=64_bs=32,"LR=0.001, z=64, batch size=32",137,116.8,2026-06-15 19:15:27.461,.,training (5).log,168,"LR=0.001, z=64, batch size=32"
lr=0.001_z=64_bs=32_seed=242,lr=0.001_z=64_bs=32_seed=242,0.001,0.001,64,32,242,lr=0.001_z=64_bs=32,"LR=0.001, z=64, batch size=32",138,135.11,2026-06-15 19:16:30.342,.,training (5).log,169,"LR=0.001, z=64, batch size=32"
lr=0.001_z=64_bs=32_seed=242,lr=0.001_z=64_bs=32_seed=242,0.001,0.001,64,32,242,lr=0.001_z=64_bs=32,"LR=0.001, z=64, batch size=32",139,120.04,2026-06-15 19:17:03.473,.,training (5).log,170,"LR=0.001, z=64, batch size=32"
lr=0.001_z=64_bs=32_seed=242,lr=0.001_z=64_bs=32_seed=242,0.001,0.001,64,32,242,lr=0.001_z=64_bs=32,"LR=0.001, z=64, batch size=32",140,112.69,2026-06-15 19:18:06.742,.,training (5).log,171,"LR=0.001, z=64, batch size=32"
lr=0.001_z=64_bs=32_seed=242,lr=0.001_z=64_bs=32_seed=242,0.001,0.001,64,32,242,lr=0.001_z=64_bs=32,"LR=0.001, z=64, batch size=32",141,139.1,2026-06-15 19:18:39.916,.,training (5).log,172,"LR=0.001, z=64, batch size=32"
lr=0.001_z=64_bs=32_seed=242,lr=0.001_z=64_bs=32_seed=242,0.001,0.001,64,32,242,lr=0.001_z=64_bs=32,"LR=0.001, z=64, batch size=32",142,127.72,2026-06-15 19:19:43.184,.,training (5).log,173,"LR=0.001, z=64, batch size=32"
lr=0.001_z=64_bs=32_seed=242,lr=0.001_z=64_bs=32_seed=242,0.001,0.001,64,32,242,lr=0.001_z=64_bs=32,"LR=0.001, z=64, batch size=32",143,123.38,2026-06-15 19:20:17.033,.,training (5).log,174,"LR=0.001, z=64, batch size=32"
lr=0.001_z=64_bs=32_seed=242,lr=0.001_z=64_bs=32_seed=242,0.001,0.001,64,32,242,lr=0.001_z=64_bs=32,"LR=0.001, z=64, batch size=32",144,111.12,2026-06-15 19:21:20.499,.,training (5).log,175,"LR=0.001, z=64, batch size=32"
lr=0.001_z=64_bs=32_seed=242,lr=0.001_z=64_bs=32_seed=242,0.001,0.001,64,32,242,lr=0.001_z=64_bs=32,"LR=0.001, z=64, batch size=32",145,124.16,2026-06-15 19:21:54.045,.,training (5).log,176,"LR=0.001, z=64, batch size=32"
lr=0.001_z=64_bs=32_seed=242,lr=0.001_z=64_bs=32_seed=242,0.001,0.001,64,32,242,lr=0.001_z=64_bs=32,"LR=0.001, z=64, batch size=32",146,124.46,2026-06-15 19:22:58.182,.,training (5).log,177,"LR=0.001, z=64, batch size=32"
lr=0.001_z=64_bs=32_seed=242,lr=0.001_z=64_bs=32_seed=242,0.001,0.001,64,32,242,lr=0.001_z=64_bs=32,"LR=0.001, z=64, batch size=32",147,122.26,2026-06-15 19:23:31.664,.,training (5).log,178,"LR=0.001, z=64, batch size=32"
lr=0.001_z=64_bs=32_seed=242,lr=0.001_z=64_bs=32_seed=242,0.001,0.001,64,32,242,lr=0.001_z=64_bs=32,"LR=0.001, z=64, batch size=32",148,136.39,2026-06-15 19:24:34.998,.,training (5).log,179,"LR=0.001, z=64, batch size=32"
lr=0.001_z=64_bs=32_seed=242,lr=0.001_z=64_bs=32_seed=242,0.001,0.001,64,32,242,lr=0.001_z=64_bs=32,"LR=0.001, z=64, batch size=32",149,128.46,2026-06-15 19:25:09.110,.,training (5).log,180,"LR=0.001, z=64, batch size=32"
lr=0.001_z=64_bs=32_seed=242,lr=0.001_z=64_bs=32_seed=242,0.001,0.001,64,32,242,lr=0.001_z=64_bs=32,"LR=0.001, z=64, batch size=32",150,128.13,2026-06-15 19:26:12.376,.,training (5).log,181,"LR=0.001, z=64, batch size=32"
lr=0.001_z=64_bs=32_seed=242,lr=0.001_z=64_bs=32_seed=242,0.001,0.001,64,32,242,lr=0.001_z=64_bs=32,"LR=0.001, z=64, batch size=32",151,129.07,2026-06-15 19:26:45.736,.,training (5).log,182,"LR=0.001, z=64, batch size=32"
lr=0.001_z=64_bs=32_seed=242,lr=0.001_z=64_bs=32_seed=242,0.001,0.001,64,32,242,lr=0.001_z=64_bs=32,"LR=0.001, z=64, batch size=32",152,124.71,2026-06-15 19:27:48.978,.,training (5).log,183,"LR=0.001, z=64, batch size=32"
lr=0.001_z=64_bs=32_seed=242,lr=0.001_z=64_bs=32_seed=242,0.001,0.001,64,32,242,lr=0.001_z=64_bs=32,"LR=0.001, z=64, batch size=32",153,114.29,2026-06-15 19:28:22.022,.,training (5).log,184,"LR=0.001, z=64, batch size=32"
lr=0.001_z=64_bs=32_seed=242,lr=0.001_z=64_bs=32_seed=242,0.001,0.001,64,32,242,lr=0.001_z=64_bs=32,"LR=0.001, z=64, batch size=32",154,115.45,2026-06-15 19:29:25.143,.,training (5).log,185,"LR=0.001, z=64, batch size=32"
lr=0.001_z=64_bs=32_seed=242,lr=0.001_z=64_bs=32_seed=242,0.001,0.001,64,32,242,lr=0.001_z=64_bs=32,"LR=0.001, z=64, batch size=32",155,125.49,2026-06-15 19:29:58.016,.,training (5).log,186,"LR=0.001, z=64, batch size=32"
lr=0.001_z=64_bs=32_seed=242,lr=0.001_z=64_bs=32_seed=242,0.001,0.001,64,32,242,lr=0.001_z=64_bs=32,"LR=0.001, z=64, batch size=32",156,114.32,2026-06-15 19:31:01.027,.,training (5).log,187,"LR=0.001, z=64, batch size=32"
lr=0.001_z=64_bs=32_seed=242,lr=0.001_z=64_bs=32_seed=242,0.001,0.001,64,32,242,lr=0.001_z=64_bs=32,"LR=0.001, z=64, batch size=32",157,112.2,2026-06-15 19:31:34.095,.,training (5).log,188,"LR=0.001, z=64, batch size=32"
lr=0.001_z=64_bs=32_seed=242,lr=0.001_z=64_bs=32_seed=242,0.001,0.001,64,32,242,lr=0.001_z=64_bs=32,"LR=0.001, z=64, batch size=32",158,123.93,2026-06-15 19:32:37.332,.,training (5).log,189,"LR=0.001, z=64, batch size=32"
lr=0.001_z=64_bs=32_seed=242,lr=0.001_z=64_bs=32_seed=242,0.001,0.001,64,32,242,lr=0.001_z=64_bs=32,"LR=0.001, z=64, batch size=32",159,145.32,2026-06-15 19:33:10.856,.,training (5).log,190,"LR=0.001, z=64, batch size=32"
lr=0.001_z=64_bs=32_seed=242,lr=0.001_z=64_bs=32_seed=242,0.001,0.001,64,32,242,lr=0.001_z=64_bs=32,"LR=0.001, z=64, batch size=32",160,127.63,2026-06-15 19:34:14.581,.,training (5).log,191,"LR=0.001, z=64, batch size=32"
lr=0.001_z=64_bs=32_seed=242,lr=0.001_z=64_bs=32_seed=242,0.001,0.001,64,32,242,lr=0.001_z=64_bs=32,"LR=0.001, z=64, batch size=32",161,121.13,2026-06-15 19:34:47.835,.,training (5).log,192,"LR=0.001, z=64, batch size=32"
lr=0.001_z=64_bs=32_seed=242,lr=0.001_z=64_bs=32_seed=242,0.001,0.001,64,32,242,lr=0.001_z=64_bs=32,"LR=0.001, z=64, batch size=32",162,116.19,2026-06-15 19:35:51.490,.,training (5).log,193,"LR=0.001, z=64, batch size=32"
lr=0.001_z=64_bs=32_seed=242,lr=0.001_z=64_bs=32_seed=242,0.001,0.001,64,32,242,lr=0.001_z=64_bs=32,"LR=0.001, z=64, batch size=32",163,139.06,2026-06-15 19:36:24.753,.,training (5).log,194,"LR=0.001, z=64, batch size=32"
lr=0.001_z=64_bs=32_seed=242,lr=0.001_z=64_bs=32_seed=242,0.001,0.001,64,32,242,lr=0.001_z=64_bs=32,"LR=0.001, z=64, batch size=32",164,122.23,2026-06-15 19:37:28.014,.,training (5).log,195,"LR=0.001, z=64, batch size=32"
lr=0.001_z=64_bs=32_seed=242,lr=0.001_z=64_bs=32_seed=242,0.001,0.001,64,32,242,lr=0.001_z=64_bs=32,"LR=0.001, z=64, batch size=32",165,127.94,2026-06-15 19:38:01.869,.,training (5).log,196,"LR=0.001, z=64, batch size=32"
lr=0.001_z=64_bs=32_seed=242,lr=0.001_z=64_bs=32_seed=242,0.001,0.001,64,32,242,lr=0.001_z=64_bs=32,"LR=0.001, z=64, batch size=32",166,108.83,2026-06-15 19:39:05.880,.,training (5).log,198,"LR=0.001, z=64, batch size=32"
lr=0.001_z=64_bs=32_seed=242,lr=0.001_z=64_bs=32_seed=242,0.001,0.001,64,32,242,lr=0.001_z=64_bs=32,"LR=0.001, z=64, batch size=32",167,123.7,2026-06-15 19:39:40.081,.,training (5).log,199,"LR=0.001, z=64, batch size=32"
lr=0.001_z=64_bs=32_seed=242,lr=0.001_z=64_bs=32_seed=242,0.001,0.001,64,32,242,lr=0.001_z=64_bs=32,"LR=0.001, z=64, batch size=32",168,124.03,2026-06-15 19:40:43.691,.,training (5).log,200,"LR=0.001, z=64, batch size=32"
lr=0.001_z=64_bs=32_seed=242,lr=0.001_z=64_bs=32_seed=242,0.001,0.001,64,32,242,lr=0.001_z=64_bs=32,"LR=0.001, z=64, batch size=32",169,106.75,2026-06-15 19:41:17.618,.,training (5).log,202,"LR=0.001, z=64, batch size=32"
lr=0.001_z=64_bs=32_seed=242,lr=0.001_z=64_bs=32_seed=242,0.001,0.001,64,32,242,lr=0.001_z=64_bs=32,"LR=0.001, z=64, batch size=32",170,124.41,2026-06-15 19:42:20.926,.,training (5).log,203,"LR=0.001, z=64, batch size=32"
lr=0.001_z=64_bs=32_seed=242,lr=0.001_z=64_bs=32_seed=242,0.001,0.001,64,32,242,lr=0.001_z=64_bs=32,"LR=0.001, z=64, batch size=32",171,125.32,2026-06-15 19:42:54.610,.,training (5).log,204,"LR=0.001, z=64, batch size=32"
lr=0.001_z=64_bs=32_seed=242,lr=0.001_z=64_bs=32_seed=242,0.001,0.001,64,32,242,lr=0.001_z=64_bs=32,"LR=0.001, z=64, batch size=32",172,122.34,2026-06-15 19:43:57.303,.,training (5).log,205,"LR=0.001, z=64, batch size=32"
lr=0.001_z=64_bs=32_seed=242,lr=0.001_z=64_bs=32_seed=242,0.001,0.001,64,32,242,lr=0.001_z=64_bs=32,"LR=0.001, z=64, batch size=32",173,129.45,2026-06-15 19:44:30.435,.,training (5).log,206,"LR=0.001, z=64, batch size=32"
lr=0.001_z=64_bs=32_seed=242,lr=0.001_z=64_bs=32_seed=242,0.001,0.001,64,32,242,lr=0.001_z=64_bs=32,"LR=0.001, z=64, batch size=32",174,107.07,2026-06-15 19:45:32.930,.,training (5).log,207,"LR=0.001, z=64, batch size=32"
lr=0.001_z=64_bs=32_seed=242,lr=0.001_z=64_bs=32_seed=242,0.001,0.001,64,32,242,lr=0.001_z=64_bs=32,"LR=0.001, z=64, batch size=32",175,108.42,2026-06-15 19:46:06.913,.,training (5).log,208,"LR=0.001, z=64, batch size=32"
lr=0.001_z=64_bs=32_seed=242,lr=0.001_z=64_bs=32_seed=242,0.001,0.001,64,32,242,lr=0.001_z=64_bs=32,"LR=0.001, z=64, batch size=32",176,123.09,2026-06-15 19:47:10.258,.,training (5).log,209,"LR=0.001, z=64, batch size=32"
lr=0.001_z=64_bs=32_seed=242,lr=0.001_z=64_bs=32_seed=242,0.001,0.001,64,32,242,lr=0.001_z=64_bs=32,"LR=0.001, z=64, batch size=32",177,112.53,2026-06-15 19:47:43.908,.,training (5).log,210,"LR=0.001, z=64, batch size=32"
lr=0.001_z=64_bs=32_seed=242,lr=0.001_z=64_bs=32_seed=242,0.001,0.001,64,32,242,lr=0.001_z=64_bs=32,"LR=0.001, z=64, batch size=32",178,120.09,2026-06-15 19:48:47.099,.,training (5).log,211,"LR=0.001, z=64, batch size=32"
lr=0.001_z=64_bs=32_seed=242,lr=0.001_z=64_bs=32_seed=242,0.001,0.001,64,32,242,lr=0.001_z=64_bs=32,"LR=0.001, z=64, batch size=32",179,122.89,2026-06-15 19:49:21.145,.,training (5).log,212,"LR=0.001, z=64, batch size=32"
lr=0.001_z=64_bs=32_seed=242,lr=0.001_z=64_bs=32_seed=242,0.001,0.001,64,32,242,lr=0.001_z=64_bs=32,"LR=0.001, z=64, batch size=32",180,113.58,2026-06-15 19:50:24.280,.,training (5).log,213,"LR=0.001, z=64, batch size=32"
lr=0.001_z=64_bs=32_seed=242,lr=0.001_z=64_bs=32_seed=242,0.001,0.001,64,32,242,lr=0.001_z=64_bs=32,"LR=0.001, z=64, batch size=32",181,138.42,2026-06-15 19:50:57.103,.,training (5).log,214,"LR=0.001, z=64, batch size=32"
lr=0.001_z=64_bs=32_seed=242,lr=0.001_z=64_bs=32_seed=242,0.001,0.001,64,32,242,lr=0.001_z=64_bs=32,"LR=0.001, z=64, batch size=32",182,112.25,2026-06-15 19:51:59.907,.,training (5).log,215,"LR=0.001, z=64, batch size=32"
lr=0.001_z=64_bs=32_seed=242,lr=0.001_z=64_bs=32_seed=242,0.001,0.001,64,32,242,lr=0.001_z=64_bs=32,"LR=0.001, z=64, batch size=32",183,122.78,2026-06-15 19:52:33.166,.,training (5).log,216,"LR=0.001, z=64, batch size=32"
lr=0.001_z=64_bs=32_seed=242,lr=0.001_z=64_bs=32_seed=242,0.001,0.001,64,32,242,lr=0.001_z=64_bs=32,"LR=0.001, z=64, batch size=32",184,118.24,2026-06-15 19:53:36.020,.,training (5).log,217,"LR=0.001, z=64, batch size=32"
lr=0.001_z=64_bs=32_seed=242,lr=0.001_z=64_bs=32_seed=242,0.001,0.001,64,32,242,lr=0.001_z=64_bs=32,"LR=0.001, z=64, batch size=32",185,120.9,2026-06-15 19:54:09.602,.,training (5).log,218,"LR=0.001, z=64, batch size=32"
lr=0.001_z=64_bs=32_seed=242,lr=0.001_z=64_bs=32_seed=242,0.001,0.001,64,32,242,lr=0.001_z=64_bs=32,"LR=0.001, z=64, batch size=32",186,133.97,2026-06-15 19:55:13.712,.,training (5).log,219,"LR=0.001, z=64, batch size=32"
lr=0.001_z=64_bs=32_seed=242,lr=0.001_z=64_bs=32_seed=242,0.001,0.001,64,32,242,lr=0.001_z=64_bs=32,"LR=0.001, z=64, batch size=32",187,122.38,2026-06-15 19:55:47.779,.,training (5).log,220,"LR=0.001, z=64, batch size=32"
lr=0.001_z=64_bs=32_seed=242,lr=0.001_z=64_bs=32_seed=242,0.001,0.001,64,32,242,lr=0.001_z=64_bs=32,"LR=0.001, z=64, batch size=32",188,117.5,2026-06-15 19:56:51.109,.,training (5).log,221,"LR=0.001, z=64, batch size=32"
lr=0.001_z=64_bs=32_seed=242,lr=0.001_z=64_bs=32_seed=242,0.001,0.001,64,32,242,lr=0.001_z=64_bs=32,"LR=0.001, z=64, batch size=32",189,114.4,2026-06-15 19:57:25.485,.,training (5).log,222,"LR=0.001, z=64, batch size=32"
lr=0.001_z=64_bs=32_seed=242,lr=0.001_z=64_bs=32_seed=242,0.001,0.001,64,32,242,lr=0.001_z=64_bs=32,"LR=0.001, z=64, batch size=32",190,109.35,2026-06-15 19:58:28.962,.,training (5).log,223,"LR=0.001, z=64, batch size=32"
lr=0.001_z=64_bs=32_seed=242,lr=0.001_z=64_bs=32_seed=242,0.001,0.001,64,32,242,lr=0.001_z=64_bs=32,"LR=0.001, z=64, batch size=32",191,112.71,2026-06-15 19:59:02.111,.,training (5).log,224,"LR=0.001, z=64, batch size=32"
lr=0.001_z=64_bs=32_seed=242,lr=0.001_z=64_bs=32_seed=242,0.001,0.001,64,32,242,lr=0.001_z=64_bs=32,"LR=0.001, z=64, batch size=32",192,117.41,2026-06-15 20:00:05.648,.,training (5).log,225,"LR=0.001, z=64, batch size=32"
lr=0.001_z=64_bs=32_seed=242,lr=0.001_z=64_bs=32_seed=242,0.001,0.001,64,32,242,lr=0.001_z=64_bs=32,"LR=0.001, z=64, batch size=32",193,109.09,2026-06-15 20:00:39.647,.,training (5).log,226,"LR=0.001, z=64, batch size=32"
lr=0.001_z=64_bs=32_seed=242,lr=0.001_z=64_bs=32_seed=242,0.001,0.001,64,32,242,lr=0.001_z=64_bs=32,"LR=0.001, z=64, batch size=32",194,123.37,2026-06-15 20:01:43.399,.,training (5).log,227,"LR=0.001, z=64, batch size=32"
lr=0.001_z=64_bs=32_seed=242,lr=0.001_z=64_bs=32_seed=242,0.001,0.001,64,32,242,lr=0.001_z=64_bs=32,"LR=0.001, z=64, batch size=32",195,106.35,2026-06-15 20:02:17.754,.,training (5).log,229,"LR=0.001, z=64, batch size=32"
lr=0.001_z=64_bs=32_seed=242,lr=0.001_z=64_bs=32_seed=242,0.001,0.001,64,32,242,lr=0.001_z=64_bs=32,"LR=0.001, z=64, batch size=32",196,121.23,2026-06-15 20:03:21.878,.,training (5).log,230,"LR=0.001, z=64, batch size=32"
lr=0.001_z=64_bs=32_seed=242,lr=0.001_z=64_bs=32_seed=242,0.001,0.001,64,32,242,lr=0.001_z=64_bs=32,"LR=0.001, z=64, batch size=32",197,119.06,2026-06-15 20:03:55.951,.,training (5).log,231,"LR=0.001, z=64, batch size=32"
lr=0.001_z=64_bs=32_seed=242,lr=0.001_z=64_bs=32_seed=242,0.001,0.001,64,32,242,lr=0.001_z=64_bs=32,"LR=0.001, z=64, batch size=32",198,118.13,2026-06-15 20:05:00.301,.,training (5).log,232,"LR=0.001, z=64, batch size=32"
lr=0.001_z=64_bs=32_seed=242,lr=0.001_z=64_bs=32_seed=242,0.001,0.001,64,32,242,lr=0.001_z=64_bs=32,"LR=0.001, z=64, batch size=32",199,120.09,2026-06-15 20:05:34.649,.,training (5).log,233,"LR=0.001, z=64, batch size=32"
lr=0.001_z=64_bs=32_seed=242,lr=0.001_z=64_bs=32_seed=242,0.001,0.001,64,32,242,lr=0.001_z=64_bs=32,"LR=0.001, z=64, batch size=32",200,130.43,2026-06-15 20:06:38.413,.,training (5).log,234,"LR=0.001, z=64, batch size=32"
lr=0.001_z=64_bs=32_seed=242,lr=0.001_z=64_bs=32_seed=242,0.001,0.001,64,32,242,lr=0.001_z=64_bs=32,"LR=0.001, z=64, batch size=32",201,116.73,2026-06-15 20:07:12.274,.,training (5).log,235,"LR=0.001, z=64, batch size=32"
lr=0.001_z=64_bs=32_seed=242,lr=0.001_z=64_bs=32_seed=242,0.001,0.001,64,32,242,lr=0.001_z=64_bs=32,"LR=0.001, z=64, batch size=32",202,121.43,2026-06-15 20:08:15.624,.,training (5).log,236,"LR=0.001, z=64, batch size=32"
lr=0.001_z=64_bs=32_seed=242,lr=0.001_z=64_bs=32_seed=242,0.001,0.001,64,32,242,lr=0.001_z=64_bs=32,"LR=0.001, z=64, batch size=32",203,119.58,2026-06-15 20:08:49.817,.,training (5).log,237,"LR=0.001, z=64, batch size=32"
lr=0.001_z=64_bs=32_seed=242,lr=0.001_z=64_bs=32_seed=242,0.001,0.001,64,32,242,lr=0.001_z=64_bs=32,"LR=0.001, z=64, batch size=32",204,126.73,2026-06-15 20:09:53.913,.,training (5).log,238,"LR=0.001, z=64, batch size=32"
lr=0.001_z=64_bs=32_seed=242,lr=0.001_z=64_bs=32_seed=242,0.001,0.001,64,32,242,lr=0.001_z=64_bs=32,"LR=0.001, z=64, batch size=32",205,112.44,2026-06-15 20:10:27.568,.,training (5).log,239,"LR=0.001, z=64, batch size=32"
lr=0.001_z=64_bs=32_seed=242,lr=0.001_z=64_bs=32_seed=242,0.001,0.001,64,32,242,lr=0.001_z=64_bs=32,"LR=0.001, z=64, batch size=32",206,116.43,2026-06-15 20:11:31.092,.,training (5).log,240,"LR=0.001, z=64, batch size=32"
lr=0.001_z=64_bs=32_seed=242,lr=0.001_z=64_bs=32_seed=242,0.001,0.001,64,32,242,lr=0.001_z=64_bs=32,"LR=0.001, z=64, batch size=32",207,106.9,2026-06-15 20:12:05.246,.,training (5).log,241,"LR=0.001, z=64, batch size=32"
lr=0.001_z=64_bs=32_seed=242,lr=0.001_z=64_bs=32_seed=242,0.001,0.001,64,32,242,lr=0.001_z=64_bs=32,"LR=0.001, z=64, batch size=32",208,110.52,2026-06-15 20:13:08.247,.,training (5).log,242,"LR=0.001, z=64, batch size=32"
lr=0.001_z=64_bs=32_seed=242,lr=0.001_z=64_bs=32_seed=242,0.001,0.001,64,32,242,lr=0.001_z=64_bs=32,"LR=0.001, z=64, batch size=32",209,118.51,2026-06-15 20:13:42.610,.,training (5).log,243,"LR=0.001, z=64, batch size=32"
lr=0.001_z=64_bs=32_seed=242,lr=0.001_z=64_bs=32_seed=242,0.001,0.001,64,32,242,lr=0.001_z=64_bs=32,"LR=0.001, z=64, batch size=32",210,112.94,2026-06-15 20:14:46.755,.,training (5).log,244,"LR=0.001, z=64, batch size=32"
lr=0.001_z=64_bs=32_seed=242,lr=0.001_z=64_bs=32_seed=242,0.001,0.001,64,32,242,lr=0.001_z=64_bs=32,"LR=0.001, z=64, batch size=32",211,109.51,2026-06-15 20:15:21.179,.,training (5).log,245,"LR=0.001, z=64, batch size=32"
lr=0.001_z=64_bs=32_seed=242,lr=0.001_z=64_bs=32_seed=242,0.001,0.001,64,32,242,lr=0.001_z=64_bs=32,"LR=0.001, z=64, batch size=32",212,140.76,2026-06-15 20:16:24.887,.,training (5).log,246,"LR=0.001, z=64, batch size=32"
lr=0.001_z=64_bs=32_seed=242,lr=0.001_z=64_bs=32_seed=242,0.001,0.001,64,32,242,lr=0.001_z=64_bs=32,"LR=0.001, z=64, batch size=32",213,124.44,2026-06-15 20:16:58.951,.,training (5).log,247,"LR=0.001, z=64, batch size=32"
lr=0.001_z=64_bs=32_seed=242,lr=0.001_z=64_bs=32_seed=242,0.001,0.001,64,32,242,lr=0.001_z=64_bs=32,"LR=0.001, z=64, batch size=32",214,114.03,2026-06-15 20:18:03.125,.,training (5).log,248,"LR=0.001, z=64, batch size=32"
lr=0.001_z=64_bs=32_seed=242,lr=0.001_z=64_bs=32_seed=242,0.001,0.001,64,32,242,lr=0.001_z=64_bs=32,"LR=0.001, z=64, batch size=32",215,123.71,2026-06-15 20:18:37.541,.,training (5).log,249,"LR=0.001, z=64, batch size=32"
lr=0.001_z=64_bs=32_seed=242,lr=0.001_z=64_bs=32_seed=242,0.001,0.001,64,32,242,lr=0.001_z=64_bs=32,"LR=0.001, z=64, batch size=32",216,110.74,2026-06-15 20:19:41.681,.,training (5).log,250,"LR=0.001, z=64, batch size=32"
lr=0.001_z=64_bs=32_seed=242,lr=0.001_z=64_bs=32_seed=242,0.001,0.001,64,32,242,lr=0.001_z=64_bs=32,"LR=0.001, z=64, batch size=32",217,115.0,2026-06-15 20:20:15.905,.,training (5).log,251,"LR=0.001, z=64, batch size=32"
lr=0.001_z=64_bs=32_seed=242,lr=0.001_z=64_bs=32_seed=242,0.001,0.001,64,32,242,lr=0.001_z=64_bs=32,"LR=0.001, z=64, batch size=32",218,129.35,2026-06-15 20:21:20.190,.,training (5).log,252,"LR=0.001, z=64, batch size=32"
lr=0.001_z=64_bs=32_seed=242,lr=0.001_z=64_bs=32_seed=242,0.001,0.001,64,32,242,lr=0.001_z=64_bs=32,"LR=0.001, z=64, batch size=32",219,113.7,2026-06-15 20:21:55.042,.,training (5).log,253,"LR=0.001, z=64, batch size=32"
lr=0.001_z=64_bs=32_seed=242,lr=0.001_z=64_bs=32_seed=242,0.001,0.001,64,32,242,lr=0.001_z=64_bs=32,"LR=0.001, z=64, batch size=32",220,119.17,2026-06-15 20:22:58.872,.,training (5).log,254,"LR=0.001, z=64, batch size=32"
lr=0.001_z=64_bs=32_seed=242,lr=0.001_z=64_bs=32_seed=242,0.001,0.001,64,32,242,lr=0.001_z=64_bs=32,"LR=0.001, z=64, batch size=32",221,122.68,2026-06-15 20:23:32.569,.,training (5).log,255,"LR=0.001, z=64, batch size=32"
lr=0.001_z=64_bs=32_seed=242,lr=0.001_z=64_bs=32_seed=242,0.001,0.001,64,32,242,lr=0.001_z=64_bs=32,"LR=0.001, z=64, batch size=32",222,121.89,2026-06-15 20:24:35.116,.,training (5).log,256,"LR=0.001, z=64, batch size=32"
lr=0.001_z=64_bs=32_seed=242,lr=0.001_z=64_bs=32_seed=242,0.001,0.001,64,32,242,lr=0.001_z=64_bs=32,"LR=0.001, z=64, batch size=32",223,117.77,2026-06-15 20:25:08.872,.,training (5).log,257,"LR=0.001, z=64, batch size=32"
lr=0.001_z=64_bs=32_seed=242,lr=0.001_z=64_bs=32_seed=242,0.001,0.001,64,32,242,lr=0.001_z=64_bs=32,"LR=0.001, z=64, batch size=32",224,112.3,2026-06-15 20:26:12.985,.,training (5).log,258,"LR=0.001, z=64, batch size=32"
lr=0.001_z=64_bs=32_seed=242,lr=0.001_z=64_bs=32_seed=242,0.001,0.001,64,32,242,lr=0.001_z=64_bs=32,"LR=0.001, z=64, batch size=32",225,109.25,2026-06-15 20:26:46.788,.,training (5).log,259,"LR=0.001, z=64, batch size=32"
lr=0.001_z=64_bs=32_seed=242,lr=0.001_z=64_bs=32_seed=242,0.001,0.001,64,32,242,lr=0.001_z=64_bs=32,"LR=0.001, z=64, batch size=32",226,111.97,2026-06-15 20:27:50.913,.,training (5).log,260,"LR=0.001, z=64, batch size=32"
lr=0.001_z=64_bs=32_seed=242,lr=0.001_z=64_bs=32_seed=242,0.001,0.001,64,32,242,lr=0.001_z=64_bs=32,"LR=0.001, z=64, batch size=32",227,118.99,2026-06-15 20:28:24.816,.,training (5).log,261,"LR=0.001, z=64, batch size=32"
lr=0.001_z=64_bs=32_seed=242,lr=0.001_z=64_bs=32_seed=242,0.001,0.001,64,32,242,lr=0.001_z=64_bs=32,"LR=0.001, z=64, batch size=32",228,119.59,2026-06-15 20:54:00.391,.,training (5).log,262,"LR=0.001, z=64, batch size=32"
lr=0.001_z=64_bs=32_seed=242,lr=0.001_z=64_bs=32_seed=242,0.001,0.001,64,32,242,lr=0.001_z=64_bs=32,"LR=0.001, z=64, batch size=32",229,117.67,2026-06-15 20:54:33.614,.,training (5).log,263,"LR=0.001, z=64, batch size=32"
lr=0.001_z=64_bs=32_seed=242,lr=0.001_z=64_bs=32_seed=242,0.001,0.001,64,32,242,lr=0.001_z=64_bs=32,"LR=0.001, z=64, batch size=32",230,120.5,2026-06-15 20:55:06.749,.,training (5).log,264,"LR=0.001, z=64, batch size=32"
lr=0.001_z=64_bs=32_seed=242,lr=0.001_z=64_bs=32_seed=242,0.001,0.001,64,32,242,lr=0.001_z=64_bs=32,"LR=0.001, z=64, batch size=32",231,133.72,2026-06-15 20:55:39.956,.,training (5).log,265,"LR=0.001, z=64, batch size=32"
lr=0.001_z=64_bs=32_seed=242,lr=0.001_z=64_bs=32_seed=242,0.001,0.001,64,32,242,lr=0.001_z=64_bs=32,"LR=0.001, z=64, batch size=32",232,112.44,2026-06-15 20:56:43.048,.,training (5).log,266,"LR=0.001, z=64, batch size=32"
lr=0.001_z=64_bs=32_seed=242,lr=0.001_z=64_bs=32_seed=242,0.001,0.001,64,32,242,lr=0.001_z=64_bs=32,"LR=0.001, z=64, batch size=32",233,129.43,2026-06-15 20:57:16.454,.,training (5).log,267,"LR=0.001, z=64, batch size=32"
lr=0.001_z=64_bs=32_seed=242,lr=0.001_z=64_bs=32_seed=242,0.001,0.001,64,32,242,lr=0.001_z=64_bs=32,"LR=0.001, z=64, batch size=32",234,136.15,2026-06-15 20:58:20.129,.,training (5).log,268,"LR=0.001, z=64, batch size=32"
lr=0.001_z=64_bs=32_seed=242,lr=0.001_z=64_bs=32_seed=242,0.001,0.001,64,32,242,lr=0.001_z=64_bs=32,"LR=0.001, z=64, batch size=32",235,128.66,2026-06-15 20:58:54.268,.,training (5).log,269,"LR=0.001, z=64, batch size=32"
lr=0.001_z=64_bs=32_seed=242,lr=0.001_z=64_bs=32_seed=242,0.001,0.001,64,32,242,lr=0.001_z=64_bs=32,"LR=0.001, z=64, batch size=32",236,122.33,2026-06-15 20:59:56.769,.,training (5).log,270,"LR=0.001, z=64, batch size=32"
lr=0.001_z=64_bs=32_seed=242,lr=0.001_z=64_bs=32_seed=242,0.001,0.001,64,32,242,lr=0.001_z=64_bs=32,"LR=0.001, z=64, batch size=32",237,111.2,2026-06-15 21:00:30.046,.,training (5).log,271,"LR=0.001, z=64, batch size=32"
lr=0.001_z=64_bs=32_seed=242,lr=0.001_z=64_bs=32_seed=242,0.001,0.001,64,32,242,lr=0.001_z=64_bs=32,"LR=0.001, z=64, batch size=32",238,108.38,2026-06-15 21:01:32.577,.,training (5).log,272,"LR=0.001, z=64, batch size=32"
lr=0.001_z=64_bs=32_seed=242,lr=0.001_z=64_bs=32_seed=242,0.001,0.001,64,32,242,lr=0.001_z=64_bs=32,"LR=0.001, z=64, batch size=32",239,120.03,2026-06-15 21:02:06.037,.,training (5).log,273,"LR=0.001, z=64, batch size=32"
lr=0.001_z=64_bs=32_seed=242,lr=0.001_z=64_bs=32_seed=242,0.001,0.001,64,32,242,lr=0.001_z=64_bs=32,"LR=0.001, z=64, batch size=32",240,116.75,2026-06-15 21:03:09.630,.,training (5).log,274,"LR=0.001, z=64, batch size=32"
lr=0.001_z=64_bs=32_seed=242,lr=0.001_z=64_bs=32_seed=242,0.001,0.001,64,32,242,lr=0.001_z=64_bs=32,"LR=0.001, z=64, batch size=32",241,112.0,2026-06-15 21:03:43.524,.,training (5).log,275,"LR=0.001, z=64, batch size=32"
lr=0.001_z=64_bs=32_seed=242,lr=0.001_z=64_bs=32_seed=242,0.001,0.001,64,32,242,lr=0.001_z=64_bs=32,"LR=0.001, z=64, batch size=32",242,125.55,2026-06-15 21:04:46.716,.,training (5).log,276,"LR=0.001, z=64, batch size=32"
lr=0.001_z=64_bs=32_seed=242,lr=0.001_z=64_bs=32_seed=242,0.001,0.001,64,32,242,lr=0.001_z=64_bs=32,"LR=0.001, z=64, batch size=32",243,121.5,2026-06-15 21:05:19.793,.,training (5).log,277,"LR=0.001, z=64, batch size=32"
lr=0.001_z=64_bs=32_seed=242,lr=0.001_z=64_bs=32_seed=242,0.001,0.001,64,32,242,lr=0.001_z=64_bs=32,"LR=0.001, z=64, batch size=32",244,122.06,2026-06-15 21:06:23.147,.,training (5).log,278,"LR=0.001, z=64, batch size=32"
lr=0.001_z=64_bs=32_seed=242,lr=0.001_z=64_bs=32_seed=242,0.001,0.001,64,32,242,lr=0.001_z=64_bs=32,"LR=0.001, z=64, batch size=32",245,112.57,2026-06-15 21:06:56.853,.,training (5).log,279,"LR=0.001, z=64, batch size=32"
lr=0.001_z=64_bs=32_seed=242,lr=0.001_z=64_bs=32_seed=242,0.001,0.001,64,32,242,lr=0.001_z=64_bs=32,"LR=0.001, z=64, batch size=32",246,114.69,2026-06-15 21:08:00.385,.,training (5).log,280,"LR=0.001, z=64, batch size=32"
lr=0.001_z=64_bs=32_seed=242,lr=0.001_z=64_bs=32_seed=242,0.001,0.001,64,32,242,lr=0.001_z=64_bs=32,"LR=0.001, z=64, batch size=32",247,106.75,2026-06-15 21:08:34.314,.,training (5).log,281,"LR=0.001, z=64, batch size=32"
lr=0.001_z=64_bs=32_seed=242,lr=0.001_z=64_bs=32_seed=242,0.001,0.001,64,32,242,lr=0.001_z=64_bs=32,"LR=0.001, z=64, batch size=32",248,127.99,2026-06-15 21:09:37.891,.,training (5).log,282,"LR=0.001, z=64, batch size=32"
lr=0.001_z=64_bs=32_seed=242,lr=0.001_z=64_bs=32_seed=242,0.001,0.001,64,32,242,lr=0.001_z=64_bs=32,"LR=0.001, z=64, batch size=32",249,126.54,2026-06-15 21:10:11.649,.,training (5).log,283,"LR=0.001, z=64, batch size=32"
lr=0.001_z=64_bs=32_seed=242,lr=0.001_z=64_bs=32_seed=242,0.001,0.001,64,32,242,lr=0.001_z=64_bs=32,"LR=0.001, z=64, batch size=32",250,121.07,2026-06-15 21:11:15.570,.,training (5).log,284,"LR=0.001, z=64, batch size=32"
lr=0.001_z=64_bs=32_seed=242,lr=0.001_z=64_bs=32_seed=242,0.001,0.001,64,32,242,lr=0.001_z=64_bs=32,"LR=0.001, z=64, batch size=32",251,113.65,2026-06-15 21:11:48.918,.,training (5).log,285,"LR=0.001, z=64, batch size=32"
lr=0.001_z=64_bs=32_seed=242,lr=0.001_z=64_bs=32_seed=242,0.001,0.001,64,32,242,lr=0.001_z=64_bs=32,"LR=0.001, z=64, batch size=32",252,115.95,2026-06-15 21:12:52.436,.,training (5).log,286,"LR=0.001, z=64, batch size=32"
lr=0.001_z=64_bs=32_seed=242,lr=0.001_z=64_bs=32_seed=242,0.001,0.001,64,32,242,lr=0.001_z=64_bs=32,"LR=0.001, z=64, batch size=32",253,125.42,2026-06-15 21:13:26.335,.,training (5).log,287,"LR=0.001, z=64, batch size=32"
lr=0.001_z=64_bs=32_seed=242,lr=0.001_z=64_bs=32_seed=242,0.001,0.001,64,32,242,lr=0.001_z=64_bs=32,"LR=0.001, z=64, batch size=32",254,127.41,2026-06-15 21:14:29.585,.,training (5).log,288,"LR=0.001, z=64, batch size=32"
lr=0.001_z=64_bs=32_seed=242,lr=0.001_z=64_bs=32_seed=242,0.001,0.001,64,32,242,lr=0.001_z=64_bs=32,"LR=0.001, z=64, batch size=32",255,123.58,2026-06-15 21:15:03.705,.,training (5).log,289,"LR=0.001, z=64, batch size=32"
lr=0.001_z=64_bs=32_seed=242,lr=0.001_z=64_bs=32_seed=242,0.001,0.001,64,32,242,lr=0.001_z=64_bs=32,"LR=0.001, z=64, batch size=32",256,111.73,2026-06-15 21:16:07.022,.,training (5).log,290,"LR=0.001, z=64, batch size=32"
lr=0.001_z=64_bs=32_seed=242,lr=0.001_z=64_bs=32_seed=242,0.001,0.001,64,32,242,lr=0.001_z=64_bs=32,"LR=0.001, z=64, batch size=32",257,108.37,2026-06-15 21:16:40.771,.,training (5).log,291,"LR=0.001, z=64, batch size=32"
lr=0.001_z=64_bs=32_seed=242,lr=0.001_z=64_bs=32_seed=242,0.001,0.001,64,32,242,lr=0.001_z=64_bs=32,"LR=0.001, z=64, batch size=32",258,121.08,2026-06-15 21:17:44.593,.,training (5).log,292,"LR=0.001, z=64, batch size=32"
lr=0.001_z=64_bs=32_seed=242,lr=0.001_z=64_bs=32_seed=242,0.001,0.001,64,32,242,lr=0.001_z=64_bs=32,"LR=0.001, z=64, batch size=32",259,116.01,2026-06-15 21:18:17.977,.,training (5).log,293,"LR=0.001, z=64, batch size=32"
lr=0.001_z=64_bs=32_seed=242,lr=0.001_z=64_bs=32_seed=242,0.001,0.001,64,32,242,lr=0.001_z=64_bs=32,"LR=0.001, z=64, batch size=32",260,115.74,2026-06-15 21:19:21.578,.,training (5).log,294,"LR=0.001, z=64, batch size=32"
lr=0.001_z=64_bs=32_seed=242,lr=0.001_z=64_bs=32_seed=242,0.001,0.001,64,32,242,lr=0.001_z=64_bs=32,"LR=0.001, z=64, batch size=32",261,111.86,2026-06-15 21:19:55.956,.,training (5).log,295,"LR=0.001, z=64, batch size=32"
lr=0.001_z=64_bs=32_seed=242,lr=0.001_z=64_bs=32_seed=242,0.001,0.001,64,32,242,lr=0.001_z=64_bs=32,"LR=0.001, z=64, batch size=32",262,120.08,2026-06-15 21:20:59.585,.,training (5).log,296,"LR=0.001, z=64, batch size=32"
lr=0.001_z=64_bs=32_seed=242,lr=0.001_z=64_bs=32_seed=242,0.001,0.001,64,32,242,lr=0.001_z=64_bs=32,"LR=0.001, z=64, batch size=32",263,117.16,2026-06-15 21:21:33.770,.,training (5).log,297,"LR=0.001, z=64, batch size=32"
lr=0.001_z=64_bs=32_seed=242,lr=0.001_z=64_bs=32_seed=242,0.001,0.001,64,32,242,lr=0.001_z=64_bs=32,"LR=0.001, z=64, batch size=32",264,121.38,2026-06-15 21:22:37.146,.,training (5).log,298,"LR=0.001, z=64, batch size=32"
lr=0.001_z=64_bs=32_seed=242,lr=0.001_z=64_bs=32_seed=242,0.001,0.001,64,32,242,lr=0.001_z=64_bs=32,"LR=0.001, z=64, batch size=32",265,112.7,2026-06-15 21:23:10.637,.,training (5).log,299,"LR=0.001, z=64, batch size=32"
lr=0.001_z=64_bs=32_seed=242,lr=0.001_z=64_bs=32_seed=242,0.001,0.001,64,32,242,lr=0.001_z=64_bs=32,"LR=0.001, z=64, batch size=32",266,111.07,2026-06-15 21:24:13.509,.,training (5).log,300,"LR=0.001, z=64, batch size=32"
lr=0.001_z=64_bs=32_seed=242,lr=0.001_z=64_bs=32_seed=242,0.001,0.001,64,32,242,lr=0.001_z=64_bs=32,"LR=0.001, z=64, batch size=32",267,117.94,2026-06-15 21:24:46.735,.,training (5).log,301,"LR=0.001, z=64, batch size=32"
lr=0.001_z=64_bs=32_seed=242,lr=0.001_z=64_bs=32_seed=242,0.001,0.001,64,32,242,lr=0.001_z=64_bs=32,"LR=0.001, z=64, batch size=32",268,119.52,2026-06-15 21:25:50.993,.,training (5).log,302,"LR=0.001, z=64, batch size=32"
lr=0.001_z=64_bs=32_seed=242,lr=0.001_z=64_bs=32_seed=242,0.001,0.001,64,32,242,lr=0.001_z=64_bs=32,"LR=0.001, z=64, batch size=32",269,107.44,2026-06-15 21:26:25.528,.,training (5).log,303,"LR=0.001, z=64, batch size=32"
lr=0.001_z=64_bs=32_seed=242,lr=0.001_z=64_bs=32_seed=242,0.001,0.001,64,32,242,lr=0.001_z=64_bs=32,"LR=0.001, z=64, batch size=32",270,124.71,2026-06-15 21:27:29.180,.,training (5).log,304,"LR=0.001, z=64, batch size=32"
lr=0.001_z=64_bs=32_seed=242,lr=0.001_z=64_bs=32_seed=242,0.001,0.001,64,32,242,lr=0.001_z=64_bs=32,"LR=0.001, z=64, batch size=32",271,108.82,2026-06-15 21:28:03.377,.,training (5).log,305,"LR=0.001, z=64, batch size=32"
lr=0.001_z=64_bs=32_seed=242,lr=0.001_z=64_bs=32_seed=242,0.001,0.001,64,32,242,lr=0.001_z=64_bs=32,"LR=0.001, z=64, batch size=32",272,120.14,2026-06-15 21:29:06.998,.,training (5).log,306,"LR=0.001, z=64, batch size=32"
lr=0.001_z=64_bs=32_seed=242,lr=0.001_z=64_bs=32_seed=242,0.001,0.001,64,32,242,lr=0.001_z=64_bs=32,"LR=0.001, z=64, batch size=32",273,133.55,2026-06-15 21:29:40.860,.,training (5).log,307,"LR=0.001, z=64, batch size=32"
lr=0.001_z=64_bs=32_seed=242,lr=0.001_z=64_bs=32_seed=242,0.001,0.001,64,32,242,lr=0.001_z=64_bs=32,"LR=0.001, z=64, batch size=32",274,114.3,2026-06-15 21:30:44.640,.,training (5).log,308,"LR=0.001, z=64, batch size=32"
lr=0.001_z=64_bs=32_seed=242,lr=0.001_z=64_bs=32_seed=242,0.001,0.001,64,32,242,lr=0.001_z=64_bs=32,"LR=0.001, z=64, batch size=32",275,112.75,2026-06-15 21:31:18.332,.,training (5).log,309,"LR=0.001, z=64, batch size=32"
