run_id_raw,run_id,lr_raw,lr,z,bs,seed,config,config_label_full,epoch,fid,timestamp,source_folder,source_file,line_no,config_display_label
lr=0.001_z=64_bs=32_seed=42,lr=0.001_z=64_bs=32_seed=42,0.001,0.001,64,32,42,lr=0.001_z=64_bs=32,"LR=0.001, z=64, batch size=32",1,289.79,2026-06-15 22:40:20.562,.,training.log,6,"LR=0.001, z=64, batch size=32"
lr=0.001_z=64_bs=32_seed=42,lr=0.001_z=64_bs=32_seed=42,0.001,0.001,64,32,42,lr=0.001_z=64_bs=32,"LR=0.001, z=64, batch size=32",2,316.34,2026-06-15 22:41:00.446,.,training.log,7,"LR=0.001, z=64, batch size=32"
lr=0.001_z=64_bs=32_seed=42,lr=0.001_z=64_bs=32_seed=42,0.001,0.001,64,32,42,lr=0.001_z=64_bs=32,"LR=0.001, z=64, batch size=32",3,314.07,2026-06-15 22:41:49.113,.,training.log,8,"LR=0.001, z=64, batch size=32"
lr=0.001_z=64_bs=32_seed=42,lr=0.001_z=64_bs=32_seed=42,0.001,0.001,64,32,42,lr=0.001_z=64_bs=32,"LR=0.001, z=64, batch size=32",4,282.02,2026-06-15 22:42:28.024,.,training.log,10,"LR=0.001, z=64, batch size=32"
lr=0.001_z=64_bs=32_seed=42,lr=0.001_z=64_bs=32_seed=42,0.001,0.001,64,32,42,lr=0.001_z=64_bs=32,"LR=0.001, z=64, batch size=32",5,247.55,2026-06-15 22:43:16.812,.,training.log,12,"LR=0.001, z=64, batch size=32"
lr=0.001_z=64_bs=32_seed=42,lr=0.001_z=64_bs=32_seed=42,0.001,0.001,64,32,42,lr=0.001_z=64_bs=32,"LR=0.001, z=64, batch size=32",6,263.69,2026-06-15 22:43:55.233,.,training.log,13,"LR=0.001, z=64, batch size=32"
lr=0.001_z=64_bs=32_seed=42,lr=0.001_z=64_bs=32_seed=42,0.001,0.001,64,32,42,lr=0.001_z=64_bs=32,"LR=0.001, z=64, batch size=32",7,222.87,2026-06-15 22:44:34.140,.,training.log,15,"LR=0.001, z=64, batch size=32"
lr=0.001_z=64_bs=32_seed=42,lr=0.001_z=64_bs=32_seed=42,0.001,0.001,64,32,42,lr=0.001_z=64_bs=32,"LR=0.001, z=64, batch size=32",8,203.91,2026-06-15 22:45:12.965,.,training.log,17,"LR=0.001, z=64, batch size=32"
lr=0.001_z=64_bs=32_seed=42,lr=0.001_z=64_bs=32_seed=42,0.001,0.001,64,32,42,lr=0.001_z=64_bs=32,"LR=0.001, z=64, batch size=32",9,191.59,2026-06-15 22:45:51.568,.,training.log,19,"LR=0.001, z=64, batch size=32"
lr=0.001_z=64_bs=32_seed=42,lr=0.001_z=64_bs=32_seed=42,0.001,0.001,64,32,42,lr=0.001_z=64_bs=32,"LR=0.001, z=64, batch size=32",10,185.69,2026-06-15 22:46:41.006,.,training.log,21,"LR=0.001, z=64, batch size=32"
lr=0.001_z=64_bs=32_seed=42,lr=0.001_z=64_bs=32_seed=42,0.001,0.001,64,32,42,lr=0.001_z=64_bs=32,"LR=0.001, z=64, batch size=32",11,169.87,2026-06-15 22:47:19.519,.,training.log,23,"LR=0.001, z=64, batch size=32"
lr=0.001_z=64_bs=32_seed=42,lr=0.001_z=64_bs=32_seed=42,0.001,0.001,64,32,42,lr=0.001_z=64_bs=32,"LR=0.001, z=64, batch size=32",12,168.12,2026-06-15 22:48:08.414,.,training.log,25,"LR=0.001, z=64, batch size=32"
lr=0.001_z=64_bs=32_seed=42,lr=0.001_z=64_bs=32_seed=42,0.001,0.001,64,32,42,lr=0.001_z=64_bs=32,"LR=0.001, z=64, batch size=32",13,166.53,2026-06-15 22:48:47.241,.,training.log,27,"LR=0.001, z=64, batch size=32"
lr=0.001_z=64_bs=32_seed=42,lr=0.001_z=64_bs=32_seed=42,0.001,0.001,64,32,42,lr=0.001_z=64_bs=32,"LR=0.001, z=64, batch size=32",14,157.79,2026-06-15 22:49:25.816,.,training.log,29,"LR=0.001, z=64, batch size=32"
lr=0.001_z=64_bs=32_seed=42,lr=0.001_z=64_bs=32_seed=42,0.001,0.001,64,32,42,lr=0.001_z=64_bs=32,"LR=0.001, z=64, batch size=32",15,158.03,2026-06-15 22:50:24.591,.,training.log,30,"LR=0.001, z=64, batch size=32"
lr=0.001_z=64_bs=32_seed=42,lr=0.001_z=64_bs=32_seed=42,0.001,0.001,64,32,42,lr=0.001_z=64_bs=32,"LR=0.001, z=64, batch size=32",16,158.08,2026-06-15 22:51:03.002,.,training.log,31,"LR=0.001, z=64, batch size=32"
lr=0.001_z=64_bs=32_seed=42,lr=0.001_z=64_bs=32_seed=42,0.001,0.001,64,32,42,lr=0.001_z=64_bs=32,"LR=0.001, z=64, batch size=32",17,154.5,2026-06-15 22:51:51.269,.,training.log,33,"LR=0.001, z=64, batch size=32"
lr=0.001_z=64_bs=32_seed=42,lr=0.001_z=64_bs=32_seed=42,0.001,0.001,64,32,42,lr=0.001_z=64_bs=32,"LR=0.001, z=64, batch size=32",18,146.3,2026-06-15 22:52:29.639,.,training.log,35,"LR=0.001, z=64, batch size=32"
lr=0.001_z=64_bs=32_seed=42,lr=0.001_z=64_bs=32_seed=42,0.001,0.001,64,32,42,lr=0.001_z=64_bs=32,"LR=0.001, z=64, batch size=32",19,157.66,2026-06-15 22:53:08.984,.,training.log,36,"LR=0.001, z=64, batch size=32"
lr=0.001_z=64_bs=32_seed=42,lr=0.001_z=64_bs=32_seed=42,0.001,0.001,64,32,42,lr=0.001_z=64_bs=32,"LR=0.001, z=64, batch size=32",20,149.87,2026-06-15 22:53:47.532,.,training.log,37,"LR=0.001, z=64, batch size=32"
lr=0.001_z=64_bs=32_seed=42,lr=0.001_z=64_bs=32_seed=42,0.001,0.001,64,32,42,lr=0.001_z=64_bs=32,"LR=0.001, z=64, batch size=32",21,143.24,2026-06-15 22:54:27.344,.,training.log,39,"LR=0.001, z=64, batch size=32"
lr=0.001_z=64_bs=32_seed=42,lr=0.001_z=64_bs=32_seed=42,0.001,0.001,64,32,42,lr=0.001_z=64_bs=32,"LR=0.001, z=64, batch size=32",22,139.23,2026-06-15 22:55:16.153,.,training.log,41,"LR=0.001, z=64, batch size=32"
lr=0.001_z=64_bs=32_seed=42,lr=0.001_z=64_bs=32_seed=42,0.001,0.001,64,32,42,lr=0.001_z=64_bs=32,"LR=0.001, z=64, batch size=32",23,140.23,2026-06-15 22:55:55.068,.,training.log,42,"LR=0.001, z=64, batch size=32"
lr=0.001_z=64_bs=32_seed=42,lr=0.001_z=64_bs=32_seed=42,0.001,0.001,64,32,42,lr=0.001_z=64_bs=32,"LR=0.001, z=64, batch size=32",24,136.71,2026-06-15 22:56:44.170,.,training.log,44,"LR=0.001, z=64, batch size=32"
lr=0.001_z=64_bs=32_seed=42,lr=0.001_z=64_bs=32_seed=42,0.001,0.001,64,32,42,lr=0.001_z=64_bs=32,"LR=0.001, z=64, batch size=32",25,133.96,2026-06-15 22:57:23.494,.,training.log,46,"LR=0.001, z=64, batch size=32"
lr=0.001_z=64_bs=32_seed=42,lr=0.001_z=64_bs=32_seed=42,0.001,0.001,64,32,42,lr=0.001_z=64_bs=32,"LR=0.001, z=64, batch size=32",26,140.12,2026-06-15 22:58:03.446,.,training.log,47,"LR=0.001, z=64, batch size=32"
lr=0.001_z=64_bs=32_seed=42,lr=0.001_z=64_bs=32_seed=42,0.001,0.001,64,32,42,lr=0.001_z=64_bs=32,"LR=0.001, z=64, batch size=32",27,134.08,2026-06-15 22:59:02.548,.,training.log,48,"LR=0.001, z=64, batch size=32"
lr=0.001_z=64_bs=32_seed=42,lr=0.001_z=64_bs=32_seed=42,0.001,0.001,64,32,42,lr=0.001_z=64_bs=32,"LR=0.001, z=64, batch size=32",28,134.29,2026-06-15 22:59:41.841,.,training.log,49,"LR=0.001, z=64, batch size=32"
lr=0.001_z=64_bs=32_seed=42,lr=0.001_z=64_bs=32_seed=42,0.001,0.001,64,32,42,lr=0.001_z=64_bs=32,"LR=0.001, z=64, batch size=32",29,131.4,2026-06-15 23:00:30.913,.,training.log,51,"LR=0.001, z=64, batch size=32"
lr=0.001_z=64_bs=32_seed=42,lr=0.001_z=64_bs=32_seed=42,0.001,0.001,64,32,42,lr=0.001_z=64_bs=32,"LR=0.001, z=64, batch size=32",30,123.65,2026-06-15 23:01:09.792,.,training.log,53,"LR=0.001, z=64, batch size=32"
lr=0.001_z=64_bs=32_seed=42,lr=0.001_z=64_bs=32_seed=42,0.001,0.001,64,32,42,lr=0.001_z=64_bs=32,"LR=0.001, z=64, batch size=32",31,129.65,2026-06-15 23:02:08.867,.,training.log,54,"LR=0.001, z=64, batch size=32"
lr=0.001_z=64_bs=32_seed=42,lr=0.001_z=64_bs=32_seed=42,0.001,0.001,64,32,42,lr=0.001_z=64_bs=32,"LR=0.001, z=64, batch size=32",32,126.12,2026-06-15 23:02:47.839,.,training.log,55,"LR=0.001, z=64, batch size=32"
lr=0.001_z=64_bs=32_seed=42,lr=0.001_z=64_bs=32_seed=42,0.001,0.001,64,32,42,lr=0.001_z=64_bs=32,"LR=0.001, z=64, batch size=32",33,131.23,2026-06-15 23:03:26.982,.,training.log,56,"LR=0.001, z=64, batch size=32"
lr=0.001_z=64_bs=32_seed=42,lr=0.001_z=64_bs=32_seed=42,0.001,0.001,64,32,42,lr=0.001_z=64_bs=32,"LR=0.001, z=64, batch size=32",34,131.34,2026-06-15 23:04:15.721,.,training.log,57,"LR=0.001, z=64, batch size=32"
lr=0.001_z=64_bs=32_seed=42,lr=0.001_z=64_bs=32_seed=42,0.001,0.001,64,32,42,lr=0.001_z=64_bs=32,"LR=0.001, z=64, batch size=32",35,129.05,2026-06-15 23:04:55.388,.,training.log,58,"LR=0.001, z=64, batch size=32"
lr=0.001_z=64_bs=32_seed=42,lr=0.001_z=64_bs=32_seed=42,0.001,0.001,64,32,42,lr=0.001_z=64_bs=32,"LR=0.001, z=64, batch size=32",36,137.82,2026-06-15 23:05:45.008,.,training.log,59,"LR=0.001, z=64, batch size=32"
lr=0.001_z=64_bs=32_seed=42,lr=0.001_z=64_bs=32_seed=42,0.001,0.001,64,32,42,lr=0.001_z=64_bs=32,"LR=0.001, z=64, batch size=32",37,122.09,2026-06-15 23:06:25.487,.,training.log,61,"LR=0.001, z=64, batch size=32"
lr=0.001_z=64_bs=32_seed=42,lr=0.001_z=64_bs=32_seed=42,0.001,0.001,64,32,42,lr=0.001_z=64_bs=32,"LR=0.001, z=64, batch size=32",38,123.42,2026-06-15 23:07:05.385,.,training.log,62,"LR=0.001, z=64, batch size=32"
lr=0.001_z=64_bs=32_seed=42,lr=0.001_z=64_bs=32_seed=42,0.001,0.001,64,32,42,lr=0.001_z=64_bs=32,"LR=0.001, z=64, batch size=32",39,137.91,2026-06-15 23:08:04.773,.,training.log,63,"LR=0.001, z=64, batch size=32"
lr=0.001_z=64_bs=32_seed=42,lr=0.001_z=64_bs=32_seed=42,0.001,0.001,64,32,42,lr=0.001_z=64_bs=32,"LR=0.001, z=64, batch size=32",40,131.96,2026-06-15 23:08:44.114,.,training.log,64,"LR=0.001, z=64, batch size=32"
lr=0.001_z=64_bs=32_seed=42,lr=0.001_z=64_bs=32_seed=42,0.001,0.001,64,32,42,lr=0.001_z=64_bs=32,"LR=0.001, z=64, batch size=32",41,122.8,2026-06-15 23:09:33.533,.,training.log,65,"LR=0.001, z=64, batch size=32"
lr=0.001_z=64_bs=32_seed=42,lr=0.001_z=64_bs=32_seed=42,0.001,0.001,64,32,42,lr=0.001_z=64_bs=32,"LR=0.001, z=64, batch size=32",42,131.59,2026-06-15 23:10:13.451,.,training.log,66,"LR=0.001, z=64, batch size=32"
lr=0.001_z=64_bs=32_seed=42,lr=0.001_z=64_bs=32_seed=42,0.001,0.001,64,32,42,lr=0.001_z=64_bs=32,"LR=0.001, z=64, batch size=32",43,117.28,2026-06-15 23:10:53.633,.,training.log,68,"LR=0.001, z=64, batch size=32"
lr=0.001_z=64_bs=32_seed=42,lr=0.001_z=64_bs=32_seed=42,0.001,0.001,64,32,42,lr=0.001_z=64_bs=32,"LR=0.001, z=64, batch size=32",44,119.32,2026-06-15 23:11:33.628,.,training.log,69,"LR=0.001, z=64, batch size=32"
lr=0.001_z=64_bs=32_seed=42,lr=0.001_z=64_bs=32_seed=42,0.001,0.001,64,32,42,lr=0.001_z=64_bs=32,"LR=0.001, z=64, batch size=32",45,125.19,2026-06-15 23:12:12.548,.,training.log,70,"LR=0.001, z=64, batch size=32"
lr=0.001_z=64_bs=32_seed=42,lr=0.001_z=64_bs=32_seed=42,0.001,0.001,64,32,42,lr=0.001_z=64_bs=32,"LR=0.001, z=64, batch size=32",46,119.1,2026-06-15 23:13:01.040,.,training.log,71,"LR=0.001, z=64, batch size=32"
lr=0.001_z=64_bs=32_seed=42,lr=0.001_z=64_bs=32_seed=42,0.001,0.001,64,32,42,lr=0.001_z=64_bs=32,"LR=0.001, z=64, batch size=32",47,124.08,2026-06-15 23:13:40.851,.,training.log,72,"LR=0.001, z=64, batch size=32"
lr=0.001_z=64_bs=32_seed=42,lr=0.001_z=64_bs=32_seed=42,0.001,0.001,64,32,42,lr=0.001_z=64_bs=32,"LR=0.001, z=64, batch size=32",48,118.48,2026-06-15 23:14:30.663,.,training.log,73,"LR=0.001, z=64, batch size=32"
lr=0.001_z=64_bs=32_seed=42,lr=0.001_z=64_bs=32_seed=42,0.001,0.001,64,32,42,lr=0.001_z=64_bs=32,"LR=0.001, z=64, batch size=32",49,124.51,2026-06-15 23:15:10.413,.,training.log,74,"LR=0.001, z=64, batch size=32"
lr=0.001_z=64_bs=32_seed=42,lr=0.001_z=64_bs=32_seed=42,0.001,0.001,64,32,42,lr=0.001_z=64_bs=32,"LR=0.001, z=64, batch size=32",50,119.88,2026-06-15 23:15:49.426,.,training.log,75,"LR=0.001, z=64, batch size=32"
lr=0.001_z=64_bs=32_seed=42,lr=0.001_z=64_bs=32_seed=42,0.001,0.001,64,32,42,lr=0.001_z=64_bs=32,"LR=0.001, z=64, batch size=32",51,124.06,2026-06-15 23:16:29.093,.,training.log,76,"LR=0.001, z=64, batch size=32"
lr=0.001_z=64_bs=32_seed=42,lr=0.001_z=64_bs=32_seed=42,0.001,0.001,64,32,42,lr=0.001_z=64_bs=32,"LR=0.001, z=64, batch size=32",52,123.55,2026-06-15 23:17:08.715,.,training.log,77,"LR=0.001, z=64, batch size=32"
lr=0.001_z=64_bs=32_seed=42,lr=0.001_z=64_bs=32_seed=42,0.001,0.001,64,32,42,lr=0.001_z=64_bs=32,"LR=0.001, z=64, batch size=32",53,113.08,2026-06-15 23:17:57.936,.,training.log,79,"LR=0.001, z=64, batch size=32"
lr=0.001_z=64_bs=32_seed=42,lr=0.001_z=64_bs=32_seed=42,0.001,0.001,64,32,42,lr=0.001_z=64_bs=32,"LR=0.001, z=64, batch size=32",54,120.4,2026-06-15 23:18:37.340,.,training.log,80,"LR=0.001, z=64, batch size=32"
lr=0.001_z=64_bs=32_seed=42,lr=0.001_z=64_bs=32_seed=42,0.001,0.001,64,32,42,lr=0.001_z=64_bs=32,"LR=0.001, z=64, batch size=32",55,125.54,2026-06-15 23:19:27.218,.,training.log,81,"LR=0.001, z=64, batch size=32"
lr=0.001_z=64_bs=32_seed=42,lr=0.001_z=64_bs=32_seed=42,0.001,0.001,64,32,42,lr=0.001_z=64_bs=32,"LR=0.001, z=64, batch size=32",56,119.29,2026-06-15 23:20:06.444,.,training.log,82,"LR=0.001, z=64, batch size=32"
lr=0.001_z=64_bs=32_seed=42,lr=0.001_z=64_bs=32_seed=42,0.001,0.001,64,32,42,lr=0.001_z=64_bs=32,"LR=0.001, z=64, batch size=32",57,120.78,2026-06-15 23:20:45.840,.,training.log,83,"LR=0.001, z=64, batch size=32"
lr=0.001_z=64_bs=32_seed=42,lr=0.001_z=64_bs=32_seed=42,0.001,0.001,64,32,42,lr=0.001_z=64_bs=32,"LR=0.001, z=64, batch size=32",58,115.26,2026-06-15 23:21:45.499,.,training.log,84,"LR=0.001, z=64, batch size=32"
lr=0.001_z=64_bs=32_seed=42,lr=0.001_z=64_bs=32_seed=42,0.001,0.001,64,32,42,lr=0.001_z=64_bs=32,"LR=0.001, z=64, batch size=32",59,112.86,2026-06-15 23:22:24.471,.,training.log,86,"LR=0.001, z=64, batch size=32"
lr=0.001_z=64_bs=32_seed=42,lr=0.001_z=64_bs=32_seed=42,0.001,0.001,64,32,42,lr=0.001_z=64_bs=32,"LR=0.001, z=64, batch size=32",60,110.04,2026-06-15 23:23:13.769,.,training.log,88,"LR=0.001, z=64, batch size=32"
lr=0.001_z=64_bs=32_seed=42,lr=0.001_z=64_bs=32_seed=42,0.001,0.001,64,32,42,lr=0.001_z=64_bs=32,"LR=0.001, z=64, batch size=32",61,116.5,2026-06-15 23:23:52.863,.,training.log,89,"LR=0.001, z=64, batch size=32"
lr=0.001_z=64_bs=32_seed=42,lr=0.001_z=64_bs=32_seed=42,0.001,0.001,64,32,42,lr=0.001_z=64_bs=32,"LR=0.001, z=64, batch size=32",62,112.45,2026-06-15 23:24:32.580,.,training.log,90,"LR=0.001, z=64, batch size=32"
lr=0.001_z=64_bs=32_seed=42,lr=0.001_z=64_bs=32_seed=42,0.001,0.001,64,32,42,lr=0.001_z=64_bs=32,"LR=0.001, z=64, batch size=32",63,111.64,2026-06-15 23:25:11.765,.,training.log,91,"LR=0.001, z=64, batch size=32"
lr=0.001_z=64_bs=32_seed=42,lr=0.001_z=64_bs=32_seed=42,0.001,0.001,64,32,42,lr=0.001_z=64_bs=32,"LR=0.001, z=64, batch size=32",64,108.92,2026-06-15 23:25:50.783,.,training.log,93,"LR=0.001, z=64, batch size=32"
lr=0.001_z=64_bs=32_seed=42,lr=0.001_z=64_bs=32_seed=42,0.001,0.001,64,32,42,lr=0.001_z=64_bs=32,"LR=0.001, z=64, batch size=32",65,114.02,2026-06-15 23:26:39.856,.,training.log,94,"LR=0.001, z=64, batch size=32"
lr=0.001_z=64_bs=32_seed=42,lr=0.001_z=64_bs=32_seed=42,0.001,0.001,64,32,42,lr=0.001_z=64_bs=32,"LR=0.001, z=64, batch size=32",66,107.29,2026-06-15 23:27:19.422,.,training.log,96,"LR=0.001, z=64, batch size=32"
lr=0.001_z=64_bs=32_seed=42,lr=0.001_z=64_bs=32_seed=42,0.001,0.001,64,32,42,lr=0.001_z=64_bs=32,"LR=0.001, z=64, batch size=32",67,117.63,2026-06-15 23:27:59.296,.,training.log,97,"LR=0.001, z=64, batch size=32"
lr=0.001_z=64_bs=32_seed=42,lr=0.001_z=64_bs=32_seed=42,0.001,0.001,64,32,42,lr=0.001_z=64_bs=32,"LR=0.001, z=64, batch size=32",68,126.01,2026-06-15 23:28:39.206,.,training.log,98,"LR=0.001, z=64, batch size=32"
lr=0.001_z=64_bs=32_seed=42,lr=0.001_z=64_bs=32_seed=42,0.001,0.001,64,32,42,lr=0.001_z=64_bs=32,"LR=0.001, z=64, batch size=32",69,112.62,2026-06-15 23:29:18.120,.,training.log,99,"LR=0.001, z=64, batch size=32"
lr=0.001_z=64_bs=32_seed=42,lr=0.001_z=64_bs=32_seed=42,0.001,0.001,64,32,42,lr=0.001_z=64_bs=32,"LR=0.001, z=64, batch size=32",70,109.14,2026-06-15 23:30:07.209,.,training.log,100,"LR=0.001, z=64, batch size=32"
lr=0.001_z=64_bs=32_seed=42,lr=0.001_z=64_bs=32_seed=42,0.001,0.001,64,32,42,lr=0.001_z=64_bs=32,"LR=0.001, z=64, batch size=32",71,120.09,2026-06-15 23:30:46.117,.,training.log,101,"LR=0.001, z=64, batch size=32"
lr=0.001_z=64_bs=32_seed=42,lr=0.001_z=64_bs=32_seed=42,0.001,0.001,64,32,42,lr=0.001_z=64_bs=32,"LR=0.001, z=64, batch size=32",72,124.48,2026-06-15 23:31:35.370,.,training.log,102,"LR=0.001, z=64, batch size=32"
lr=0.001_z=64_bs=32_seed=42,lr=0.001_z=64_bs=32_seed=42,0.001,0.001,64,32,42,lr=0.001_z=64_bs=32,"LR=0.001, z=64, batch size=32",73,112.44,2026-06-15 23:32:14.747,.,training.log,103,"LR=0.001, z=64, batch size=32"
lr=0.001_z=64_bs=32_seed=42,lr=0.001_z=64_bs=32_seed=42,0.001,0.001,64,32,42,lr=0.001_z=64_bs=32,"LR=0.001, z=64, batch size=32",74,114.26,2026-06-15 23:32:54.215,.,training.log,104,"LR=0.001, z=64, batch size=32"
lr=0.001_z=64_bs=32_seed=42,lr=0.001_z=64_bs=32_seed=42,0.001,0.001,64,32,42,lr=0.001_z=64_bs=32,"LR=0.001, z=64, batch size=32",75,117.21,2026-06-15 23:33:33.112,.,training.log,105,"LR=0.001, z=64, batch size=32"
lr=0.001_z=64_bs=32_seed=42,lr=0.001_z=64_bs=32_seed=42,0.001,0.001,64,32,42,lr=0.001_z=64_bs=32,"LR=0.001, z=64, batch size=32",76,112.04,2026-06-15 23:34:11.988,.,training.log,106,"LR=0.001, z=64, batch size=32"
lr=0.001_z=64_bs=32_seed=42,lr=0.001_z=64_bs=32_seed=42,0.001,0.001,64,32,42,lr=0.001_z=64_bs=32,"LR=0.001, z=64, batch size=32",77,114.95,2026-06-15 23:35:00.907,.,training.log,107,"LR=0.001, z=64, batch size=32"
lr=0.001_z=64_bs=32_seed=42,lr=0.001_z=64_bs=32_seed=42,0.001,0.001,64,32,42,lr=0.001_z=64_bs=32,"LR=0.001, z=64, batch size=32",78,119.86,2026-06-15 23:35:39.603,.,training.log,108,"LR=0.001, z=64, batch size=32"
lr=0.001_z=64_bs=32_seed=42,lr=0.001_z=64_bs=32_seed=42,0.001,0.001,64,32,42,lr=0.001_z=64_bs=32,"LR=0.001, z=64, batch size=32",79,114.99,2026-06-15 23:36:19.115,.,training.log,109,"LR=0.001, z=64, batch size=32"
lr=0.001_z=64_bs=32_seed=42,lr=0.001_z=64_bs=32_seed=42,0.001,0.001,64,32,42,lr=0.001_z=64_bs=32,"LR=0.001, z=64, batch size=32",80,110.97,2026-06-15 23:36:58.106,.,training.log,110,"LR=0.001, z=64, batch size=32"
lr=0.001_z=64_bs=32_seed=42,lr=0.001_z=64_bs=32_seed=42,0.001,0.001,64,32,42,lr=0.001_z=64_bs=32,"LR=0.001, z=64, batch size=32",81,109.4,2026-06-15 23:37:37.420,.,training.log,111,"LR=0.001, z=64, batch size=32"
lr=0.001_z=64_bs=32_seed=42,lr=0.001_z=64_bs=32_seed=42,0.001,0.001,64,32,42,lr=0.001_z=64_bs=32,"LR=0.001, z=64, batch size=32",82,107.48,2026-06-15 23:38:26.405,.,training.log,112,"LR=0.001, z=64, batch size=32"
lr=0.001_z=64_bs=32_seed=42,lr=0.001_z=64_bs=32_seed=42,0.001,0.001,64,32,42,lr=0.001_z=64_bs=32,"LR=0.001, z=64, batch size=32",83,109.27,2026-06-15 23:39:05.856,.,training.log,113,"LR=0.001, z=64, batch size=32"
lr=0.001_z=64_bs=32_seed=42,lr=0.001_z=64_bs=32_seed=42,0.001,0.001,64,32,42,lr=0.001_z=64_bs=32,"LR=0.001, z=64, batch size=32",84,119.33,2026-06-15 23:39:45.848,.,training.log,114,"LR=0.001, z=64, batch size=32"
lr=0.001_z=64_bs=32_seed=42,lr=0.001_z=64_bs=32_seed=42,0.001,0.001,64,32,42,lr=0.001_z=64_bs=32,"LR=0.001, z=64, batch size=32",85,112.41,2026-06-15 23:40:24.695,.,training.log,115,"LR=0.001, z=64, batch size=32"
lr=0.001_z=64_bs=32_seed=42,lr=0.001_z=64_bs=32_seed=42,0.001,0.001,64,32,42,lr=0.001_z=64_bs=32,"LR=0.001, z=64, batch size=32",86,108.74,2026-06-15 23:41:04.007,.,training.log,116,"LR=0.001, z=64, batch size=32"
lr=0.001_z=64_bs=32_seed=42,lr=0.001_z=64_bs=32_seed=42,0.001,0.001,64,32,42,lr=0.001_z=64_bs=32,"LR=0.001, z=64, batch size=32",87,106.3,2026-06-15 23:41:53.272,.,training.log,118,"LR=0.001, z=64, batch size=32"
lr=0.001_z=64_bs=32_seed=42,lr=0.001_z=64_bs=32_seed=42,0.001,0.001,64,32,42,lr=0.001_z=64_bs=32,"LR=0.001, z=64, batch size=32",88,103.67,2026-06-15 23:42:32.765,.,training.log,120,"LR=0.001, z=64, batch size=32"
lr=0.001_z=64_bs=32_seed=42,lr=0.001_z=64_bs=32_seed=42,0.001,0.001,64,32,42,lr=0.001_z=64_bs=32,"LR=0.001, z=64, batch size=32",89,107.94,2026-06-15 23:43:22.348,.,training.log,121,"LR=0.001, z=64, batch size=32"
lr=0.001_z=64_bs=32_seed=42,lr=0.001_z=64_bs=32_seed=42,0.001,0.001,64,32,42,lr=0.001_z=64_bs=32,"LR=0.001, z=64, batch size=32",90,108.38,2026-06-15 23:44:01.247,.,training.log,122,"LR=0.001, z=64, batch size=32"
lr=0.001_z=64_bs=32_seed=42,lr=0.001_z=64_bs=32_seed=42,0.001,0.001,64,32,42,lr=0.001_z=64_bs=32,"LR=0.001, z=64, batch size=32",91,112.5,2026-06-15 23:44:59.962,.,training.log,123,"LR=0.001, z=64, batch size=32"
lr=0.001_z=64_bs=32_seed=42,lr=0.001_z=64_bs=32_seed=42,0.001,0.001,64,32,42,lr=0.001_z=64_bs=32,"LR=0.001, z=64, batch size=32",92,101.5,2026-06-15 23:45:39.290,.,training.log,125,"LR=0.001, z=64, batch size=32"
lr=0.001_z=64_bs=32_seed=42,lr=0.001_z=64_bs=32_seed=42,0.001,0.001,64,32,42,lr=0.001_z=64_bs=32,"LR=0.001, z=64, batch size=32",93,106.98,2026-06-15 23:46:17.650,.,training.log,126,"LR=0.001, z=64, batch size=32"
lr=0.001_z=64_bs=32_seed=42,lr=0.001_z=64_bs=32_seed=42,0.001,0.001,64,32,42,lr=0.001_z=64_bs=32,"LR=0.001, z=64, batch size=32",94,102.24,2026-06-15 23:47:06.514,.,training.log,127,"LR=0.001, z=64, batch size=32"
lr=0.001_z=64_bs=32_seed=42,lr=0.001_z=64_bs=32_seed=42,0.001,0.001,64,32,42,lr=0.001_z=64_bs=32,"LR=0.001, z=64, batch size=32",95,104.05,2026-06-15 23:47:46.113,.,training.log,128,"LR=0.001, z=64, batch size=32"
lr=0.001_z=64_bs=32_seed=42,lr=0.001_z=64_bs=32_seed=42,0.001,0.001,64,32,42,lr=0.001_z=64_bs=32,"LR=0.001, z=64, batch size=32",96,102.55,2026-06-15 23:48:36.037,.,training.log,129,"LR=0.001, z=64, batch size=32"
lr=0.001_z=64_bs=32_seed=42,lr=0.001_z=64_bs=32_seed=42,0.001,0.001,64,32,42,lr=0.001_z=64_bs=32,"LR=0.001, z=64, batch size=32",97,107.47,2026-06-15 23:49:15.146,.,training.log,130,"LR=0.001, z=64, batch size=32"
lr=0.001_z=64_bs=32_seed=42,lr=0.001_z=64_bs=32_seed=42,0.001,0.001,64,32,42,lr=0.001_z=64_bs=32,"LR=0.001, z=64, batch size=32",98,113.0,2026-06-15 23:49:54.826,.,training.log,131,"LR=0.001, z=64, batch size=32"
lr=0.001_z=64_bs=32_seed=42,lr=0.001_z=64_bs=32_seed=42,0.001,0.001,64,32,42,lr=0.001_z=64_bs=32,"LR=0.001, z=64, batch size=32",99,111.93,2026-06-15 23:50:34.173,.,training.log,132,"LR=0.001, z=64, batch size=32"
lr=0.001_z=64_bs=32_seed=42,lr=0.001_z=64_bs=32_seed=42,0.001,0.001,64,32,42,lr=0.001_z=64_bs=32,"LR=0.001, z=64, batch size=32",100,107.49,2026-06-15 23:51:13.681,.,training.log,133,"LR=0.001, z=64, batch size=32"
lr=0.001_z=64_bs=32_seed=42,lr=0.001_z=64_bs=32_seed=42,0.001,0.001,64,32,42,lr=0.001_z=64_bs=32,"LR=0.001, z=64, batch size=32",101,106.17,2026-06-15 23:52:03.283,.,training.log,134,"LR=0.001, z=64, batch size=32"
lr=0.001_z=64_bs=32_seed=42,lr=0.001_z=64_bs=32_seed=42,0.001,0.001,64,32,42,lr=0.001_z=64_bs=32,"LR=0.001, z=64, batch size=32",102,99.68,2026-06-15 23:52:42.857,.,training.log,136,"LR=0.001, z=64, batch size=32"
lr=0.001_z=64_bs=32_seed=42,lr=0.001_z=64_bs=32_seed=42,0.001,0.001,64,32,42,lr=0.001_z=64_bs=32,"LR=0.001, z=64, batch size=32",103,105.71,2026-06-15 23:53:23.175,.,training.log,137,"LR=0.001, z=64, batch size=32"
lr=0.001_z=64_bs=32_seed=42,lr=0.001_z=64_bs=32_seed=42,0.001,0.001,64,32,42,lr=0.001_z=64_bs=32,"LR=0.001, z=64, batch size=32",104,102.61,2026-06-15 23:54:02.742,.,training.log,138,"LR=0.001, z=64, batch size=32"
lr=0.001_z=64_bs=32_seed=42,lr=0.001_z=64_bs=32_seed=42,0.001,0.001,64,32,42,lr=0.001_z=64_bs=32,"LR=0.001, z=64, batch size=32",105,108.08,2026-06-15 23:54:41.688,.,training.log,139,"LR=0.001, z=64, batch size=32"
lr=0.001_z=64_bs=32_seed=42,lr=0.001_z=64_bs=32_seed=42,0.001,0.001,64,32,42,lr=0.001_z=64_bs=32,"LR=0.001, z=64, batch size=32",106,93.47,2026-06-15 23:55:31.521,.,training.log,141,"LR=0.001, z=64, batch size=32"
lr=0.001_z=64_bs=32_seed=42,lr=0.001_z=64_bs=32_seed=42,0.001,0.001,64,32,42,lr=0.001_z=64_bs=32,"LR=0.001, z=64, batch size=32",107,113.08,2026-06-15 23:56:10.741,.,training.log,142,"LR=0.001, z=64, batch size=32"
lr=0.001_z=64_bs=32_seed=42,lr=0.001_z=64_bs=32_seed=42,0.001,0.001,64,32,42,lr=0.001_z=64_bs=32,"LR=0.001, z=64, batch size=32",108,102.88,2026-06-15 23:56:59.952,.,training.log,143,"LR=0.001, z=64, batch size=32"
lr=0.001_z=64_bs=32_seed=42,lr=0.001_z=64_bs=32_seed=42,0.001,0.001,64,32,42,lr=0.001_z=64_bs=32,"LR=0.001, z=64, batch size=32",109,105.21,2026-06-15 23:57:38.957,.,training.log,144,"LR=0.001, z=64, batch size=32"
lr=0.001_z=64_bs=32_seed=42,lr=0.001_z=64_bs=32_seed=42,0.001,0.001,64,32,42,lr=0.001_z=64_bs=32,"LR=0.001, z=64, batch size=32",110,107.98,2026-06-15 23:58:19.225,.,training.log,145,"LR=0.001, z=64, batch size=32"
lr=0.001_z=64_bs=32_seed=42,lr=0.001_z=64_bs=32_seed=42,0.001,0.001,64,32,42,lr=0.001_z=64_bs=32,"LR=0.001, z=64, batch size=32",111,110.25,2026-06-15 23:58:58.295,.,training.log,146,"LR=0.001, z=64, batch size=32"
lr=0.001_z=64_bs=32_seed=42,lr=0.001_z=64_bs=32_seed=42,0.001,0.001,64,32,42,lr=0.001_z=64_bs=32,"LR=0.001, z=64, batch size=32",112,104.99,2026-06-15 23:59:37.859,.,training.log,147,"LR=0.001, z=64, batch size=32"
lr=0.001_z=64_bs=32_seed=42,lr=0.001_z=64_bs=32_seed=42,0.001,0.001,64,32,42,lr=0.001_z=64_bs=32,"LR=0.001, z=64, batch size=32",113,100.3,2026-06-16 00:00:27.125,.,training.log,148,"LR=0.001, z=64, batch size=32"
lr=0.001_z=64_bs=32_seed=42,lr=0.001_z=64_bs=32_seed=42,0.001,0.001,64,32,42,lr=0.001_z=64_bs=32,"LR=0.001, z=64, batch size=32",114,112.46,2026-06-16 00:01:06.002,.,training.log,149,"LR=0.001, z=64, batch size=32"
lr=0.001_z=64_bs=32_seed=42,lr=0.001_z=64_bs=32_seed=42,0.001,0.001,64,32,42,lr=0.001_z=64_bs=32,"LR=0.001, z=64, batch size=32",115,106.27,2026-06-16 00:01:45.439,.,training.log,150,"LR=0.001, z=64, batch size=32"
lr=0.001_z=64_bs=32_seed=42,lr=0.001_z=64_bs=32_seed=42,0.001,0.001,64,32,42,lr=0.001_z=64_bs=32,"LR=0.001, z=64, batch size=32",116,102.99,2026-06-16 00:02:24.554,.,training.log,151,"LR=0.001, z=64, batch size=32"
lr=0.001_z=64_bs=32_seed=42,lr=0.001_z=64_bs=32_seed=42,0.001,0.001,64,32,42,lr=0.001_z=64_bs=32,"LR=0.001, z=64, batch size=32",117,110.77,2026-06-16 00:03:03.188,.,training.log,152,"LR=0.001, z=64, batch size=32"
lr=0.001_z=64_bs=32_seed=42,lr=0.001_z=64_bs=32_seed=42,0.001,0.001,64,32,42,lr=0.001_z=64_bs=32,"LR=0.001, z=64, batch size=32",118,105.25,2026-06-16 00:03:51.948,.,training.log,153,"LR=0.001, z=64, batch size=32"
lr=0.001_z=64_bs=32_seed=42,lr=0.001_z=64_bs=32_seed=42,0.001,0.001,64,32,42,lr=0.001_z=64_bs=32,"LR=0.001, z=64, batch size=32",119,105.04,2026-06-16 00:04:30.609,.,training.log,154,"LR=0.001, z=64, batch size=32"
lr=0.001_z=64_bs=32_seed=42,lr=0.001_z=64_bs=32_seed=42,0.001,0.001,64,32,42,lr=0.001_z=64_bs=32,"LR=0.001, z=64, batch size=32",120,98.3,2026-06-16 00:05:19.628,.,training.log,155,"LR=0.001, z=64, batch size=32"
lr=0.001_z=64_bs=32_seed=42,lr=0.001_z=64_bs=32_seed=42,0.001,0.001,64,32,42,lr=0.001_z=64_bs=32,"LR=0.001, z=64, batch size=32",121,100.24,2026-06-16 00:05:58.196,.,training.log,156,"LR=0.001, z=64, batch size=32"
lr=0.001_z=64_bs=32_seed=42,lr=0.001_z=64_bs=32_seed=42,0.001,0.001,64,32,42,lr=0.001_z=64_bs=32,"LR=0.001, z=64, batch size=32",122,108.42,2026-06-16 00:06:37.727,.,training.log,157,"LR=0.001, z=64, batch size=32"
lr=0.001_z=64_bs=32_seed=42,lr=0.001_z=64_bs=32_seed=42,0.001,0.001,64,32,42,lr=0.001_z=64_bs=32,"LR=0.001, z=64, batch size=32",123,105.32,2026-06-16 00:07:16.619,.,training.log,158,"LR=0.001, z=64, batch size=32"
lr=0.001_z=64_bs=32_seed=42,lr=0.001_z=64_bs=32_seed=42,0.001,0.001,64,32,42,lr=0.001_z=64_bs=32,"LR=0.001, z=64, batch size=32",124,99.49,2026-06-16 00:07:55.482,.,training.log,159,"LR=0.001, z=64, batch size=32"
lr=0.001_z=64_bs=32_seed=42,lr=0.001_z=64_bs=32_seed=42,0.001,0.001,64,32,42,lr=0.001_z=64_bs=32,"LR=0.001, z=64, batch size=32",125,102.48,2026-06-16 00:08:44.398,.,training.log,160,"LR=0.001, z=64, batch size=32"
lr=0.001_z=64_bs=32_seed=42,lr=0.001_z=64_bs=32_seed=42,0.001,0.001,64,32,42,lr=0.001_z=64_bs=32,"LR=0.001, z=64, batch size=32",126,100.11,2026-06-16 00:09:23.782,.,training.log,161,"LR=0.001, z=64, batch size=32"
lr=0.001_z=64_bs=32_seed=42,lr=0.001_z=64_bs=32_seed=42,0.001,0.001,64,32,42,lr=0.001_z=64_bs=32,"LR=0.001, z=64, batch size=32",127,100.86,2026-06-16 00:10:22.880,.,training.log,162,"LR=0.001, z=64, batch size=32"
lr=0.001_z=64_bs=32_seed=42,lr=0.001_z=64_bs=32_seed=42,0.001,0.001,64,32,42,lr=0.001_z=64_bs=32,"LR=0.001, z=64, batch size=32",128,104.62,2026-06-16 00:11:01.727,.,training.log,163,"LR=0.001, z=64, batch size=32"
lr=0.001_z=64_bs=32_seed=42,lr=0.001_z=64_bs=32_seed=42,0.001,0.001,64,32,42,lr=0.001_z=64_bs=32,"LR=0.001, z=64, batch size=32",129,105.22,2026-06-16 00:11:41.071,.,training.log,164,"LR=0.001, z=64, batch size=32"
lr=0.001_z=64_bs=32_seed=42,lr=0.001_z=64_bs=32_seed=42,0.001,0.001,64,32,42,lr=0.001_z=64_bs=32,"LR=0.001, z=64, batch size=32",130,99.75,2026-06-16 00:12:30.658,.,training.log,165,"LR=0.001, z=64, batch size=32"
lr=0.001_z=64_bs=32_seed=42,lr=0.001_z=64_bs=32_seed=42,0.001,0.001,64,32,42,lr=0.001_z=64_bs=32,"LR=0.001, z=64, batch size=32",131,104.23,2026-06-16 00:13:10.013,.,training.log,166,"LR=0.001, z=64, batch size=32"
lr=0.001_z=64_bs=32_seed=42,lr=0.001_z=64_bs=32_seed=42,0.001,0.001,64,32,42,lr=0.001_z=64_bs=32,"LR=0.001, z=64, batch size=32",132,98.56,2026-06-16 00:13:59.356,.,training.log,167,"LR=0.001, z=64, batch size=32"
lr=0.001_z=64_bs=32_seed=42,lr=0.001_z=64_bs=32_seed=42,0.001,0.001,64,32,42,lr=0.001_z=64_bs=32,"LR=0.001, z=64, batch size=32",133,101.3,2026-06-16 00:14:38.246,.,training.log,168,"LR=0.001, z=64, batch size=32"
lr=0.001_z=64_bs=32_seed=42,lr=0.001_z=64_bs=32_seed=42,0.001,0.001,64,32,42,lr=0.001_z=64_bs=32,"LR=0.001, z=64, batch size=32",134,98.1,2026-06-16 00:15:17.398,.,training.log,169,"LR=0.001, z=64, batch size=32"
lr=0.001_z=64_bs=32_seed=42,lr=0.001_z=64_bs=32_seed=42,0.001,0.001,64,32,42,lr=0.001_z=64_bs=32,"LR=0.001, z=64, batch size=32",135,105.15,2026-06-16 00:15:56.083,.,training.log,170,"LR=0.001, z=64, batch size=32"
lr=0.001_z=64_bs=32_seed=42,lr=0.001_z=64_bs=32_seed=42,0.001,0.001,64,32,42,lr=0.001_z=64_bs=32,"LR=0.001, z=64, batch size=32",136,102.57,2026-06-16 00:16:35.757,.,training.log,171,"LR=0.001, z=64, batch size=32"
lr=0.001_z=64_bs=32_seed=42,lr=0.001_z=64_bs=32_seed=42,0.001,0.001,64,32,42,lr=0.001_z=64_bs=32,"LR=0.001, z=64, batch size=32",137,107.79,2026-06-16 00:17:26.004,.,training.log,172,"LR=0.001, z=64, batch size=32"
lr=0.001_z=64_bs=32_seed=42,lr=0.001_z=64_bs=32_seed=42,0.001,0.001,64,32,42,lr=0.001_z=64_bs=32,"LR=0.001, z=64, batch size=32",138,109.54,2026-06-16 00:18:05.635,.,training.log,173,"LR=0.001, z=64, batch size=32"
lr=0.001_z=64_bs=32_seed=42,lr=0.001_z=64_bs=32_seed=42,0.001,0.001,64,32,42,lr=0.001_z=64_bs=32,"LR=0.001, z=64, batch size=32",139,96.75,2026-06-16 00:18:45.752,.,training.log,174,"LR=0.001, z=64, batch size=32"
lr=0.001_z=64_bs=32_seed=42,lr=0.001_z=64_bs=32_seed=42,0.001,0.001,64,32,42,lr=0.001_z=64_bs=32,"LR=0.001, z=64, batch size=32",140,102.23,2026-06-16 00:19:25.573,.,training.log,175,"LR=0.001, z=64, batch size=32"
lr=0.001_z=64_bs=32_seed=42,lr=0.001_z=64_bs=32_seed=42,0.001,0.001,64,32,42,lr=0.001_z=64_bs=32,"LR=0.001, z=64, batch size=32",141,100.06,2026-06-16 00:20:05.085,.,training.log,176,"LR=0.001, z=64, batch size=32"
lr=0.001_z=64_bs=32_seed=42,lr=0.001_z=64_bs=32_seed=42,0.001,0.001,64,32,42,lr=0.001_z=64_bs=32,"LR=0.001, z=64, batch size=32",142,105.72,2026-06-16 00:30:36.907,.,training.log,177,"LR=0.001, z=64, batch size=32"
lr=0.001_z=64_bs=32_seed=42,lr=0.001_z=64_bs=32_seed=42,0.001,0.001,64,32,42,lr=0.001_z=64_bs=32,"LR=0.001, z=64, batch size=32",143,110.0,2026-06-16 00:31:17.038,.,training.log,178,"LR=0.001, z=64, batch size=32"
lr=0.001_z=64_bs=32_seed=42,lr=0.001_z=64_bs=32_seed=42,0.001,0.001,64,32,42,lr=0.001_z=64_bs=32,"LR=0.001, z=64, batch size=32",144,96.9,2026-06-16 00:31:57.226,.,training.log,179,"LR=0.001, z=64, batch size=32"
lr=0.001_z=64_bs=32_seed=42,lr=0.001_z=64_bs=32_seed=42,0.001,0.001,64,32,42,lr=0.001_z=64_bs=32,"LR=0.001, z=64, batch size=32",145,105.28,2026-06-16 00:32:37.837,.,training.log,180,"LR=0.001, z=64, batch size=32"
lr=0.001_z=64_bs=32_seed=42,lr=0.001_z=64_bs=32_seed=42,0.001,0.001,64,32,42,lr=0.001_z=64_bs=32,"LR=0.001, z=64, batch size=32",146,93.38,2026-06-16 00:33:18.020,.,training.log,182,"LR=0.001, z=64, batch size=32"
lr=0.001_z=64_bs=32_seed=42,lr=0.001_z=64_bs=32_seed=42,0.001,0.001,64,32,42,lr=0.001_z=64_bs=32,"LR=0.001, z=64, batch size=32",147,96.74,2026-06-16 00:34:08.180,.,training.log,183,"LR=0.001, z=64, batch size=32"
lr=0.001_z=64_bs=32_seed=42,lr=0.001_z=64_bs=32_seed=42,0.001,0.001,64,32,42,lr=0.001_z=64_bs=32,"LR=0.001, z=64, batch size=32",148,98.96,2026-06-16 00:34:48.770,.,training.log,184,"LR=0.001, z=64, batch size=32"
lr=0.001_z=64_bs=32_seed=42,lr=0.001_z=64_bs=32_seed=42,0.001,0.001,64,32,42,lr=0.001_z=64_bs=32,"LR=0.001, z=64, batch size=32",149,108.54,2026-06-16 00:35:28.868,.,training.log,185,"LR=0.001, z=64, batch size=32"
lr=0.001_z=64_bs=32_seed=42,lr=0.001_z=64_bs=32_seed=42,0.001,0.001,64,32,42,lr=0.001_z=64_bs=32,"LR=0.001, z=64, batch size=32",150,103.92,2026-06-16 00:36:08.275,.,training.log,186,"LR=0.001, z=64, batch size=32"
lr=0.001_z=64_bs=32_seed=42,lr=0.001_z=64_bs=32_seed=42,0.001,0.001,64,32,42,lr=0.001_z=64_bs=32,"LR=0.001, z=64, batch size=32",151,96.16,2026-06-16 00:36:48.478,.,training.log,187,"LR=0.001, z=64, batch size=32"
lr=0.001_z=64_bs=32_seed=42,lr=0.001_z=64_bs=32_seed=42,0.001,0.001,64,32,42,lr=0.001_z=64_bs=32,"LR=0.001, z=64, batch size=32",152,105.23,2026-06-16 00:37:38.198,.,training.log,188,"LR=0.001, z=64, batch size=32"
lr=0.001_z=64_bs=32_seed=42,lr=0.001_z=64_bs=32_seed=42,0.001,0.001,64,32,42,lr=0.001_z=64_bs=32,"LR=0.001, z=64, batch size=32",153,113.59,2026-06-16 00:38:18.270,.,training.log,189,"LR=0.001, z=64, batch size=32"
lr=0.001_z=64_bs=32_seed=42,lr=0.001_z=64_bs=32_seed=42,0.001,0.001,64,32,42,lr=0.001_z=64_bs=32,"LR=0.001, z=64, batch size=32",154,106.48,2026-06-16 00:39:09.046,.,training.log,190,"LR=0.001, z=64, batch size=32"
lr=0.001_z=64_bs=32_seed=42,lr=0.001_z=64_bs=32_seed=42,0.001,0.001,64,32,42,lr=0.001_z=64_bs=32,"LR=0.001, z=64, batch size=32",155,96.19,2026-06-16 00:39:49.392,.,training.log,191,"LR=0.001, z=64, batch size=32"
lr=0.001_z=64_bs=32_seed=42,lr=0.001_z=64_bs=32_seed=42,0.001,0.001,64,32,42,lr=0.001_z=64_bs=32,"LR=0.001, z=64, batch size=32",156,100.26,2026-06-16 00:40:28.947,.,training.log,192,"LR=0.001, z=64, batch size=32"
lr=0.001_z=64_bs=32_seed=42,lr=0.001_z=64_bs=32_seed=42,0.001,0.001,64,32,42,lr=0.001_z=64_bs=32,"LR=0.001, z=64, batch size=32",157,101.08,2026-06-16 00:41:28.274,.,training.log,193,"LR=0.001, z=64, batch size=32"
lr=0.001_z=64_bs=32_seed=42,lr=0.001_z=64_bs=32_seed=42,0.001,0.001,64,32,42,lr=0.001_z=64_bs=32,"LR=0.001, z=64, batch size=32",158,103.09,2026-06-16 00:42:07.931,.,training.log,194,"LR=0.001, z=64, batch size=32"
lr=0.001_z=64_bs=32_seed=42,lr=0.001_z=64_bs=32_seed=42,0.001,0.001,64,32,42,lr=0.001_z=64_bs=32,"LR=0.001, z=64, batch size=32",159,115.12,2026-06-16 00:42:58.063,.,training.log,195,"LR=0.001, z=64, batch size=32"
lr=0.001_z=64_bs=32_seed=42,lr=0.001_z=64_bs=32_seed=42,0.001,0.001,64,32,42,lr=0.001_z=64_bs=32,"LR=0.001, z=64, batch size=32",160,96.83,2026-06-16 00:43:38.074,.,training.log,196,"LR=0.001, z=64, batch size=32"
lr=0.001_z=64_bs=32_seed=42,lr=0.001_z=64_bs=32_seed=42,0.001,0.001,64,32,42,lr=0.001_z=64_bs=32,"LR=0.001, z=64, batch size=32",161,99.88,2026-06-16 00:44:18.432,.,training.log,197,"LR=0.001, z=64, batch size=32"
lr=0.001_z=64_bs=32_seed=42,lr=0.001_z=64_bs=32_seed=42,0.001,0.001,64,32,42,lr=0.001_z=64_bs=32,"LR=0.001, z=64, batch size=32",162,100.87,2026-06-16 00:44:58.792,.,training.log,198,"LR=0.001, z=64, batch size=32"
lr=0.001_z=64_bs=32_seed=42,lr=0.001_z=64_bs=32_seed=42,0.001,0.001,64,32,42,lr=0.001_z=64_bs=32,"LR=0.001, z=64, batch size=32",163,110.03,2026-06-16 00:45:38.928,.,training.log,199,"LR=0.001, z=64, batch size=32"
lr=0.001_z=64_bs=32_seed=42,lr=0.001_z=64_bs=32_seed=42,0.001,0.001,64,32,42,lr=0.001_z=64_bs=32,"LR=0.001, z=64, batch size=32",164,99.12,2026-06-16 00:46:28.891,.,training.log,200,"LR=0.001, z=64, batch size=32"
lr=0.001_z=64_bs=32_seed=42,lr=0.001_z=64_bs=32_seed=42,0.001,0.001,64,32,42,lr=0.001_z=64_bs=32,"LR=0.001, z=64, batch size=32",165,93.39,2026-06-16 00:47:08.593,.,training.log,201,"LR=0.001, z=64, batch size=32"
lr=0.001_z=64_bs=32_seed=42,lr=0.001_z=64_bs=32_seed=42,0.001,0.001,64,32,42,lr=0.001_z=64_bs=32,"LR=0.001, z=64, batch size=32",166,99.39,2026-06-16 00:47:58.953,.,training.log,202,"LR=0.001, z=64, batch size=32"
lr=0.001_z=64_bs=32_seed=42,lr=0.001_z=64_bs=32_seed=42,0.001,0.001,64,32,42,lr=0.001_z=64_bs=32,"LR=0.001, z=64, batch size=32",167,100.44,2026-06-16 00:48:38.619,.,training.log,203,"LR=0.001, z=64, batch size=32"
lr=0.001_z=64_bs=32_seed=42,lr=0.001_z=64_bs=32_seed=42,0.001,0.001,64,32,42,lr=0.001_z=64_bs=32,"LR=0.001, z=64, batch size=32",168,96.05,2026-06-16 00:49:18.120,.,training.log,204,"LR=0.001, z=64, batch size=32"
lr=0.001_z=64_bs=32_seed=42,lr=0.001_z=64_bs=32_seed=42,0.001,0.001,64,32,42,lr=0.001_z=64_bs=32,"LR=0.001, z=64, batch size=32",169,92.57,2026-06-16 00:49:57.971,.,training.log,206,"LR=0.001, z=64, batch size=32"
lr=0.001_z=64_bs=32_seed=42,lr=0.001_z=64_bs=32_seed=42,0.001,0.001,64,32,42,lr=0.001_z=64_bs=32,"LR=0.001, z=64, batch size=32",170,102.3,2026-06-16 00:50:36.945,.,training.log,207,"LR=0.001, z=64, batch size=32"
lr=0.001_z=64_bs=32_seed=42,lr=0.001_z=64_bs=32_seed=42,0.001,0.001,64,32,42,lr=0.001_z=64_bs=32,"LR=0.001, z=64, batch size=32",171,96.35,2026-06-16 00:51:26.010,.,training.log,208,"LR=0.001, z=64, batch size=32"
lr=0.001_z=64_bs=32_seed=42,lr=0.001_z=64_bs=32_seed=42,0.001,0.001,64,32,42,lr=0.001_z=64_bs=32,"LR=0.001, z=64, batch size=32",172,97.25,2026-06-16 00:52:06.044,.,training.log,209,"LR=0.001, z=64, batch size=32"
lr=0.001_z=64_bs=32_seed=42,lr=0.001_z=64_bs=32_seed=42,0.001,0.001,64,32,42,lr=0.001_z=64_bs=32,"LR=0.001, z=64, batch size=32",173,97.76,2026-06-16 00:53:06.163,.,training.log,210,"LR=0.001, z=64, batch size=32"
lr=0.001_z=64_bs=32_seed=42,lr=0.001_z=64_bs=32_seed=42,0.001,0.001,64,32,42,lr=0.001_z=64_bs=32,"LR=0.001, z=64, batch size=32",174,100.76,2026-06-16 00:53:46.266,.,training.log,211,"LR=0.001, z=64, batch size=32"
lr=0.001_z=64_bs=32_seed=42,lr=0.001_z=64_bs=32_seed=42,0.001,0.001,64,32,42,lr=0.001_z=64_bs=32,"LR=0.001, z=64, batch size=32",175,87.98,2026-06-16 00:54:26.260,.,training.log,213,"LR=0.001, z=64, batch size=32"
lr=0.001_z=64_bs=32_seed=42,lr=0.001_z=64_bs=32_seed=42,0.001,0.001,64,32,42,lr=0.001_z=64_bs=32,"LR=0.001, z=64, batch size=32",176,102.1,2026-06-16 00:55:15.870,.,training.log,214,"LR=0.001, z=64, batch size=32"
lr=0.001_z=64_bs=32_seed=42,lr=0.001_z=64_bs=32_seed=42,0.001,0.001,64,32,42,lr=0.001_z=64_bs=32,"LR=0.001, z=64, batch size=32",177,100.68,2026-06-16 00:55:55.880,.,training.log,215,"LR=0.001, z=64, batch size=32"
lr=0.001_z=64_bs=32_seed=42,lr=0.001_z=64_bs=32_seed=42,0.001,0.001,64,32,42,lr=0.001_z=64_bs=32,"LR=0.001, z=64, batch size=32",178,96.05,2026-06-16 00:56:45.858,.,training.log,216,"LR=0.001, z=64, batch size=32"
lr=0.001_z=64_bs=32_seed=42,lr=0.001_z=64_bs=32_seed=42,0.001,0.001,64,32,42,lr=0.001_z=64_bs=32,"LR=0.001, z=64, batch size=32",179,101.01,2026-06-16 00:57:25.991,.,training.log,217,"LR=0.001, z=64, batch size=32"
lr=0.001_z=64_bs=32_seed=42,lr=0.001_z=64_bs=32_seed=42,0.001,0.001,64,32,42,lr=0.001_z=64_bs=32,"LR=0.001, z=64, batch size=32",180,97.6,2026-06-16 00:58:06.480,.,training.log,218,"LR=0.001, z=64, batch size=32"
lr=0.001_z=64_bs=32_seed=42,lr=0.001_z=64_bs=32_seed=42,0.001,0.001,64,32,42,lr=0.001_z=64_bs=32,"LR=0.001, z=64, batch size=32",181,104.43,2026-06-16 00:59:06.722,.,training.log,219,"LR=0.001, z=64, batch size=32"
lr=0.001_z=64_bs=32_seed=42,lr=0.001_z=64_bs=32_seed=42,0.001,0.001,64,32,42,lr=0.001_z=64_bs=32,"LR=0.001, z=64, batch size=32",182,98.45,2026-06-16 00:59:46.616,.,training.log,220,"LR=0.001, z=64, batch size=32"
lr=0.001_z=64_bs=32_seed=42,lr=0.001_z=64_bs=32_seed=42,0.001,0.001,64,32,42,lr=0.001_z=64_bs=32,"LR=0.001, z=64, batch size=32",183,90.91,2026-06-16 01:00:36.057,.,training.log,221,"LR=0.001, z=64, batch size=32"
lr=0.001_z=64_bs=32_seed=42,lr=0.001_z=64_bs=32_seed=42,0.001,0.001,64,32,42,lr=0.001_z=64_bs=32,"LR=0.001, z=64, batch size=32",184,88.84,2026-06-16 01:01:15.778,.,training.log,222,"LR=0.001, z=64, batch size=32"
lr=0.001_z=64_bs=32_seed=42,lr=0.001_z=64_bs=32_seed=42,0.001,0.001,64,32,42,lr=0.001_z=64_bs=32,"LR=0.001, z=64, batch size=32",185,112.25,2026-06-16 01:02:15.017,.,training.log,223,"LR=0.001, z=64, batch size=32"
lr=0.001_z=64_bs=32_seed=42,lr=0.001_z=64_bs=32_seed=42,0.001,0.001,64,32,42,lr=0.001_z=64_bs=32,"LR=0.001, z=64, batch size=32",186,95.63,2026-06-16 01:02:54.738,.,training.log,224,"LR=0.001, z=64, batch size=32"
lr=0.001_z=64_bs=32_seed=42,lr=0.001_z=64_bs=32_seed=42,0.001,0.001,64,32,42,lr=0.001_z=64_bs=32,"LR=0.001, z=64, batch size=32",187,90.91,2026-06-16 01:03:34.063,.,training.log,225,"LR=0.001, z=64, batch size=32"
lr=0.001_z=64_bs=32_seed=42,lr=0.001_z=64_bs=32_seed=42,0.001,0.001,64,32,42,lr=0.001_z=64_bs=32,"LR=0.001, z=64, batch size=32",188,100.44,2026-06-16 01:04:23.649,.,training.log,226,"LR=0.001, z=64, batch size=32"
lr=0.001_z=64_bs=32_seed=42,lr=0.001_z=64_bs=32_seed=42,0.001,0.001,64,32,42,lr=0.001_z=64_bs=32,"LR=0.001, z=64, batch size=32",189,107.19,2026-06-16 01:05:03.281,.,training.log,227,"LR=0.001, z=64, batch size=32"
lr=0.001_z=64_bs=32_seed=42,lr=0.001_z=64_bs=32_seed=42,0.001,0.001,64,32,42,lr=0.001_z=64_bs=32,"LR=0.001, z=64, batch size=32",190,96.59,2026-06-16 01:05:43.888,.,training.log,228,"LR=0.001, z=64, batch size=32"
lr=0.001_z=64_bs=32_seed=42,lr=0.001_z=64_bs=32_seed=42,0.001,0.001,64,32,42,lr=0.001_z=64_bs=32,"LR=0.001, z=64, batch size=32",191,98.91,2026-06-16 01:06:23.234,.,training.log,229,"LR=0.001, z=64, batch size=32"
lr=0.001_z=64_bs=32_seed=42,lr=0.001_z=64_bs=32_seed=42,0.001,0.001,64,32,42,lr=0.001_z=64_bs=32,"LR=0.001, z=64, batch size=32",192,98.76,2026-06-16 01:07:03.249,.,training.log,230,"LR=0.001, z=64, batch size=32"
lr=0.001_z=64_bs=32_seed=42,lr=0.001_z=64_bs=32_seed=42,0.001,0.001,64,32,42,lr=0.001_z=64_bs=32,"LR=0.001, z=64, batch size=32",193,90.15,2026-06-16 01:07:52.679,.,training.log,231,"LR=0.001, z=64, batch size=32"
lr=0.001_z=64_bs=32_seed=42,lr=0.001_z=64_bs=32_seed=42,0.001,0.001,64,32,42,lr=0.001_z=64_bs=32,"LR=0.001, z=64, batch size=32",194,89.14,2026-06-16 01:08:32.205,.,training.log,232,"LR=0.001, z=64, batch size=32"
lr=0.001_z=64_bs=32_seed=42,lr=0.001_z=64_bs=32_seed=42,0.001,0.001,64,32,42,lr=0.001_z=64_bs=32,"LR=0.001, z=64, batch size=32",195,102.81,2026-06-16 01:09:21.838,.,training.log,233,"LR=0.001, z=64, batch size=32"
lr=0.001_z=64_bs=32_seed=42,lr=0.001_z=64_bs=32_seed=42,0.001,0.001,64,32,42,lr=0.001_z=64_bs=32,"LR=0.001, z=64, batch size=32",196,99.85,2026-06-16 01:10:01.534,.,training.log,234,"LR=0.001, z=64, batch size=32"
lr=0.001_z=64_bs=32_seed=42,lr=0.001_z=64_bs=32_seed=42,0.001,0.001,64,32,42,lr=0.001_z=64_bs=32,"LR=0.001, z=64, batch size=32",197,99.88,2026-06-16 01:10:41.521,.,training.log,235,"LR=0.001, z=64, batch size=32"
lr=0.001_z=64_bs=32_seed=42,lr=0.001_z=64_bs=32_seed=42,0.001,0.001,64,32,42,lr=0.001_z=64_bs=32,"LR=0.001, z=64, batch size=32",198,105.64,2026-06-16 01:11:21.179,.,training.log,236,"LR=0.001, z=64, batch size=32"
lr=0.001_z=64_bs=32_seed=42,lr=0.001_z=64_bs=32_seed=42,0.001,0.001,64,32,42,lr=0.001_z=64_bs=32,"LR=0.001, z=64, batch size=32",199,92.9,2026-06-16 01:12:00.752,.,training.log,237,"LR=0.001, z=64, batch size=32"
lr=0.001_z=64_bs=32_seed=42,lr=0.001_z=64_bs=32_seed=42,0.001,0.001,64,32,42,lr=0.001_z=64_bs=32,"LR=0.001, z=64, batch size=32",200,91.81,2026-06-16 01:12:50.104,.,training.log,238,"LR=0.001, z=64, batch size=32"
lr=0.001_z=64_bs=32_seed=42,lr=0.001_z=64_bs=32_seed=42,0.001,0.001,64,32,42,lr=0.001_z=64_bs=32,"LR=0.001, z=64, batch size=32",201,91.7,2026-06-16 01:13:29.353,.,training.log,239,"LR=0.001, z=64, batch size=32"
lr=0.001_z=64_bs=32_seed=42,lr=0.001_z=64_bs=32_seed=42,0.001,0.001,64,32,42,lr=0.001_z=64_bs=32,"LR=0.001, z=64, batch size=32",202,97.48,2026-06-16 01:14:19.931,.,training.log,240,"LR=0.001, z=64, batch size=32"
lr=0.001_z=64_bs=32_seed=42,lr=0.001_z=64_bs=32_seed=42,0.001,0.001,64,32,42,lr=0.001_z=64_bs=32,"LR=0.001, z=64, batch size=32",203,97.61,2026-06-16 01:14:59.584,.,training.log,241,"LR=0.001, z=64, batch size=32"
lr=0.001_z=64_bs=32_seed=42,lr=0.001_z=64_bs=32_seed=42,0.001,0.001,64,32,42,lr=0.001_z=64_bs=32,"LR=0.001, z=64, batch size=32",204,102.27,2026-06-16 01:15:39.720,.,training.log,242,"LR=0.001, z=64, batch size=32"
lr=0.001_z=64_bs=32_seed=42,lr=0.001_z=64_bs=32_seed=42,0.001,0.001,64,32,42,lr=0.001_z=64_bs=32,"LR=0.001, z=64, batch size=32",205,94.81,2026-06-16 01:16:19.441,.,training.log,243,"LR=0.001, z=64, batch size=32"
lr=0.001_z=64_bs=32_seed=42,lr=0.001_z=64_bs=32_seed=42,0.001,0.001,64,32,42,lr=0.001_z=64_bs=32,"LR=0.001, z=64, batch size=32",206,89.85,2026-06-16 01:16:59.060,.,training.log,244,"LR=0.001, z=64, batch size=32"
lr=0.001_z=64_bs=32_seed=42,lr=0.001_z=64_bs=32_seed=42,0.001,0.001,64,32,42,lr=0.001_z=64_bs=32,"LR=0.001, z=64, batch size=32",207,92.61,2026-06-16 01:17:49.114,.,training.log,245,"LR=0.001, z=64, batch size=32"
lr=0.001_z=64_bs=32_seed=42,lr=0.001_z=64_bs=32_seed=42,0.001,0.001,64,32,42,lr=0.001_z=64_bs=32,"LR=0.001, z=64, batch size=32",208,88.15,2026-06-16 01:18:29.145,.,training.log,246,"LR=0.001, z=64, batch size=32"
lr=0.001_z=64_bs=32_seed=42,lr=0.001_z=64_bs=32_seed=42,0.001,0.001,64,32,42,lr=0.001_z=64_bs=32,"LR=0.001, z=64, batch size=32",209,96.39,2026-06-16 01:19:19.267,.,training.log,247,"LR=0.001, z=64, batch size=32"
lr=0.001_z=64_bs=32_seed=42,lr=0.001_z=64_bs=32_seed=42,0.001,0.001,64,32,42,lr=0.001_z=64_bs=32,"LR=0.001, z=64, batch size=32",210,104.03,2026-06-16 01:19:58.850,.,training.log,248,"LR=0.001, z=64, batch size=32"
lr=0.001_z=64_bs=32_seed=42,lr=0.001_z=64_bs=32_seed=42,0.001,0.001,64,32,42,lr=0.001_z=64_bs=32,"LR=0.001, z=64, batch size=32",211,92.28,2026-06-16 01:20:38.401,.,training.log,249,"LR=0.001, z=64, batch size=32"
lr=0.001_z=64_bs=32_seed=42,lr=0.001_z=64_bs=32_seed=42,0.001,0.001,64,32,42,lr=0.001_z=64_bs=32,"LR=0.001, z=64, batch size=32",212,95.24,2026-06-16 01:21:28.047,.,training.log,250,"LR=0.001, z=64, batch size=32"
lr=0.001_z=64_bs=32_seed=42,lr=0.001_z=64_bs=32_seed=42,0.001,0.001,64,32,42,lr=0.001_z=64_bs=32,"LR=0.001, z=64, batch size=32",213,93.21,2026-06-16 01:22:07.998,.,training.log,251,"LR=0.001, z=64, batch size=32"
lr=0.001_z=64_bs=32_seed=42,lr=0.001_z=64_bs=32_seed=42,0.001,0.001,64,32,42,lr=0.001_z=64_bs=32,"LR=0.001, z=64, batch size=32",214,94.68,2026-06-16 01:22:57.514,.,training.log,252,"LR=0.001, z=64, batch size=32"
lr=0.001_z=64_bs=32_seed=42,lr=0.001_z=64_bs=32_seed=42,0.001,0.001,64,32,42,lr=0.001_z=64_bs=32,"LR=0.001, z=64, batch size=32",215,90.38,2026-06-16 01:23:37.551,.,training.log,253,"LR=0.001, z=64, batch size=32"
lr=0.001_z=64_bs=32_seed=42,lr=0.001_z=64_bs=32_seed=42,0.001,0.001,64,32,42,lr=0.001_z=64_bs=32,"LR=0.001, z=64, batch size=32",216,96.41,2026-06-16 01:24:17.544,.,training.log,254,"LR=0.001, z=64, batch size=32"
lr=0.001_z=64_bs=32_seed=42,lr=0.001_z=64_bs=32_seed=42,0.001,0.001,64,32,42,lr=0.001_z=64_bs=32,"LR=0.001, z=64, batch size=32",217,94.1,2026-06-16 01:24:56.624,.,training.log,255,"LR=0.001, z=64, batch size=32"
lr=0.001_z=64_bs=32_seed=42,lr=0.001_z=64_bs=32_seed=42,0.001,0.001,64,32,42,lr=0.001_z=64_bs=32,"LR=0.001, z=64, batch size=32",218,101.96,2026-06-16 01:25:36.023,.,training.log,256,"LR=0.001, z=64, batch size=32"
lr=0.001_z=64_bs=32_seed=42,lr=0.001_z=64_bs=32_seed=42,0.001,0.001,64,32,42,lr=0.001_z=64_bs=32,"LR=0.001, z=64, batch size=32",219,95.9,2026-06-16 01:26:25.506,.,training.log,257,"LR=0.001, z=64, batch size=32"
lr=0.001_z=64_bs=32_seed=42,lr=0.001_z=64_bs=32_seed=42,0.001,0.001,64,32,42,lr=0.001_z=64_bs=32,"LR=0.001, z=64, batch size=32",220,91.87,2026-06-16 01:27:05.028,.,training.log,258,"LR=0.001, z=64, batch size=32"
lr=0.001_z=64_bs=32_seed=42,lr=0.001_z=64_bs=32_seed=42,0.001,0.001,64,32,42,lr=0.001_z=64_bs=32,"LR=0.001, z=64, batch size=32",221,97.23,2026-06-16 01:27:45.135,.,training.log,259,"LR=0.001, z=64, batch size=32"
lr=0.001_z=64_bs=32_seed=42,lr=0.001_z=64_bs=32_seed=42,0.001,0.001,64,32,42,lr=0.001_z=64_bs=32,"LR=0.001, z=64, batch size=32",222,90.52,2026-06-16 01:28:25.153,.,training.log,260,"LR=0.001, z=64, batch size=32"
lr=0.001_z=64_bs=32_seed=42,lr=0.001_z=64_bs=32_seed=42,0.001,0.001,64,32,42,lr=0.001_z=64_bs=32,"LR=0.001, z=64, batch size=32",223,95.99,2026-06-16 01:29:05.264,.,training.log,261,"LR=0.001, z=64, batch size=32"
lr=0.001_z=64_bs=32_seed=42,lr=0.001_z=64_bs=32_seed=42,0.001,0.001,64,32,42,lr=0.001_z=64_bs=32,"LR=0.001, z=64, batch size=32",224,90.89,2026-06-16 01:29:55.845,.,training.log,262,"LR=0.001, z=64, batch size=32"
lr=0.001_z=64_bs=32_seed=42,lr=0.001_z=64_bs=32_seed=42,0.001,0.001,64,32,42,lr=0.001_z=64_bs=32,"LR=0.001, z=64, batch size=32",225,95.69,2026-06-16 01:30:35.231,.,training.log,263,"LR=0.001, z=64, batch size=32"
lr=0.001_z=64_bs=32_seed=42,lr=0.001_z=64_bs=32_seed=42,0.001,0.001,64,32,42,lr=0.001_z=64_bs=32,"LR=0.001, z=64, batch size=32",226,97.08,2026-06-16 01:31:35.621,.,training.log,264,"LR=0.001, z=64, batch size=32"
lr=0.001_z=64_bs=32_seed=42,lr=0.001_z=64_bs=32_seed=42,0.001,0.001,64,32,42,lr=0.001_z=64_bs=32,"LR=0.001, z=64, batch size=32",227,103.97,2026-06-16 01:32:15.320,.,training.log,265,"LR=0.001, z=64, batch size=32"
lr=0.001_z=64_bs=32_seed=42,lr=0.001_z=64_bs=32_seed=42,0.001,0.001,64,32,42,lr=0.001_z=64_bs=32,"LR=0.001, z=64, batch size=32",228,98.97,2026-06-16 01:32:55.111,.,training.log,266,"LR=0.001, z=64, batch size=32"
lr=0.001_z=64_bs=32_seed=42,lr=0.001_z=64_bs=32_seed=42,0.001,0.001,64,32,42,lr=0.001_z=64_bs=32,"LR=0.001, z=64, batch size=32",229,91.58,2026-06-16 01:33:44.897,.,training.log,267,"LR=0.001, z=64, batch size=32"
lr=0.001_z=64_bs=32_seed=42,lr=0.001_z=64_bs=32_seed=42,0.001,0.001,64,32,42,lr=0.001_z=64_bs=32,"LR=0.001, z=64, batch size=32",230,94.0,2026-06-16 01:34:25.414,.,training.log,268,"LR=0.001, z=64, batch size=32"
lr=0.001_z=64_bs=32_seed=42,lr=0.001_z=64_bs=32_seed=42,0.001,0.001,64,32,42,lr=0.001_z=64_bs=32,"LR=0.001, z=64, batch size=32",231,94.51,2026-06-16 01:35:15.845,.,training.log,269,"LR=0.001, z=64, batch size=32"
lr=0.001_z=64_bs=32_seed=42,lr=0.001_z=64_bs=32_seed=42,0.001,0.001,64,32,42,lr=0.001_z=64_bs=32,"LR=0.001, z=64, batch size=32",232,92.43,2026-06-16 01:35:56.760,.,training.log,270,"LR=0.001, z=64, batch size=32"
lr=0.001_z=64_bs=32_seed=42,lr=0.001_z=64_bs=32_seed=42,0.001,0.001,64,32,42,lr=0.001_z=64_bs=32,"LR=0.001, z=64, batch size=32",233,92.2,2026-06-16 01:36:37.832,.,training.log,271,"LR=0.001, z=64, batch size=32"
lr=0.001_z=64_bs=32_seed=42,lr=0.001_z=64_bs=32_seed=42,0.001,0.001,64,32,42,lr=0.001_z=64_bs=32,"LR=0.001, z=64, batch size=32",234,96.3,2026-06-16 01:37:18.416,.,training.log,272,"LR=0.001, z=64, batch size=32"
lr=0.001_z=64_bs=32_seed=42,lr=0.001_z=64_bs=32_seed=42,0.001,0.001,64,32,42,lr=0.001_z=64_bs=32,"LR=0.001, z=64, batch size=32",235,107.56,2026-06-16 01:37:58.743,.,training.log,273,"LR=0.001, z=64, batch size=32"
lr=0.001_z=64_bs=32_seed=42,lr=0.001_z=64_bs=32_seed=42,0.001,0.001,64,32,42,lr=0.001_z=64_bs=32,"LR=0.001, z=64, batch size=32",236,92.11,2026-06-16 01:38:49.227,.,training.log,274,"LR=0.001, z=64, batch size=32"
lr=0.001_z=64_bs=32_seed=42,lr=0.001_z=64_bs=32_seed=42,0.001,0.001,64,32,42,lr=0.001_z=64_bs=32,"LR=0.001, z=64, batch size=32",237,90.72,2026-06-16 01:39:29.783,.,training.log,275,"LR=0.001, z=64, batch size=32"
lr=0.001_z=64_bs=32_seed=42,lr=0.001_z=64_bs=32_seed=42,0.001,0.001,64,32,42,lr=0.001_z=64_bs=32,"LR=0.001, z=64, batch size=32",238,98.29,2026-06-16 01:40:30.199,.,training.log,276,"LR=0.001, z=64, batch size=32"
lr=0.001_z=64_bs=32_seed=42,lr=0.001_z=64_bs=32_seed=42,0.001,0.001,64,32,42,lr=0.001_z=64_bs=32,"LR=0.001, z=64, batch size=32",239,92.69,2026-06-16 01:41:10.339,.,training.log,277,"LR=0.001, z=64, batch size=32"
lr=0.001_z=64_bs=32_seed=42,lr=0.001_z=64_bs=32_seed=42,0.001,0.001,64,32,42,lr=0.001_z=64_bs=32,"LR=0.001, z=64, batch size=32",240,91.25,2026-06-16 01:41:51.093,.,training.log,278,"LR=0.001, z=64, batch size=32"
lr=0.001_z=64_bs=32_seed=42,lr=0.001_z=64_bs=32_seed=42,0.001,0.001,64,32,42,lr=0.001_z=64_bs=32,"LR=0.001, z=64, batch size=32",241,105.03,2026-06-16 01:42:41.577,.,training.log,279,"LR=0.001, z=64, batch size=32"
lr=0.001_z=64_bs=32_seed=42,lr=0.001_z=64_bs=32_seed=42,0.001,0.001,64,32,42,lr=0.001_z=64_bs=32,"LR=0.001, z=64, batch size=32",242,99.34,2026-06-16 01:43:21.797,.,training.log,280,"LR=0.001, z=64, batch size=32"
lr=0.001_z=64_bs=32_seed=42,lr=0.001_z=64_bs=32_seed=42,0.001,0.001,64,32,42,lr=0.001_z=64_bs=32,"LR=0.001, z=64, batch size=32",243,96.15,2026-06-16 01:44:11.816,.,training.log,281,"LR=0.001, z=64, batch size=32"
lr=0.001_z=64_bs=32_seed=42,lr=0.001_z=64_bs=32_seed=42,0.001,0.001,64,32,42,lr=0.001_z=64_bs=32,"LR=0.001, z=64, batch size=32",244,94.71,2026-06-16 01:44:52.038,.,training.log,282,"LR=0.001, z=64, batch size=32"
lr=0.001_z=64_bs=32_seed=42,lr=0.001_z=64_bs=32_seed=42,0.001,0.001,64,32,42,lr=0.001_z=64_bs=32,"LR=0.001, z=64, batch size=32",245,96.29,2026-06-16 01:45:32.424,.,training.log,283,"LR=0.001, z=64, batch size=32"
lr=0.001_z=64_bs=32_seed=42,lr=0.001_z=64_bs=32_seed=42,0.001,0.001,64,32,42,lr=0.001_z=64_bs=32,"LR=0.001, z=64, batch size=32",246,91.56,2026-06-16 01:46:12.676,.,training.log,284,"LR=0.001, z=64, batch size=32"
lr=0.001_z=64_bs=32_seed=42,lr=0.001_z=64_bs=32_seed=42,0.001,0.001,64,32,42,lr=0.001_z=64_bs=32,"LR=0.001, z=64, batch size=32",247,92.84,2026-06-16 01:46:53.246,.,training.log,285,"LR=0.001, z=64, batch size=32"
lr=0.001_z=64_bs=32_seed=42,lr=0.001_z=64_bs=32_seed=42,0.001,0.001,64,32,42,lr=0.001_z=64_bs=32,"LR=0.001, z=64, batch size=32",248,106.61,2026-06-16 01:47:43.584,.,training.log,286,"LR=0.001, z=64, batch size=32"
lr=0.001_z=64_bs=32_seed=42,lr=0.001_z=64_bs=32_seed=42,0.001,0.001,64,32,42,lr=0.001_z=64_bs=32,"LR=0.001, z=64, batch size=32",249,92.8,2026-06-16 01:48:23.901,.,training.log,287,"LR=0.001, z=64, batch size=32"
lr=0.001_z=64_bs=32_seed=42,lr=0.001_z=64_bs=32_seed=42,0.001,0.001,64,32,42,lr=0.001_z=64_bs=32,"LR=0.001, z=64, batch size=32",250,95.94,2026-06-16 01:49:04.521,.,training.log,288,"LR=0.001, z=64, batch size=32"
lr=0.001_z=64_bs=32_seed=42,lr=0.001_z=64_bs=32_seed=42,0.001,0.001,64,32,42,lr=0.001_z=64_bs=32,"LR=0.001, z=64, batch size=32",251,93.96,2026-06-16 01:49:44.673,.,training.log,289,"LR=0.001, z=64, batch size=32"
lr=0.001_z=64_bs=32_seed=42,lr=0.001_z=64_bs=32_seed=42,0.001,0.001,64,32,42,lr=0.001_z=64_bs=32,"LR=0.001, z=64, batch size=32",252,97.98,2026-06-16 01:50:25.185,.,training.log,290,"LR=0.001, z=64, batch size=32"
lr=0.001_z=64_bs=32_seed=42,lr=0.001_z=64_bs=32_seed=42,0.001,0.001,64,32,42,lr=0.001_z=64_bs=32,"LR=0.001, z=64, batch size=32",253,97.39,2026-06-16 01:51:15.396,.,training.log,291,"LR=0.001, z=64, batch size=32"
lr=0.001_z=64_bs=32_seed=42,lr=0.001_z=64_bs=32_seed=42,0.001,0.001,64,32,42,lr=0.001_z=64_bs=32,"LR=0.001, z=64, batch size=32",254,94.19,2026-06-16 01:51:55.396,.,training.log,292,"LR=0.001, z=64, batch size=32"
lr=0.001_z=64_bs=32_seed=42,lr=0.001_z=64_bs=32_seed=42,0.001,0.001,64,32,42,lr=0.001_z=64_bs=32,"LR=0.001, z=64, batch size=32",255,97.05,2026-06-16 01:52:35.912,.,training.log,293,"LR=0.001, z=64, batch size=32"
lr=0.001_z=64_bs=32_seed=42,lr=0.001_z=64_bs=32_seed=42,0.001,0.001,64,32,42,lr=0.001_z=64_bs=32,"LR=0.001, z=64, batch size=32",256,102.22,2026-06-16 01:53:36.541,.,training.log,294,"LR=0.001, z=64, batch size=32"
lr=0.001_z=64_bs=32_seed=42,lr=0.001_z=64_bs=32_seed=42,0.001,0.001,64,32,42,lr=0.001_z=64_bs=32,"LR=0.001, z=64, batch size=32",257,88.34,2026-06-16 01:54:16.445,.,training.log,295,"LR=0.001, z=64, batch size=32"
lr=0.001_z=64_bs=32_seed=42,lr=0.001_z=64_bs=32_seed=42,0.001,0.001,64,32,42,lr=0.001_z=64_bs=32,"LR=0.001, z=64, batch size=32",258,88.35,2026-06-16 01:55:06.698,.,training.log,296,"LR=0.001, z=64, batch size=32"
lr=0.001_z=64_bs=32_seed=42,lr=0.001_z=64_bs=32_seed=42,0.001,0.001,64,32,42,lr=0.001_z=64_bs=32,"LR=0.001, z=64, batch size=32",259,105.32,2026-06-16 01:55:46.623,.,training.log,297,"LR=0.001, z=64, batch size=32"
lr=0.001_z=64_bs=32_seed=42,lr=0.001_z=64_bs=32_seed=42,0.001,0.001,64,32,42,lr=0.001_z=64_bs=32,"LR=0.001, z=64, batch size=32",260,96.71,2026-06-16 01:56:27.222,.,training.log,298,"LR=0.001, z=64, batch size=32"
lr=0.001_z=64_bs=32_seed=42,lr=0.001_z=64_bs=32_seed=42,0.001,0.001,64,32,42,lr=0.001_z=64_bs=32,"LR=0.001, z=64, batch size=32",261,88.51,2026-06-16 01:57:07.213,.,training.log,299,"LR=0.001, z=64, batch size=32"
lr=0.001_z=64_bs=32_seed=42,lr=0.001_z=64_bs=32_seed=42,0.001,0.001,64,32,42,lr=0.001_z=64_bs=32,"LR=0.001, z=64, batch size=32",262,93.21,2026-06-16 01:57:47.719,.,training.log,300,"LR=0.001, z=64, batch size=32"
lr=0.001_z=64_bs=32_seed=42,lr=0.001_z=64_bs=32_seed=42,0.001,0.001,64,32,42,lr=0.001_z=64_bs=32,"LR=0.001, z=64, batch size=32",263,91.97,2026-06-16 01:58:28.013,.,training.log,301,"LR=0.001, z=64, batch size=32"
lr=0.001_z=64_bs=32_seed=42,lr=0.001_z=64_bs=32_seed=42,0.001,0.001,64,32,42,lr=0.001_z=64_bs=32,"LR=0.001, z=64, batch size=32",264,90.55,2026-06-16 01:59:08.325,.,training.log,302,"LR=0.001, z=64, batch size=32"
lr=0.001_z=64_bs=32_seed=42,lr=0.001_z=64_bs=32_seed=42,0.001,0.001,64,32,42,lr=0.001_z=64_bs=32,"LR=0.001, z=64, batch size=32",265,99.77,2026-06-16 01:59:59.239,.,training.log,303,"LR=0.001, z=64, batch size=32"
lr=0.001_z=64_bs=32_seed=42,lr=0.001_z=64_bs=32_seed=42,0.001,0.001,64,32,42,lr=0.001_z=64_bs=32,"LR=0.001, z=64, batch size=32",266,101.48,2026-06-16 02:00:39.872,.,training.log,304,"LR=0.001, z=64, batch size=32"
lr=0.001_z=64_bs=32_seed=42,lr=0.001_z=64_bs=32_seed=42,0.001,0.001,64,32,42,lr=0.001_z=64_bs=32,"LR=0.001, z=64, batch size=32",267,97.44,2026-06-16 02:01:20.650,.,training.log,305,"LR=0.001, z=64, batch size=32"
lr=0.001_z=64_bs=32_seed=42,lr=0.001_z=64_bs=32_seed=42,0.001,0.001,64,32,42,lr=0.001_z=64_bs=32,"LR=0.001, z=64, batch size=32",268,93.87,2026-06-16 02:02:01.595,.,training.log,306,"LR=0.001, z=64, batch size=32"
lr=0.001_z=64_bs=32_seed=42,lr=0.001_z=64_bs=32_seed=42,0.001,0.001,64,32,42,lr=0.001_z=64_bs=32,"LR=0.001, z=64, batch size=32",269,109.07,2026-06-16 02:02:42.440,.,training.log,307,"LR=0.001, z=64, batch size=32"
lr=0.001_z=64_bs=32_seed=42,lr=0.001_z=64_bs=32_seed=42,0.001,0.001,64,32,42,lr=0.001_z=64_bs=32,"LR=0.001, z=64, batch size=32",270,91.86,2026-06-16 02:03:33.951,.,training.log,308,"LR=0.001, z=64, batch size=32"
lr=0.001_z=64_bs=32_seed=42,lr=0.001_z=64_bs=32_seed=42,0.001,0.001,64,32,42,lr=0.001_z=64_bs=32,"LR=0.001, z=64, batch size=32",271,102.42,2026-06-16 02:04:14.430,.,training.log,309,"LR=0.001, z=64, batch size=32"
lr=0.001_z=64_bs=32_seed=42,lr=0.001_z=64_bs=32_seed=42,0.001,0.001,64,32,42,lr=0.001_z=64_bs=32,"LR=0.001, z=64, batch size=32",272,99.81,2026-06-16 02:04:56.002,.,training.log,310,"LR=0.001, z=64, batch size=32"
lr=0.001_z=64_bs=32_seed=42,lr=0.001_z=64_bs=32_seed=42,0.001,0.001,64,32,42,lr=0.001_z=64_bs=32,"LR=0.001, z=64, batch size=32",273,85.5,2026-06-16 02:05:37.384,.,training.log,312,"LR=0.001, z=64, batch size=32"
lr=0.001_z=64_bs=32_seed=42,lr=0.001_z=64_bs=32_seed=42,0.001,0.001,64,32,42,lr=0.001_z=64_bs=32,"LR=0.001, z=64, batch size=32",274,99.39,2026-06-16 02:06:18.231,.,training.log,313,"LR=0.001, z=64, batch size=32"
lr=0.001_z=64_bs=32_seed=42,lr=0.001_z=64_bs=32_seed=42,0.001,0.001,64,32,42,lr=0.001_z=64_bs=32,"LR=0.001, z=64, batch size=32",275,90.99,2026-06-16 02:07:09.153,.,training.log,314,"LR=0.001, z=64, batch size=32"
lr=0.001_z=64_bs=32_seed=142,lr=0.001_z=64_bs=32_seed=142,0.001,0.001,64,32,142,lr=0.001_z=64_bs=32,"LR=0.001, z=64, batch size=32",1,321.54,2026-06-15 22:51:54.062,.,training (6).log,6,"LR=0.001, z=64, batch size=32"
lr=0.001_z=64_bs=32_seed=142,lr=0.001_z=64_bs=32_seed=142,0.001,0.001,64,32,142,lr=0.001_z=64_bs=32,"LR=0.001, z=64, batch size=32",2,274.32,2026-06-15 22:52:12.885,.,training (6).log,8,"LR=0.001, z=64, batch size=32"
lr=0.001_z=64_bs=32_seed=142,lr=0.001_z=64_bs=32_seed=142,0.001,0.001,64,32,142,lr=0.001_z=64_bs=32,"LR=0.001, z=64, batch size=32",3,305.32,2026-06-15 22:53:00.873,.,training (6).log,9,"LR=0.001, z=64, batch size=32"
lr=0.001_z=64_bs=32_seed=142,lr=0.001_z=64_bs=32_seed=142,0.001,0.001,64,32,142,lr=0.001_z=64_bs=32,"LR=0.001, z=64, batch size=32",4,286.98,2026-06-15 22:53:19.259,.,training (6).log,10,"LR=0.001, z=64, batch size=32"
lr=0.001_z=64_bs=32_seed=142,lr=0.001_z=64_bs=32_seed=142,0.001,0.001,64,32,142,lr=0.001_z=64_bs=32,"LR=0.001, z=64, batch size=32",5,276.01,2026-06-15 22:54:07.635,.,training (6).log,11,"LR=0.001, z=64, batch size=32"
lr=0.001_z=64_bs=32_seed=142,lr=0.001_z=64_bs=32_seed=142,0.001,0.001,64,32,142,lr=0.001_z=64_bs=32,"LR=0.001, z=64, batch size=32",6,250.22,2026-06-15 22:54:26.703,.,training (6).log,13,"LR=0.001, z=64, batch size=32"
lr=0.001_z=64_bs=32_seed=142,lr=0.001_z=64_bs=32_seed=142,0.001,0.001,64,32,142,lr=0.001_z=64_bs=32,"LR=0.001, z=64, batch size=32",7,217.57,2026-06-15 22:55:15.150,.,training (6).log,15,"LR=0.001, z=64, batch size=32"
lr=0.001_z=64_bs=32_seed=142,lr=0.001_z=64_bs=32_seed=142,0.001,0.001,64,32,142,lr=0.001_z=64_bs=32,"LR=0.001, z=64, batch size=32",8,211.81,2026-06-15 22:55:34.709,.,training (6).log,17,"LR=0.001, z=64, batch size=32"
lr=0.001_z=64_bs=32_seed=142,lr=0.001_z=64_bs=32_seed=142,0.001,0.001,64,32,142,lr=0.001_z=64_bs=32,"LR=0.001, z=64, batch size=32",9,188.92,2026-06-15 22:56:23.500,.,training (6).log,19,"LR=0.001, z=64, batch size=32"
lr=0.001_z=64_bs=32_seed=142,lr=0.001_z=64_bs=32_seed=142,0.001,0.001,64,32,142,lr=0.001_z=64_bs=32,"LR=0.001, z=64, batch size=32",10,184.52,2026-06-15 22:56:42.994,.,training (6).log,21,"LR=0.001, z=64, batch size=32"
lr=0.001_z=64_bs=32_seed=142,lr=0.001_z=64_bs=32_seed=142,0.001,0.001,64,32,142,lr=0.001_z=64_bs=32,"LR=0.001, z=64, batch size=32",11,172.73,2026-06-15 22:57:31.640,.,training (6).log,23,"LR=0.001, z=64, batch size=32"
lr=0.001_z=64_bs=32_seed=142,lr=0.001_z=64_bs=32_seed=142,0.001,0.001,64,32,142,lr=0.001_z=64_bs=32,"LR=0.001, z=64, batch size=32",12,174.1,2026-06-15 22:57:50.618,.,training (6).log,24,"LR=0.001, z=64, batch size=32"
lr=0.001_z=64_bs=32_seed=142,lr=0.001_z=64_bs=32_seed=142,0.001,0.001,64,32,142,lr=0.001_z=64_bs=32,"LR=0.001, z=64, batch size=32",13,170.95,2026-06-15 22:58:39.141,.,training (6).log,26,"LR=0.001, z=64, batch size=32"
lr=0.001_z=64_bs=32_seed=142,lr=0.001_z=64_bs=32_seed=142,0.001,0.001,64,32,142,lr=0.001_z=64_bs=32,"LR=0.001, z=64, batch size=32",14,159.16,2026-06-15 22:58:58.206,.,training (6).log,28,"LR=0.001, z=64, batch size=32"
lr=0.001_z=64_bs=32_seed=142,lr=0.001_z=64_bs=32_seed=142,0.001,0.001,64,32,142,lr=0.001_z=64_bs=32,"LR=0.001, z=64, batch size=32",15,155.94,2026-06-15 22:59:47.119,.,training (6).log,30,"LR=0.001, z=64, batch size=32"
lr=0.001_z=64_bs=32_seed=142,lr=0.001_z=64_bs=32_seed=142,0.001,0.001,64,32,142,lr=0.001_z=64_bs=32,"LR=0.001, z=64, batch size=32",16,156.25,2026-06-15 23:00:06.065,.,training (6).log,31,"LR=0.001, z=64, batch size=32"
lr=0.001_z=64_bs=32_seed=142,lr=0.001_z=64_bs=32_seed=142,0.001,0.001,64,32,142,lr=0.001_z=64_bs=32,"LR=0.001, z=64, batch size=32",17,147.19,2026-06-15 23:00:54.887,.,training (6).log,33,"LR=0.001, z=64, batch size=32"
lr=0.001_z=64_bs=32_seed=142,lr=0.001_z=64_bs=32_seed=142,0.001,0.001,64,32,142,lr=0.001_z=64_bs=32,"LR=0.001, z=64, batch size=32",18,151.46,2026-06-15 23:01:13.896,.,training (6).log,34,"LR=0.001, z=64, batch size=32"
lr=0.001_z=64_bs=32_seed=142,lr=0.001_z=64_bs=32_seed=142,0.001,0.001,64,32,142,lr=0.001_z=64_bs=32,"LR=0.001, z=64, batch size=32",19,144.2,2026-06-15 23:06:03.477,.,training (6).log,36,"LR=0.001, z=64, batch size=32"
lr=0.001_z=64_bs=32_seed=142,lr=0.001_z=64_bs=32_seed=142,0.001,0.001,64,32,142,lr=0.001_z=64_bs=32,"LR=0.001, z=64, batch size=32",20,144.52,2026-06-15 23:06:22.644,.,training (6).log,37,"LR=0.001, z=64, batch size=32"
lr=0.001_z=64_bs=32_seed=142,lr=0.001_z=64_bs=32_seed=142,0.001,0.001,64,32,142,lr=0.001_z=64_bs=32,"LR=0.001, z=64, batch size=32",21,141.79,2026-06-15 23:06:41.578,.,training (6).log,39,"LR=0.001, z=64, batch size=32"
lr=0.001_z=64_bs=32_seed=142,lr=0.001_z=64_bs=32_seed=142,0.001,0.001,64,32,142,lr=0.001_z=64_bs=32,"LR=0.001, z=64, batch size=32",22,144.55,2026-06-15 23:07:00.301,.,training (6).log,40,"LR=0.001, z=64, batch size=32"
lr=0.001_z=64_bs=32_seed=142,lr=0.001_z=64_bs=32_seed=142,0.001,0.001,64,32,142,lr=0.001_z=64_bs=32,"LR=0.001, z=64, batch size=32",23,139.77,2026-06-15 23:07:48.782,.,training (6).log,42,"LR=0.001, z=64, batch size=32"
lr=0.001_z=64_bs=32_seed=142,lr=0.001_z=64_bs=32_seed=142,0.001,0.001,64,32,142,lr=0.001_z=64_bs=32,"LR=0.001, z=64, batch size=32",24,143.93,2026-06-15 23:08:07.618,.,training (6).log,43,"LR=0.001, z=64, batch size=32"
lr=0.001_z=64_bs=32_seed=142,lr=0.001_z=64_bs=32_seed=142,0.001,0.001,64,32,142,lr=0.001_z=64_bs=32,"LR=0.001, z=64, batch size=32",25,134.64,2026-06-15 23:08:56.194,.,training (6).log,45,"LR=0.001, z=64, batch size=32"
lr=0.001_z=64_bs=32_seed=142,lr=0.001_z=64_bs=32_seed=142,0.001,0.001,64,32,142,lr=0.001_z=64_bs=32,"LR=0.001, z=64, batch size=32",26,141.25,2026-06-15 23:09:15.485,.,training (6).log,46,"LR=0.001, z=64, batch size=32"
lr=0.001_z=64_bs=32_seed=142,lr=0.001_z=64_bs=32_seed=142,0.001,0.001,64,32,142,lr=0.001_z=64_bs=32,"LR=0.001, z=64, batch size=32",27,139.65,2026-06-15 23:10:03.808,.,training (6).log,47,"LR=0.001, z=64, batch size=32"
lr=0.001_z=64_bs=32_seed=142,lr=0.001_z=64_bs=32_seed=142,0.001,0.001,64,32,142,lr=0.001_z=64_bs=32,"LR=0.001, z=64, batch size=32",28,138.08,2026-06-15 23:10:22.357,.,training (6).log,48,"LR=0.001, z=64, batch size=32"
lr=0.001_z=64_bs=32_seed=142,lr=0.001_z=64_bs=32_seed=142,0.001,0.001,64,32,142,lr=0.001_z=64_bs=32,"LR=0.001, z=64, batch size=32",29,134.62,2026-06-15 23:11:10.896,.,training (6).log,50,"LR=0.001, z=64, batch size=32"
lr=0.001_z=64_bs=32_seed=142,lr=0.001_z=64_bs=32_seed=142,0.001,0.001,64,32,142,lr=0.001_z=64_bs=32,"LR=0.001, z=64, batch size=32",30,136.61,2026-06-15 23:11:29.808,.,training (6).log,51,"LR=0.001, z=64, batch size=32"
lr=0.001_z=64_bs=32_seed=142,lr=0.001_z=64_bs=32_seed=142,0.001,0.001,64,32,142,lr=0.001_z=64_bs=32,"LR=0.001, z=64, batch size=32",31,128.96,2026-06-15 23:12:18.513,.,training (6).log,53,"LR=0.001, z=64, batch size=32"
lr=0.001_z=64_bs=32_seed=142,lr=0.001_z=64_bs=32_seed=142,0.001,0.001,64,32,142,lr=0.001_z=64_bs=32,"LR=0.001, z=64, batch size=32",32,125.6,2026-06-15 23:12:37.577,.,training (6).log,55,"LR=0.001, z=64, batch size=32"
lr=0.001_z=64_bs=32_seed=142,lr=0.001_z=64_bs=32_seed=142,0.001,0.001,64,32,142,lr=0.001_z=64_bs=32,"LR=0.001, z=64, batch size=32",33,130.5,2026-06-15 23:13:25.946,.,training (6).log,56,"LR=0.001, z=64, batch size=32"
lr=0.001_z=64_bs=32_seed=142,lr=0.001_z=64_bs=32_seed=142,0.001,0.001,64,32,142,lr=0.001_z=64_bs=32,"LR=0.001, z=64, batch size=32",34,128.49,2026-06-15 23:13:44.772,.,training (6).log,57,"LR=0.001, z=64, batch size=32"
lr=0.001_z=64_bs=32_seed=142,lr=0.001_z=64_bs=32_seed=142,0.001,0.001,64,32,142,lr=0.001_z=64_bs=32,"LR=0.001, z=64, batch size=32",35,129.08,2026-06-15 23:14:33.154,.,training (6).log,58,"LR=0.001, z=64, batch size=32"
lr=0.001_z=64_bs=32_seed=142,lr=0.001_z=64_bs=32_seed=142,0.001,0.001,64,32,142,lr=0.001_z=64_bs=32,"LR=0.001, z=64, batch size=32",36,129.48,2026-06-15 23:14:51.730,.,training (6).log,59,"LR=0.001, z=64, batch size=32"
lr=0.001_z=64_bs=32_seed=142,lr=0.001_z=64_bs=32_seed=142,0.001,0.001,64,32,142,lr=0.001_z=64_bs=32,"LR=0.001, z=64, batch size=32",37,126.6,2026-06-15 23:15:39.896,.,training (6).log,60,"LR=0.001, z=64, batch size=32"
lr=0.001_z=64_bs=32_seed=142,lr=0.001_z=64_bs=32_seed=142,0.001,0.001,64,32,142,lr=0.001_z=64_bs=32,"LR=0.001, z=64, batch size=32",38,136.33,2026-06-15 23:15:58.681,.,training (6).log,61,"LR=0.001, z=64, batch size=32"
lr=0.001_z=64_bs=32_seed=142,lr=0.001_z=64_bs=32_seed=142,0.001,0.001,64,32,142,lr=0.001_z=64_bs=32,"LR=0.001, z=64, batch size=32",39,134.89,2026-06-15 23:16:47.118,.,training (6).log,62,"LR=0.001, z=64, batch size=32"
lr=0.001_z=64_bs=32_seed=142,lr=0.001_z=64_bs=32_seed=142,0.001,0.001,64,32,142,lr=0.001_z=64_bs=32,"LR=0.001, z=64, batch size=32",40,126.35,2026-06-15 23:17:05.912,.,training (6).log,63,"LR=0.001, z=64, batch size=32"
lr=0.001_z=64_bs=32_seed=142,lr=0.001_z=64_bs=32_seed=142,0.001,0.001,64,32,142,lr=0.001_z=64_bs=32,"LR=0.001, z=64, batch size=32",41,124.96,2026-06-15 23:17:54.553,.,training (6).log,65,"LR=0.001, z=64, batch size=32"
lr=0.001_z=64_bs=32_seed=142,lr=0.001_z=64_bs=32_seed=142,0.001,0.001,64,32,142,lr=0.001_z=64_bs=32,"LR=0.001, z=64, batch size=32",42,127.59,2026-06-15 23:18:13.628,.,training (6).log,66,"LR=0.001, z=64, batch size=32"
lr=0.001_z=64_bs=32_seed=142,lr=0.001_z=64_bs=32_seed=142,0.001,0.001,64,32,142,lr=0.001_z=64_bs=32,"LR=0.001, z=64, batch size=32",43,126.6,2026-06-15 23:19:02.122,.,training (6).log,67,"LR=0.001, z=64, batch size=32"
lr=0.001_z=64_bs=32_seed=142,lr=0.001_z=64_bs=32_seed=142,0.001,0.001,64,32,142,lr=0.001_z=64_bs=32,"LR=0.001, z=64, batch size=32",44,123.26,2026-06-15 23:19:20.686,.,training (6).log,69,"LR=0.001, z=64, batch size=32"
lr=0.001_z=64_bs=32_seed=142,lr=0.001_z=64_bs=32_seed=142,0.001,0.001,64,32,142,lr=0.001_z=64_bs=32,"LR=0.001, z=64, batch size=32",45,123.49,2026-06-15 23:20:09.152,.,training (6).log,70,"LR=0.001, z=64, batch size=32"
lr=0.001_z=64_bs=32_seed=142,lr=0.001_z=64_bs=32_seed=142,0.001,0.001,64,32,142,lr=0.001_z=64_bs=32,"LR=0.001, z=64, batch size=32",46,119.85,2026-06-15 23:20:28.079,.,training (6).log,72,"LR=0.001, z=64, batch size=32"
lr=0.001_z=64_bs=32_seed=142,lr=0.001_z=64_bs=32_seed=142,0.001,0.001,64,32,142,lr=0.001_z=64_bs=32,"LR=0.001, z=64, batch size=32",47,118.17,2026-06-15 23:21:16.489,.,training (6).log,74,"LR=0.001, z=64, batch size=32"
lr=0.001_z=64_bs=32_seed=142,lr=0.001_z=64_bs=32_seed=142,0.001,0.001,64,32,142,lr=0.001_z=64_bs=32,"LR=0.001, z=64, batch size=32",48,129.1,2026-06-15 23:21:35.698,.,training (6).log,75,"LR=0.001, z=64, batch size=32"
lr=0.001_z=64_bs=32_seed=142,lr=0.001_z=64_bs=32_seed=142,0.001,0.001,64,32,142,lr=0.001_z=64_bs=32,"LR=0.001, z=64, batch size=32",49,120.43,2026-06-15 23:22:24.382,.,training (6).log,76,"LR=0.001, z=64, batch size=32"
lr=0.001_z=64_bs=32_seed=142,lr=0.001_z=64_bs=32_seed=142,0.001,0.001,64,32,142,lr=0.001_z=64_bs=32,"LR=0.001, z=64, batch size=32",50,122.67,2026-06-15 23:22:42.957,.,training (6).log,77,"LR=0.001, z=64, batch size=32"
lr=0.001_z=64_bs=32_seed=142,lr=0.001_z=64_bs=32_seed=142,0.001,0.001,64,32,142,lr=0.001_z=64_bs=32,"LR=0.001, z=64, batch size=32",51,109.33,2026-06-15 23:23:31.413,.,training (6).log,79,"LR=0.001, z=64, batch size=32"
lr=0.001_z=64_bs=32_seed=142,lr=0.001_z=64_bs=32_seed=142,0.001,0.001,64,32,142,lr=0.001_z=64_bs=32,"LR=0.001, z=64, batch size=32",52,118.98,2026-06-15 23:23:50.662,.,training (6).log,80,"LR=0.001, z=64, batch size=32"
lr=0.001_z=64_bs=32_seed=142,lr=0.001_z=64_bs=32_seed=142,0.001,0.001,64,32,142,lr=0.001_z=64_bs=32,"LR=0.001, z=64, batch size=32",53,116.25,2026-06-15 23:24:38.919,.,training (6).log,81,"LR=0.001, z=64, batch size=32"
lr=0.001_z=64_bs=32_seed=142,lr=0.001_z=64_bs=32_seed=142,0.001,0.001,64,32,142,lr=0.001_z=64_bs=32,"LR=0.001, z=64, batch size=32",54,121.87,2026-06-15 23:24:57.470,.,training (6).log,82,"LR=0.001, z=64, batch size=32"
lr=0.001_z=64_bs=32_seed=142,lr=0.001_z=64_bs=32_seed=142,0.001,0.001,64,32,142,lr=0.001_z=64_bs=32,"LR=0.001, z=64, batch size=32",55,120.14,2026-06-15 23:25:45.901,.,training (6).log,83,"LR=0.001, z=64, batch size=32"
lr=0.001_z=64_bs=32_seed=142,lr=0.001_z=64_bs=32_seed=142,0.001,0.001,64,32,142,lr=0.001_z=64_bs=32,"LR=0.001, z=64, batch size=32",56,123.23,2026-06-15 23:26:04.755,.,training (6).log,84,"LR=0.001, z=64, batch size=32"
lr=0.001_z=64_bs=32_seed=142,lr=0.001_z=64_bs=32_seed=142,0.001,0.001,64,32,142,lr=0.001_z=64_bs=32,"LR=0.001, z=64, batch size=32",57,109.17,2026-06-15 23:26:53.477,.,training (6).log,86,"LR=0.001, z=64, batch size=32"
lr=0.001_z=64_bs=32_seed=142,lr=0.001_z=64_bs=32_seed=142,0.001,0.001,64,32,142,lr=0.001_z=64_bs=32,"LR=0.001, z=64, batch size=32",58,116.03,2026-06-15 23:27:12.716,.,training (6).log,87,"LR=0.001, z=64, batch size=32"
lr=0.001_z=64_bs=32_seed=142,lr=0.001_z=64_bs=32_seed=142,0.001,0.001,64,32,142,lr=0.001_z=64_bs=32,"LR=0.001, z=64, batch size=32",59,109.96,2026-06-15 23:28:01.332,.,training (6).log,88,"LR=0.001, z=64, batch size=32"
lr=0.001_z=64_bs=32_seed=142,lr=0.001_z=64_bs=32_seed=142,0.001,0.001,64,32,142,lr=0.001_z=64_bs=32,"LR=0.001, z=64, batch size=32",60,110.49,2026-06-15 23:28:19.928,.,training (6).log,89,"LR=0.001, z=64, batch size=32"
lr=0.001_z=64_bs=32_seed=142,lr=0.001_z=64_bs=32_seed=142,0.001,0.001,64,32,142,lr=0.001_z=64_bs=32,"LR=0.001, z=64, batch size=32",61,113.86,2026-06-15 23:29:08.677,.,training (6).log,90,"LR=0.001, z=64, batch size=32"
lr=0.001_z=64_bs=32_seed=142,lr=0.001_z=64_bs=32_seed=142,0.001,0.001,64,32,142,lr=0.001_z=64_bs=32,"LR=0.001, z=64, batch size=32",62,114.5,2026-06-15 23:29:27.270,.,training (6).log,91,"LR=0.001, z=64, batch size=32"
lr=0.001_z=64_bs=32_seed=142,lr=0.001_z=64_bs=32_seed=142,0.001,0.001,64,32,142,lr=0.001_z=64_bs=32,"LR=0.001, z=64, batch size=32",63,113.1,2026-06-15 23:30:15.874,.,training (6).log,92,"LR=0.001, z=64, batch size=32"
lr=0.001_z=64_bs=32_seed=142,lr=0.001_z=64_bs=32_seed=142,0.001,0.001,64,32,142,lr=0.001_z=64_bs=32,"LR=0.001, z=64, batch size=32",64,107.98,2026-06-15 23:30:34.828,.,training (6).log,94,"LR=0.001, z=64, batch size=32"
lr=0.001_z=64_bs=32_seed=142,lr=0.001_z=64_bs=32_seed=142,0.001,0.001,64,32,142,lr=0.001_z=64_bs=32,"LR=0.001, z=64, batch size=32",65,101.56,2026-06-15 23:31:23.798,.,training (6).log,96,"LR=0.001, z=64, batch size=32"
lr=0.001_z=64_bs=32_seed=142,lr=0.001_z=64_bs=32_seed=142,0.001,0.001,64,32,142,lr=0.001_z=64_bs=32,"LR=0.001, z=64, batch size=32",66,115.17,2026-06-15 23:31:43.359,.,training (6).log,97,"LR=0.001, z=64, batch size=32"
lr=0.001_z=64_bs=32_seed=142,lr=0.001_z=64_bs=32_seed=142,0.001,0.001,64,32,142,lr=0.001_z=64_bs=32,"LR=0.001, z=64, batch size=32",67,111.23,2026-06-15 23:32:31.843,.,training (6).log,98,"LR=0.001, z=64, batch size=32"
lr=0.001_z=64_bs=32_seed=142,lr=0.001_z=64_bs=32_seed=142,0.001,0.001,64,32,142,lr=0.001_z=64_bs=32,"LR=0.001, z=64, batch size=32",68,104.75,2026-06-15 23:32:50.506,.,training (6).log,99,"LR=0.001, z=64, batch size=32"
lr=0.001_z=64_bs=32_seed=142,lr=0.001_z=64_bs=32_seed=142,0.001,0.001,64,32,142,lr=0.001_z=64_bs=32,"LR=0.001, z=64, batch size=32",69,108.06,2026-06-15 23:33:39.403,.,training (6).log,100,"LR=0.001, z=64, batch size=32"
lr=0.001_z=64_bs=32_seed=142,lr=0.001_z=64_bs=32_seed=142,0.001,0.001,64,32,142,lr=0.001_z=64_bs=32,"LR=0.001, z=64, batch size=32",70,106.09,2026-06-15 23:33:58.093,.,training (6).log,101,"LR=0.001, z=64, batch size=32"
lr=0.001_z=64_bs=32_seed=142,lr=0.001_z=64_bs=32_seed=142,0.001,0.001,64,32,142,lr=0.001_z=64_bs=32,"LR=0.001, z=64, batch size=32",71,111.32,2026-06-15 23:34:46.676,.,training (6).log,102,"LR=0.001, z=64, batch size=32"
lr=0.001_z=64_bs=32_seed=142,lr=0.001_z=64_bs=32_seed=142,0.001,0.001,64,32,142,lr=0.001_z=64_bs=32,"LR=0.001, z=64, batch size=32",72,112.02,2026-06-15 23:35:05.313,.,training (6).log,103,"LR=0.001, z=64, batch size=32"
lr=0.001_z=64_bs=32_seed=142,lr=0.001_z=64_bs=32_seed=142,0.001,0.001,64,32,142,lr=0.001_z=64_bs=32,"LR=0.001, z=64, batch size=32",73,108.51,2026-06-15 23:35:53.845,.,training (6).log,104,"LR=0.001, z=64, batch size=32"
lr=0.001_z=64_bs=32_seed=142,lr=0.001_z=64_bs=32_seed=142,0.001,0.001,64,32,142,lr=0.001_z=64_bs=32,"LR=0.001, z=64, batch size=32",74,109.65,2026-06-15 23:36:12.563,.,training (6).log,105,"LR=0.001, z=64, batch size=32"
lr=0.001_z=64_bs=32_seed=142,lr=0.001_z=64_bs=32_seed=142,0.001,0.001,64,32,142,lr=0.001_z=64_bs=32,"LR=0.001, z=64, batch size=32",75,108.17,2026-06-15 23:37:01.340,.,training (6).log,106,"LR=0.001, z=64, batch size=32"
lr=0.001_z=64_bs=32_seed=142,lr=0.001_z=64_bs=32_seed=142,0.001,0.001,64,32,142,lr=0.001_z=64_bs=32,"LR=0.001, z=64, batch size=32",76,101.1,2026-06-15 23:37:20.248,.,training (6).log,108,"LR=0.001, z=64, batch size=32"
lr=0.001_z=64_bs=32_seed=142,lr=0.001_z=64_bs=32_seed=142,0.001,0.001,64,32,142,lr=0.001_z=64_bs=32,"LR=0.001, z=64, batch size=32",77,110.38,2026-06-15 23:38:08.796,.,training (6).log,109,"LR=0.001, z=64, batch size=32"
lr=0.001_z=64_bs=32_seed=142,lr=0.001_z=64_bs=32_seed=142,0.001,0.001,64,32,142,lr=0.001_z=64_bs=32,"LR=0.001, z=64, batch size=32",78,104.66,2026-06-15 23:38:27.466,.,training (6).log,110,"LR=0.001, z=64, batch size=32"
lr=0.001_z=64_bs=32_seed=142,lr=0.001_z=64_bs=32_seed=142,0.001,0.001,64,32,142,lr=0.001_z=64_bs=32,"LR=0.001, z=64, batch size=32",79,108.82,2026-06-15 23:39:16.472,.,training (6).log,111,"LR=0.001, z=64, batch size=32"
lr=0.001_z=64_bs=32_seed=142,lr=0.001_z=64_bs=32_seed=142,0.001,0.001,64,32,142,lr=0.001_z=64_bs=32,"LR=0.001, z=64, batch size=32",80,108.16,2026-06-15 23:39:35.302,.,training (6).log,112,"LR=0.001, z=64, batch size=32"
lr=0.001_z=64_bs=32_seed=142,lr=0.001_z=64_bs=32_seed=142,0.001,0.001,64,32,142,lr=0.001_z=64_bs=32,"LR=0.001, z=64, batch size=32",81,101.58,2026-06-15 23:40:24.051,.,training (6).log,113,"LR=0.001, z=64, batch size=32"
lr=0.001_z=64_bs=32_seed=142,lr=0.001_z=64_bs=32_seed=142,0.001,0.001,64,32,142,lr=0.001_z=64_bs=32,"LR=0.001, z=64, batch size=32",82,105.19,2026-06-15 23:40:42.761,.,training (6).log,114,"LR=0.001, z=64, batch size=32"
lr=0.001_z=64_bs=32_seed=142,lr=0.001_z=64_bs=32_seed=142,0.001,0.001,64,32,142,lr=0.001_z=64_bs=32,"LR=0.001, z=64, batch size=32",83,104.46,2026-06-15 23:41:31.363,.,training (6).log,115,"LR=0.001, z=64, batch size=32"
lr=0.001_z=64_bs=32_seed=142,lr=0.001_z=64_bs=32_seed=142,0.001,0.001,64,32,142,lr=0.001_z=64_bs=32,"LR=0.001, z=64, batch size=32",84,107.2,2026-06-15 23:41:50.056,.,training (6).log,116,"LR=0.001, z=64, batch size=32"
lr=0.001_z=64_bs=32_seed=142,lr=0.001_z=64_bs=32_seed=142,0.001,0.001,64,32,142,lr=0.001_z=64_bs=32,"LR=0.001, z=64, batch size=32",85,101.42,2026-06-15 23:42:38.849,.,training (6).log,117,"LR=0.001, z=64, batch size=32"
lr=0.001_z=64_bs=32_seed=142,lr=0.001_z=64_bs=32_seed=142,0.001,0.001,64,32,142,lr=0.001_z=64_bs=32,"LR=0.001, z=64, batch size=32",86,107.86,2026-06-15 23:42:57.788,.,training (6).log,118,"LR=0.001, z=64, batch size=32"
lr=0.001_z=64_bs=32_seed=142,lr=0.001_z=64_bs=32_seed=142,0.001,0.001,64,32,142,lr=0.001_z=64_bs=32,"LR=0.001, z=64, batch size=32",87,109.76,2026-06-15 23:43:46.575,.,training (6).log,119,"LR=0.001, z=64, batch size=32"
lr=0.001_z=64_bs=32_seed=142,lr=0.001_z=64_bs=32_seed=142,0.001,0.001,64,32,142,lr=0.001_z=64_bs=32,"LR=0.001, z=64, batch size=32",88,103.67,2026-06-15 23:44:05.222,.,training (6).log,120,"LR=0.001, z=64, batch size=32"
lr=0.001_z=64_bs=32_seed=142,lr=0.001_z=64_bs=32_seed=142,0.001,0.001,64,32,142,lr=0.001_z=64_bs=32,"LR=0.001, z=64, batch size=32",89,107.1,2026-06-15 23:44:54.002,.,training (6).log,121,"LR=0.001, z=64, batch size=32"
lr=0.001_z=64_bs=32_seed=142,lr=0.001_z=64_bs=32_seed=142,0.001,0.001,64,32,142,lr=0.001_z=64_bs=32,"LR=0.001, z=64, batch size=32",90,100.96,2026-06-15 23:45:12.971,.,training (6).log,123,"LR=0.001, z=64, batch size=32"
lr=0.001_z=64_bs=32_seed=142,lr=0.001_z=64_bs=32_seed=142,0.001,0.001,64,32,142,lr=0.001_z=64_bs=32,"LR=0.001, z=64, batch size=32",91,102.51,2026-06-15 23:46:01.639,.,training (6).log,124,"LR=0.001, z=64, batch size=32"
lr=0.001_z=64_bs=32_seed=142,lr=0.001_z=64_bs=32_seed=142,0.001,0.001,64,32,142,lr=0.001_z=64_bs=32,"LR=0.001, z=64, batch size=32",92,104.95,2026-06-15 23:46:20.332,.,training (6).log,125,"LR=0.001, z=64, batch size=32"
lr=0.001_z=64_bs=32_seed=142,lr=0.001_z=64_bs=32_seed=142,0.001,0.001,64,32,142,lr=0.001_z=64_bs=32,"LR=0.001, z=64, batch size=32",93,101.14,2026-06-15 23:47:08.711,.,training (6).log,126,"LR=0.001, z=64, batch size=32"
lr=0.001_z=64_bs=32_seed=142,lr=0.001_z=64_bs=32_seed=142,0.001,0.001,64,32,142,lr=0.001_z=64_bs=32,"LR=0.001, z=64, batch size=32",94,103.81,2026-06-15 23:47:27.605,.,training (6).log,127,"LR=0.001, z=64, batch size=32"
lr=0.001_z=64_bs=32_seed=142,lr=0.001_z=64_bs=32_seed=142,0.001,0.001,64,32,142,lr=0.001_z=64_bs=32,"LR=0.001, z=64, batch size=32",95,104.53,2026-06-15 23:48:16.330,.,training (6).log,128,"LR=0.001, z=64, batch size=32"
lr=0.001_z=64_bs=32_seed=142,lr=0.001_z=64_bs=32_seed=142,0.001,0.001,64,32,142,lr=0.001_z=64_bs=32,"LR=0.001, z=64, batch size=32",96,110.62,2026-06-15 23:48:35.378,.,training (6).log,129,"LR=0.001, z=64, batch size=32"
lr=0.001_z=64_bs=32_seed=142,lr=0.001_z=64_bs=32_seed=142,0.001,0.001,64,32,142,lr=0.001_z=64_bs=32,"LR=0.001, z=64, batch size=32",97,100.42,2026-06-15 23:49:24.568,.,training (6).log,131,"LR=0.001, z=64, batch size=32"
lr=0.001_z=64_bs=32_seed=142,lr=0.001_z=64_bs=32_seed=142,0.001,0.001,64,32,142,lr=0.001_z=64_bs=32,"LR=0.001, z=64, batch size=32",98,103.37,2026-06-15 23:49:44.441,.,training (6).log,132,"LR=0.001, z=64, batch size=32"
lr=0.001_z=64_bs=32_seed=142,lr=0.001_z=64_bs=32_seed=142,0.001,0.001,64,32,142,lr=0.001_z=64_bs=32,"LR=0.001, z=64, batch size=32",99,111.47,2026-06-15 23:50:33.158,.,training (6).log,133,"LR=0.001, z=64, batch size=32"
lr=0.001_z=64_bs=32_seed=142,lr=0.001_z=64_bs=32_seed=142,0.001,0.001,64,32,142,lr=0.001_z=64_bs=32,"LR=0.001, z=64, batch size=32",100,97.5,2026-06-15 23:50:52.606,.,training (6).log,135,"LR=0.001, z=64, batch size=32"
lr=0.001_z=64_bs=32_seed=142,lr=0.001_z=64_bs=32_seed=142,0.001,0.001,64,32,142,lr=0.001_z=64_bs=32,"LR=0.001, z=64, batch size=32",101,105.79,2026-06-15 23:51:41.246,.,training (6).log,136,"LR=0.001, z=64, batch size=32"
lr=0.001_z=64_bs=32_seed=142,lr=0.001_z=64_bs=32_seed=142,0.001,0.001,64,32,142,lr=0.001_z=64_bs=32,"LR=0.001, z=64, batch size=32",102,98.29,2026-06-15 23:52:00.291,.,training (6).log,137,"LR=0.001, z=64, batch size=32"
lr=0.001_z=64_bs=32_seed=142,lr=0.001_z=64_bs=32_seed=142,0.001,0.001,64,32,142,lr=0.001_z=64_bs=32,"LR=0.001, z=64, batch size=32",103,102.02,2026-06-15 23:52:48.941,.,training (6).log,138,"LR=0.001, z=64, batch size=32"
lr=0.001_z=64_bs=32_seed=142,lr=0.001_z=64_bs=32_seed=142,0.001,0.001,64,32,142,lr=0.001_z=64_bs=32,"LR=0.001, z=64, batch size=32",104,100.48,2026-06-15 23:53:07.668,.,training (6).log,139,"LR=0.001, z=64, batch size=32"
lr=0.001_z=64_bs=32_seed=142,lr=0.001_z=64_bs=32_seed=142,0.001,0.001,64,32,142,lr=0.001_z=64_bs=32,"LR=0.001, z=64, batch size=32",105,99.11,2026-06-15 23:53:56.580,.,training (6).log,140,"LR=0.001, z=64, batch size=32"
lr=0.001_z=64_bs=32_seed=142,lr=0.001_z=64_bs=32_seed=142,0.001,0.001,64,32,142,lr=0.001_z=64_bs=32,"LR=0.001, z=64, batch size=32",106,98.24,2026-06-15 23:54:15.829,.,training (6).log,141,"LR=0.001, z=64, batch size=32"
lr=0.001_z=64_bs=32_seed=142,lr=0.001_z=64_bs=32_seed=142,0.001,0.001,64,32,142,lr=0.001_z=64_bs=32,"LR=0.001, z=64, batch size=32",107,103.84,2026-06-15 23:55:04.416,.,training (6).log,142,"LR=0.001, z=64, batch size=32"
lr=0.001_z=64_bs=32_seed=142,lr=0.001_z=64_bs=32_seed=142,0.001,0.001,64,32,142,lr=0.001_z=64_bs=32,"LR=0.001, z=64, batch size=32",108,104.89,2026-06-15 23:55:23.205,.,training (6).log,143,"LR=0.001, z=64, batch size=32"
lr=0.001_z=64_bs=32_seed=142,lr=0.001_z=64_bs=32_seed=142,0.001,0.001,64,32,142,lr=0.001_z=64_bs=32,"LR=0.001, z=64, batch size=32",109,107.52,2026-06-15 23:56:12.064,.,training (6).log,144,"LR=0.001, z=64, batch size=32"
lr=0.001_z=64_bs=32_seed=142,lr=0.001_z=64_bs=32_seed=142,0.001,0.001,64,32,142,lr=0.001_z=64_bs=32,"LR=0.001, z=64, batch size=32",110,97.13,2026-06-15 23:56:31.183,.,training (6).log,146,"LR=0.001, z=64, batch size=32"
lr=0.001_z=64_bs=32_seed=142,lr=0.001_z=64_bs=32_seed=142,0.001,0.001,64,32,142,lr=0.001_z=64_bs=32,"LR=0.001, z=64, batch size=32",111,103.46,2026-06-15 23:57:20.105,.,training (6).log,147,"LR=0.001, z=64, batch size=32"
lr=0.001_z=64_bs=32_seed=142,lr=0.001_z=64_bs=32_seed=142,0.001,0.001,64,32,142,lr=0.001_z=64_bs=32,"LR=0.001, z=64, batch size=32",112,100.72,2026-06-15 23:57:39.224,.,training (6).log,148,"LR=0.001, z=64, batch size=32"
lr=0.001_z=64_bs=32_seed=142,lr=0.001_z=64_bs=32_seed=142,0.001,0.001,64,32,142,lr=0.001_z=64_bs=32,"LR=0.001, z=64, batch size=32",113,96.26,2026-06-15 23:58:28.502,.,training (6).log,150,"LR=0.001, z=64, batch size=32"
lr=0.001_z=64_bs=32_seed=142,lr=0.001_z=64_bs=32_seed=142,0.001,0.001,64,32,142,lr=0.001_z=64_bs=32,"LR=0.001, z=64, batch size=32",114,97.16,2026-06-15 23:58:48.120,.,training (6).log,151,"LR=0.001, z=64, batch size=32"
lr=0.001_z=64_bs=32_seed=142,lr=0.001_z=64_bs=32_seed=142,0.001,0.001,64,32,142,lr=0.001_z=64_bs=32,"LR=0.001, z=64, batch size=32",115,97.51,2026-06-15 23:59:36.692,.,training (6).log,152,"LR=0.001, z=64, batch size=32"
lr=0.001_z=64_bs=32_seed=142,lr=0.001_z=64_bs=32_seed=142,0.001,0.001,64,32,142,lr=0.001_z=64_bs=32,"LR=0.001, z=64, batch size=32",116,103.14,2026-06-15 23:59:55.855,.,training (6).log,153,"LR=0.001, z=64, batch size=32"
lr=0.001_z=64_bs=32_seed=142,lr=0.001_z=64_bs=32_seed=142,0.001,0.001,64,32,142,lr=0.001_z=64_bs=32,"LR=0.001, z=64, batch size=32",117,100.61,2026-06-16 00:00:44.705,.,training (6).log,154,"LR=0.001, z=64, batch size=32"
lr=0.001_z=64_bs=32_seed=142,lr=0.001_z=64_bs=32_seed=142,0.001,0.001,64,32,142,lr=0.001_z=64_bs=32,"LR=0.001, z=64, batch size=32",118,103.55,2026-06-16 00:01:03.777,.,training (6).log,155,"LR=0.001, z=64, batch size=32"
lr=0.001_z=64_bs=32_seed=142,lr=0.001_z=64_bs=32_seed=142,0.001,0.001,64,32,142,lr=0.001_z=64_bs=32,"LR=0.001, z=64, batch size=32",119,101.85,2026-06-16 00:27:25.223,.,training (6).log,156,"LR=0.001, z=64, batch size=32"
lr=0.001_z=64_bs=32_seed=142,lr=0.001_z=64_bs=32_seed=142,0.001,0.001,64,32,142,lr=0.001_z=64_bs=32,"LR=0.001, z=64, batch size=32",120,111.22,2026-06-16 00:27:44.102,.,training (6).log,157,"LR=0.001, z=64, batch size=32"
lr=0.001_z=64_bs=32_seed=142,lr=0.001_z=64_bs=32_seed=142,0.001,0.001,64,32,142,lr=0.001_z=64_bs=32,"LR=0.001, z=64, batch size=32",121,101.28,2026-06-16 00:28:02.914,.,training (6).log,158,"LR=0.001, z=64, batch size=32"
lr=0.001_z=64_bs=32_seed=142,lr=0.001_z=64_bs=32_seed=142,0.001,0.001,64,32,142,lr=0.001_z=64_bs=32,"LR=0.001, z=64, batch size=32",122,104.99,2026-06-16 00:28:21.945,.,training (6).log,159,"LR=0.001, z=64, batch size=32"
lr=0.001_z=64_bs=32_seed=142,lr=0.001_z=64_bs=32_seed=142,0.001,0.001,64,32,142,lr=0.001_z=64_bs=32,"LR=0.001, z=64, batch size=32",123,103.06,2026-06-16 00:29:10.513,.,training (6).log,160,"LR=0.001, z=64, batch size=32"
lr=0.001_z=64_bs=32_seed=142,lr=0.001_z=64_bs=32_seed=142,0.001,0.001,64,32,142,lr=0.001_z=64_bs=32,"LR=0.001, z=64, batch size=32",124,104.45,2026-06-16 00:29:29.445,.,training (6).log,161,"LR=0.001, z=64, batch size=32"
lr=0.001_z=64_bs=32_seed=142,lr=0.001_z=64_bs=32_seed=142,0.001,0.001,64,32,142,lr=0.001_z=64_bs=32,"LR=0.001, z=64, batch size=32",125,98.9,2026-06-16 00:30:18.148,.,training (6).log,162,"LR=0.001, z=64, batch size=32"
lr=0.001_z=64_bs=32_seed=142,lr=0.001_z=64_bs=32_seed=142,0.001,0.001,64,32,142,lr=0.001_z=64_bs=32,"LR=0.001, z=64, batch size=32",126,105.34,2026-06-16 00:30:37.070,.,training (6).log,163,"LR=0.001, z=64, batch size=32"
lr=0.001_z=64_bs=32_seed=142,lr=0.001_z=64_bs=32_seed=142,0.001,0.001,64,32,142,lr=0.001_z=64_bs=32,"LR=0.001, z=64, batch size=32",127,95.9,2026-06-16 00:31:26.145,.,training (6).log,165,"LR=0.001, z=64, batch size=32"
lr=0.001_z=64_bs=32_seed=142,lr=0.001_z=64_bs=32_seed=142,0.001,0.001,64,32,142,lr=0.001_z=64_bs=32,"LR=0.001, z=64, batch size=32",128,104.03,2026-06-16 00:31:45.295,.,training (6).log,166,"LR=0.001, z=64, batch size=32"
lr=0.001_z=64_bs=32_seed=142,lr=0.001_z=64_bs=32_seed=142,0.001,0.001,64,32,142,lr=0.001_z=64_bs=32,"LR=0.001, z=64, batch size=32",129,98.39,2026-06-16 00:32:34.450,.,training (6).log,167,"LR=0.001, z=64, batch size=32"
lr=0.001_z=64_bs=32_seed=142,lr=0.001_z=64_bs=32_seed=142,0.001,0.001,64,32,142,lr=0.001_z=64_bs=32,"LR=0.001, z=64, batch size=32",130,91.32,2026-06-16 00:32:53.607,.,training (6).log,169,"LR=0.001, z=64, batch size=32"
lr=0.001_z=64_bs=32_seed=142,lr=0.001_z=64_bs=32_seed=142,0.001,0.001,64,32,142,lr=0.001_z=64_bs=32,"LR=0.001, z=64, batch size=32",131,94.17,2026-06-16 00:33:42.659,.,training (6).log,170,"LR=0.001, z=64, batch size=32"
lr=0.001_z=64_bs=32_seed=142,lr=0.001_z=64_bs=32_seed=142,0.001,0.001,64,32,142,lr=0.001_z=64_bs=32,"LR=0.001, z=64, batch size=32",132,96.07,2026-06-16 00:34:01.632,.,training (6).log,171,"LR=0.001, z=64, batch size=32"
lr=0.001_z=64_bs=32_seed=142,lr=0.001_z=64_bs=32_seed=142,0.001,0.001,64,32,142,lr=0.001_z=64_bs=32,"LR=0.001, z=64, batch size=32",133,104.02,2026-06-16 00:34:50.372,.,training (6).log,172,"LR=0.001, z=64, batch size=32"
lr=0.001_z=64_bs=32_seed=142,lr=0.001_z=64_bs=32_seed=142,0.001,0.001,64,32,142,lr=0.001_z=64_bs=32,"LR=0.001, z=64, batch size=32",134,99.82,2026-06-16 00:35:09.515,.,training (6).log,173,"LR=0.001, z=64, batch size=32"
lr=0.001_z=64_bs=32_seed=142,lr=0.001_z=64_bs=32_seed=142,0.001,0.001,64,32,142,lr=0.001_z=64_bs=32,"LR=0.001, z=64, batch size=32",135,99.44,2026-06-16 00:35:58.593,.,training (6).log,174,"LR=0.001, z=64, batch size=32"
lr=0.001_z=64_bs=32_seed=142,lr=0.001_z=64_bs=32_seed=142,0.001,0.001,64,32,142,lr=0.001_z=64_bs=32,"LR=0.001, z=64, batch size=32",136,87.89,2026-06-16 00:36:17.874,.,training (6).log,176,"LR=0.001, z=64, batch size=32"
lr=0.001_z=64_bs=32_seed=142,lr=0.001_z=64_bs=32_seed=142,0.001,0.001,64,32,142,lr=0.001_z=64_bs=32,"LR=0.001, z=64, batch size=32",137,100.81,2026-06-16 00:37:06.677,.,training (6).log,177,"LR=0.001, z=64, batch size=32"
lr=0.001_z=64_bs=32_seed=142,lr=0.001_z=64_bs=32_seed=142,0.001,0.001,64,32,142,lr=0.001_z=64_bs=32,"LR=0.001, z=64, batch size=32",138,95.19,2026-06-16 00:37:25.836,.,training (6).log,178,"LR=0.001, z=64, batch size=32"
lr=0.001_z=64_bs=32_seed=142,lr=0.001_z=64_bs=32_seed=142,0.001,0.001,64,32,142,lr=0.001_z=64_bs=32,"LR=0.001, z=64, batch size=32",139,88.16,2026-06-16 00:38:14.744,.,training (6).log,179,"LR=0.001, z=64, batch size=32"
lr=0.001_z=64_bs=32_seed=142,lr=0.001_z=64_bs=32_seed=142,0.001,0.001,64,32,142,lr=0.001_z=64_bs=32,"LR=0.001, z=64, batch size=32",140,91.95,2026-06-16 00:38:33.830,.,training (6).log,180,"LR=0.001, z=64, batch size=32"
lr=0.001_z=64_bs=32_seed=142,lr=0.001_z=64_bs=32_seed=142,0.001,0.001,64,32,142,lr=0.001_z=64_bs=32,"LR=0.001, z=64, batch size=32",141,94.02,2026-06-16 00:39:22.686,.,training (6).log,181,"LR=0.001, z=64, batch size=32"
lr=0.001_z=64_bs=32_seed=142,lr=0.001_z=64_bs=32_seed=142,0.001,0.001,64,32,142,lr=0.001_z=64_bs=32,"LR=0.001, z=64, batch size=32",142,94.2,2026-06-16 00:39:41.372,.,training (6).log,182,"LR=0.001, z=64, batch size=32"
lr=0.001_z=64_bs=32_seed=142,lr=0.001_z=64_bs=32_seed=142,0.001,0.001,64,32,142,lr=0.001_z=64_bs=32,"LR=0.001, z=64, batch size=32",143,102.15,2026-06-16 00:40:30.051,.,training (6).log,183,"LR=0.001, z=64, batch size=32"
lr=0.001_z=64_bs=32_seed=142,lr=0.001_z=64_bs=32_seed=142,0.001,0.001,64,32,142,lr=0.001_z=64_bs=32,"LR=0.001, z=64, batch size=32",144,97.78,2026-06-16 00:40:49.226,.,training (6).log,184,"LR=0.001, z=64, batch size=32"
lr=0.001_z=64_bs=32_seed=142,lr=0.001_z=64_bs=32_seed=142,0.001,0.001,64,32,142,lr=0.001_z=64_bs=32,"LR=0.001, z=64, batch size=32",145,99.48,2026-06-16 00:41:37.894,.,training (6).log,185,"LR=0.001, z=64, batch size=32"
lr=0.001_z=64_bs=32_seed=142,lr=0.001_z=64_bs=32_seed=142,0.001,0.001,64,32,142,lr=0.001_z=64_bs=32,"LR=0.001, z=64, batch size=32",146,92.13,2026-06-16 00:41:56.953,.,training (6).log,186,"LR=0.001, z=64, batch size=32"
lr=0.001_z=64_bs=32_seed=142,lr=0.001_z=64_bs=32_seed=142,0.001,0.001,64,32,142,lr=0.001_z=64_bs=32,"LR=0.001, z=64, batch size=32",147,100.68,2026-06-16 00:42:45.548,.,training (6).log,187,"LR=0.001, z=64, batch size=32"
lr=0.001_z=64_bs=32_seed=142,lr=0.001_z=64_bs=32_seed=142,0.001,0.001,64,32,142,lr=0.001_z=64_bs=32,"LR=0.001, z=64, batch size=32",148,98.86,2026-06-16 00:43:04.698,.,training (6).log,188,"LR=0.001, z=64, batch size=32"
lr=0.001_z=64_bs=32_seed=142,lr=0.001_z=64_bs=32_seed=142,0.001,0.001,64,32,142,lr=0.001_z=64_bs=32,"LR=0.001, z=64, batch size=32",149,100.03,2026-06-16 00:43:53.344,.,training (6).log,189,"LR=0.001, z=64, batch size=32"
lr=0.001_z=64_bs=32_seed=142,lr=0.001_z=64_bs=32_seed=142,0.001,0.001,64,32,142,lr=0.001_z=64_bs=32,"LR=0.001, z=64, batch size=32",150,97.93,2026-06-16 00:44:12.144,.,training (6).log,190,"LR=0.001, z=64, batch size=32"
lr=0.001_z=64_bs=32_seed=142,lr=0.001_z=64_bs=32_seed=142,0.001,0.001,64,32,142,lr=0.001_z=64_bs=32,"LR=0.001, z=64, batch size=32",151,98.2,2026-06-16 00:45:01.184,.,training (6).log,191,"LR=0.001, z=64, batch size=32"
lr=0.001_z=64_bs=32_seed=142,lr=0.001_z=64_bs=32_seed=142,0.001,0.001,64,32,142,lr=0.001_z=64_bs=32,"LR=0.001, z=64, batch size=32",152,97.08,2026-06-16 00:45:19.984,.,training (6).log,192,"LR=0.001, z=64, batch size=32"
lr=0.001_z=64_bs=32_seed=142,lr=0.001_z=64_bs=32_seed=142,0.001,0.001,64,32,142,lr=0.001_z=64_bs=32,"LR=0.001, z=64, batch size=32",153,98.17,2026-06-16 00:46:09.013,.,training (6).log,193,"LR=0.001, z=64, batch size=32"
lr=0.001_z=64_bs=32_seed=142,lr=0.001_z=64_bs=32_seed=142,0.001,0.001,64,32,142,lr=0.001_z=64_bs=32,"LR=0.001, z=64, batch size=32",154,96.0,2026-06-16 00:46:27.929,.,training (6).log,194,"LR=0.001, z=64, batch size=32"
lr=0.001_z=64_bs=32_seed=142,lr=0.001_z=64_bs=32_seed=142,0.001,0.001,64,32,142,lr=0.001_z=64_bs=32,"LR=0.001, z=64, batch size=32",155,95.22,2026-06-16 00:47:17.027,.,training (6).log,195,"LR=0.001, z=64, batch size=32"
lr=0.001_z=64_bs=32_seed=142,lr=0.001_z=64_bs=32_seed=142,0.001,0.001,64,32,142,lr=0.001_z=64_bs=32,"LR=0.001, z=64, batch size=32",156,95.65,2026-06-16 00:47:36.316,.,training (6).log,196,"LR=0.001, z=64, batch size=32"
lr=0.001_z=64_bs=32_seed=142,lr=0.001_z=64_bs=32_seed=142,0.001,0.001,64,32,142,lr=0.001_z=64_bs=32,"LR=0.001, z=64, batch size=32",157,94.91,2026-06-16 00:48:24.915,.,training (6).log,197,"LR=0.001, z=64, batch size=32"
lr=0.001_z=64_bs=32_seed=142,lr=0.001_z=64_bs=32_seed=142,0.001,0.001,64,32,142,lr=0.001_z=64_bs=32,"LR=0.001, z=64, batch size=32",158,99.62,2026-06-16 00:48:43.807,.,training (6).log,198,"LR=0.001, z=64, batch size=32"
lr=0.001_z=64_bs=32_seed=142,lr=0.001_z=64_bs=32_seed=142,0.001,0.001,64,32,142,lr=0.001_z=64_bs=32,"LR=0.001, z=64, batch size=32",159,101.73,2026-06-16 00:49:32.529,.,training (6).log,199,"LR=0.001, z=64, batch size=32"
lr=0.001_z=64_bs=32_seed=142,lr=0.001_z=64_bs=32_seed=142,0.001,0.001,64,32,142,lr=0.001_z=64_bs=32,"LR=0.001, z=64, batch size=32",160,101.79,2026-06-16 00:49:51.498,.,training (6).log,200,"LR=0.001, z=64, batch size=32"
lr=0.001_z=64_bs=32_seed=142,lr=0.001_z=64_bs=32_seed=142,0.001,0.001,64,32,142,lr=0.001_z=64_bs=32,"LR=0.001, z=64, batch size=32",161,116.74,2026-06-16 00:50:40.227,.,training (6).log,201,"LR=0.001, z=64, batch size=32"
lr=0.001_z=64_bs=32_seed=142,lr=0.001_z=64_bs=32_seed=142,0.001,0.001,64,32,142,lr=0.001_z=64_bs=32,"LR=0.001, z=64, batch size=32",162,94.35,2026-06-16 00:50:59.220,.,training (6).log,202,"LR=0.001, z=64, batch size=32"
lr=0.001_z=64_bs=32_seed=142,lr=0.001_z=64_bs=32_seed=142,0.001,0.001,64,32,142,lr=0.001_z=64_bs=32,"LR=0.001, z=64, batch size=32",163,97.26,2026-06-16 00:51:47.848,.,training (6).log,203,"LR=0.001, z=64, batch size=32"
lr=0.001_z=64_bs=32_seed=142,lr=0.001_z=64_bs=32_seed=142,0.001,0.001,64,32,142,lr=0.001_z=64_bs=32,"LR=0.001, z=64, batch size=32",164,93.81,2026-06-16 00:52:06.661,.,training (6).log,204,"LR=0.001, z=64, batch size=32"
lr=0.001_z=64_bs=32_seed=142,lr=0.001_z=64_bs=32_seed=142,0.001,0.001,64,32,142,lr=0.001_z=64_bs=32,"LR=0.001, z=64, batch size=32",165,93.69,2026-06-16 00:52:55.627,.,training (6).log,205,"LR=0.001, z=64, batch size=32"
lr=0.001_z=64_bs=32_seed=142,lr=0.001_z=64_bs=32_seed=142,0.001,0.001,64,32,142,lr=0.001_z=64_bs=32,"LR=0.001, z=64, batch size=32",166,98.8,2026-06-16 00:53:15.007,.,training (6).log,206,"LR=0.001, z=64, batch size=32"
lr=0.001_z=64_bs=32_seed=142,lr=0.001_z=64_bs=32_seed=142,0.001,0.001,64,32,142,lr=0.001_z=64_bs=32,"LR=0.001, z=64, batch size=32",167,99.28,2026-06-16 00:54:03.794,.,training (6).log,207,"LR=0.001, z=64, batch size=32"
lr=0.001_z=64_bs=32_seed=142,lr=0.001_z=64_bs=32_seed=142,0.001,0.001,64,32,142,lr=0.001_z=64_bs=32,"LR=0.001, z=64, batch size=32",168,91.08,2026-06-16 00:54:22.791,.,training (6).log,208,"LR=0.001, z=64, batch size=32"
lr=0.001_z=64_bs=32_seed=142,lr=0.001_z=64_bs=32_seed=142,0.001,0.001,64,32,142,lr=0.001_z=64_bs=32,"LR=0.001, z=64, batch size=32",169,99.38,2026-06-16 00:55:11.774,.,training (6).log,209,"LR=0.001, z=64, batch size=32"
lr=0.001_z=64_bs=32_seed=142,lr=0.001_z=64_bs=32_seed=142,0.001,0.001,64,32,142,lr=0.001_z=64_bs=32,"LR=0.001, z=64, batch size=32",170,97.7,2026-06-16 00:55:31.130,.,training (6).log,210,"LR=0.001, z=64, batch size=32"
lr=0.001_z=64_bs=32_seed=142,lr=0.001_z=64_bs=32_seed=142,0.001,0.001,64,32,142,lr=0.001_z=64_bs=32,"LR=0.001, z=64, batch size=32",171,95.48,2026-06-16 00:56:20.054,.,training (6).log,211,"LR=0.001, z=64, batch size=32"
lr=0.001_z=64_bs=32_seed=142,lr=0.001_z=64_bs=32_seed=142,0.001,0.001,64,32,142,lr=0.001_z=64_bs=32,"LR=0.001, z=64, batch size=32",172,102.13,2026-06-16 00:56:38.894,.,training (6).log,212,"LR=0.001, z=64, batch size=32"
lr=0.001_z=64_bs=32_seed=142,lr=0.001_z=64_bs=32_seed=142,0.001,0.001,64,32,142,lr=0.001_z=64_bs=32,"LR=0.001, z=64, batch size=32",173,98.65,2026-06-16 00:57:27.699,.,training (6).log,213,"LR=0.001, z=64, batch size=32"
lr=0.001_z=64_bs=32_seed=142,lr=0.001_z=64_bs=32_seed=142,0.001,0.001,64,32,142,lr=0.001_z=64_bs=32,"LR=0.001, z=64, batch size=32",174,89.82,2026-06-16 00:57:46.859,.,training (6).log,214,"LR=0.001, z=64, batch size=32"
lr=0.001_z=64_bs=32_seed=142,lr=0.001_z=64_bs=32_seed=142,0.001,0.001,64,32,142,lr=0.001_z=64_bs=32,"LR=0.001, z=64, batch size=32",175,95.62,2026-06-16 00:58:35.759,.,training (6).log,215,"LR=0.001, z=64, batch size=32"
lr=0.001_z=64_bs=32_seed=142,lr=0.001_z=64_bs=32_seed=142,0.001,0.001,64,32,142,lr=0.001_z=64_bs=32,"LR=0.001, z=64, batch size=32",176,92.28,2026-06-16 00:58:54.556,.,training (6).log,216,"LR=0.001, z=64, batch size=32"
lr=0.001_z=64_bs=32_seed=142,lr=0.001_z=64_bs=32_seed=142,0.001,0.001,64,32,142,lr=0.001_z=64_bs=32,"LR=0.001, z=64, batch size=32",177,98.1,2026-06-16 00:59:43.393,.,training (6).log,217,"LR=0.001, z=64, batch size=32"
lr=0.001_z=64_bs=32_seed=142,lr=0.001_z=64_bs=32_seed=142,0.001,0.001,64,32,142,lr=0.001_z=64_bs=32,"LR=0.001, z=64, batch size=32",178,92.01,2026-06-16 01:00:02.386,.,training (6).log,218,"LR=0.001, z=64, batch size=32"
lr=0.001_z=64_bs=32_seed=142,lr=0.001_z=64_bs=32_seed=142,0.001,0.001,64,32,142,lr=0.001_z=64_bs=32,"LR=0.001, z=64, batch size=32",179,90.83,2026-06-16 01:00:51.281,.,training (6).log,219,"LR=0.001, z=64, batch size=32"
lr=0.001_z=64_bs=32_seed=142,lr=0.001_z=64_bs=32_seed=142,0.001,0.001,64,32,142,lr=0.001_z=64_bs=32,"LR=0.001, z=64, batch size=32",180,100.82,2026-06-16 01:01:10.178,.,training (6).log,220,"LR=0.001, z=64, batch size=32"
lr=0.001_z=64_bs=32_seed=142,lr=0.001_z=64_bs=32_seed=142,0.001,0.001,64,32,142,lr=0.001_z=64_bs=32,"LR=0.001, z=64, batch size=32",181,91.84,2026-06-16 01:01:59.029,.,training (6).log,221,"LR=0.001, z=64, batch size=32"
lr=0.001_z=64_bs=32_seed=142,lr=0.001_z=64_bs=32_seed=142,0.001,0.001,64,32,142,lr=0.001_z=64_bs=32,"LR=0.001, z=64, batch size=32",182,92.83,2026-06-16 01:02:17.886,.,training (6).log,222,"LR=0.001, z=64, batch size=32"
lr=0.001_z=64_bs=32_seed=142,lr=0.001_z=64_bs=32_seed=142,0.001,0.001,64,32,142,lr=0.001_z=64_bs=32,"LR=0.001, z=64, batch size=32",183,91.61,2026-06-16 01:03:06.903,.,training (6).log,223,"LR=0.001, z=64, batch size=32"
lr=0.001_z=64_bs=32_seed=142,lr=0.001_z=64_bs=32_seed=142,0.001,0.001,64,32,142,lr=0.001_z=64_bs=32,"LR=0.001, z=64, batch size=32",184,96.56,2026-06-16 01:03:26.039,.,training (6).log,224,"LR=0.001, z=64, batch size=32"
lr=0.001_z=64_bs=32_seed=142,lr=0.001_z=64_bs=32_seed=142,0.001,0.001,64,32,142,lr=0.001_z=64_bs=32,"LR=0.001, z=64, batch size=32",185,94.71,2026-06-16 01:04:14.860,.,training (6).log,225,"LR=0.001, z=64, batch size=32"
lr=0.001_z=64_bs=32_seed=142,lr=0.001_z=64_bs=32_seed=142,0.001,0.001,64,32,142,lr=0.001_z=64_bs=32,"LR=0.001, z=64, batch size=32",186,94.08,2026-06-16 01:04:34.083,.,training (6).log,226,"LR=0.001, z=64, batch size=32"
lr=0.001_z=64_bs=32_seed=142,lr=0.001_z=64_bs=32_seed=142,0.001,0.001,64,32,142,lr=0.001_z=64_bs=32,"LR=0.001, z=64, batch size=32",187,86.22,2026-06-16 01:05:23.212,.,training (6).log,228,"LR=0.001, z=64, batch size=32"
lr=0.001_z=64_bs=32_seed=142,lr=0.001_z=64_bs=32_seed=142,0.001,0.001,64,32,142,lr=0.001_z=64_bs=32,"LR=0.001, z=64, batch size=32",188,93.01,2026-06-16 01:05:42.573,.,training (6).log,229,"LR=0.001, z=64, batch size=32"
lr=0.001_z=64_bs=32_seed=142,lr=0.001_z=64_bs=32_seed=142,0.001,0.001,64,32,142,lr=0.001_z=64_bs=32,"LR=0.001, z=64, batch size=32",189,100.21,2026-06-16 01:06:31.706,.,training (6).log,230,"LR=0.001, z=64, batch size=32"
lr=0.001_z=64_bs=32_seed=142,lr=0.001_z=64_bs=32_seed=142,0.001,0.001,64,32,142,lr=0.001_z=64_bs=32,"LR=0.001, z=64, batch size=32",190,95.01,2026-06-16 01:06:50.462,.,training (6).log,231,"LR=0.001, z=64, batch size=32"
lr=0.001_z=64_bs=32_seed=142,lr=0.001_z=64_bs=32_seed=142,0.001,0.001,64,32,142,lr=0.001_z=64_bs=32,"LR=0.001, z=64, batch size=32",191,96.94,2026-06-16 01:07:39.381,.,training (6).log,232,"LR=0.001, z=64, batch size=32"
lr=0.001_z=64_bs=32_seed=142,lr=0.001_z=64_bs=32_seed=142,0.001,0.001,64,32,142,lr=0.001_z=64_bs=32,"LR=0.001, z=64, batch size=32",192,98.69,2026-06-16 01:07:58.401,.,training (6).log,233,"LR=0.001, z=64, batch size=32"
lr=0.001_z=64_bs=32_seed=142,lr=0.001_z=64_bs=32_seed=142,0.001,0.001,64,32,142,lr=0.001_z=64_bs=32,"LR=0.001, z=64, batch size=32",193,105.99,2026-06-16 01:08:47.346,.,training (6).log,234,"LR=0.001, z=64, batch size=32"
lr=0.001_z=64_bs=32_seed=142,lr=0.001_z=64_bs=32_seed=142,0.001,0.001,64,32,142,lr=0.001_z=64_bs=32,"LR=0.001, z=64, batch size=32",194,91.5,2026-06-16 01:09:06.166,.,training (6).log,235,"LR=0.001, z=64, batch size=32"
lr=0.001_z=64_bs=32_seed=142,lr=0.001_z=64_bs=32_seed=142,0.001,0.001,64,32,142,lr=0.001_z=64_bs=32,"LR=0.001, z=64, batch size=32",195,95.68,2026-06-16 01:09:55.002,.,training (6).log,236,"LR=0.001, z=64, batch size=32"
lr=0.001_z=64_bs=32_seed=142,lr=0.001_z=64_bs=32_seed=142,0.001,0.001,64,32,142,lr=0.001_z=64_bs=32,"LR=0.001, z=64, batch size=32",196,93.68,2026-06-16 01:10:13.571,.,training (6).log,237,"LR=0.001, z=64, batch size=32"
lr=0.001_z=64_bs=32_seed=142,lr=0.001_z=64_bs=32_seed=142,0.001,0.001,64,32,142,lr=0.001_z=64_bs=32,"LR=0.001, z=64, batch size=32",197,89.84,2026-06-16 01:11:02.546,.,training (6).log,238,"LR=0.001, z=64, batch size=32"
lr=0.001_z=64_bs=32_seed=142,lr=0.001_z=64_bs=32_seed=142,0.001,0.001,64,32,142,lr=0.001_z=64_bs=32,"LR=0.001, z=64, batch size=32",198,95.13,2026-06-16 01:11:21.434,.,training (6).log,239,"LR=0.001, z=64, batch size=32"
lr=0.001_z=64_bs=32_seed=142,lr=0.001_z=64_bs=32_seed=142,0.001,0.001,64,32,142,lr=0.001_z=64_bs=32,"LR=0.001, z=64, batch size=32",199,100.81,2026-06-16 01:12:10.317,.,training (6).log,240,"LR=0.001, z=64, batch size=32"
lr=0.001_z=64_bs=32_seed=142,lr=0.001_z=64_bs=32_seed=142,0.001,0.001,64,32,142,lr=0.001_z=64_bs=32,"LR=0.001, z=64, batch size=32",200,90.35,2026-06-16 01:12:29.450,.,training (6).log,241,"LR=0.001, z=64, batch size=32"
lr=0.001_z=64_bs=32_seed=142,lr=0.001_z=64_bs=32_seed=142,0.001,0.001,64,32,142,lr=0.001_z=64_bs=32,"LR=0.001, z=64, batch size=32",201,93.47,2026-06-16 05:25:13.524,.,training (6).log,254,"LR=0.001, z=64, batch size=32"
lr=0.001_z=64_bs=32_seed=142,lr=0.001_z=64_bs=32_seed=142,0.001,0.001,64,32,142,lr=0.001_z=64_bs=32,"LR=0.001, z=64, batch size=32",202,97.22,2026-06-16 05:25:33.024,.,training (6).log,255,"LR=0.001, z=64, batch size=32"
lr=0.001_z=64_bs=32_seed=142,lr=0.001_z=64_bs=32_seed=142,0.001,0.001,64,32,142,lr=0.001_z=64_bs=32,"LR=0.001, z=64, batch size=32",203,92.89,2026-06-16 05:26:22.431,.,training (6).log,257,"LR=0.001, z=64, batch size=32"
lr=0.001_z=64_bs=32_seed=142,lr=0.001_z=64_bs=32_seed=142,0.001,0.001,64,32,142,lr=0.001_z=64_bs=32,"LR=0.001, z=64, batch size=32",204,91.69,2026-06-16 05:26:41.861,.,training (6).log,259,"LR=0.001, z=64, batch size=32"
lr=0.001_z=64_bs=32_seed=142,lr=0.001_z=64_bs=32_seed=142,0.001,0.001,64,32,142,lr=0.001_z=64_bs=32,"LR=0.001, z=64, batch size=32",205,94.34,2026-06-16 05:27:30.675,.,training (6).log,260,"LR=0.001, z=64, batch size=32"
lr=0.001_z=64_bs=32_seed=142,lr=0.001_z=64_bs=32_seed=142,0.001,0.001,64,32,142,lr=0.001_z=64_bs=32,"LR=0.001, z=64, batch size=32",206,91.17,2026-06-16 05:27:50.027,.,training (6).log,262,"LR=0.001, z=64, batch size=32"
lr=0.001_z=64_bs=32_seed=142,lr=0.001_z=64_bs=32_seed=142,0.001,0.001,64,32,142,lr=0.001_z=64_bs=32,"LR=0.001, z=64, batch size=32",207,95.86,2026-06-16 05:28:39.146,.,training (6).log,263,"LR=0.001, z=64, batch size=32"
lr=0.001_z=64_bs=32_seed=142,lr=0.001_z=64_bs=32_seed=142,0.001,0.001,64,32,142,lr=0.001_z=64_bs=32,"LR=0.001, z=64, batch size=32",208,94.94,2026-06-16 05:28:58.277,.,training (6).log,264,"LR=0.001, z=64, batch size=32"
lr=0.001_z=64_bs=32_seed=142,lr=0.001_z=64_bs=32_seed=142,0.001,0.001,64,32,142,lr=0.001_z=64_bs=32,"LR=0.001, z=64, batch size=32",209,91.92,2026-06-16 05:29:47.168,.,training (6).log,265,"LR=0.001, z=64, batch size=32"
lr=0.001_z=64_bs=32_seed=142,lr=0.001_z=64_bs=32_seed=142,0.001,0.001,64,32,142,lr=0.001_z=64_bs=32,"LR=0.001, z=64, batch size=32",210,94.66,2026-06-16 05:30:06.454,.,training (6).log,266,"LR=0.001, z=64, batch size=32"
lr=0.001_z=64_bs=32_seed=142,lr=0.001_z=64_bs=32_seed=142,0.001,0.001,64,32,142,lr=0.001_z=64_bs=32,"LR=0.001, z=64, batch size=32",211,95.24,2026-06-16 05:30:55.546,.,training (6).log,267,"LR=0.001, z=64, batch size=32"
lr=0.001_z=64_bs=32_seed=142,lr=0.001_z=64_bs=32_seed=142,0.001,0.001,64,32,142,lr=0.001_z=64_bs=32,"LR=0.001, z=64, batch size=32",212,94.6,2026-06-16 05:31:14.776,.,training (6).log,268,"LR=0.001, z=64, batch size=32"
lr=0.001_z=64_bs=32_seed=142,lr=0.001_z=64_bs=32_seed=142,0.001,0.001,64,32,142,lr=0.001_z=64_bs=32,"LR=0.001, z=64, batch size=32",213,96.16,2026-06-16 05:32:03.919,.,training (6).log,269,"LR=0.001, z=64, batch size=32"
lr=0.001_z=64_bs=32_seed=142,lr=0.001_z=64_bs=32_seed=142,0.001,0.001,64,32,142,lr=0.001_z=64_bs=32,"LR=0.001, z=64, batch size=32",214,89.18,2026-06-16 05:32:23.201,.,training (6).log,271,"LR=0.001, z=64, batch size=32"
lr=0.001_z=64_bs=32_seed=142,lr=0.001_z=64_bs=32_seed=142,0.001,0.001,64,32,142,lr=0.001_z=64_bs=32,"LR=0.001, z=64, batch size=32",215,103.99,2026-06-16 05:33:12.165,.,training (6).log,272,"LR=0.001, z=64, batch size=32"
lr=0.001_z=64_bs=32_seed=142,lr=0.001_z=64_bs=32_seed=142,0.001,0.001,64,32,142,lr=0.001_z=64_bs=32,"LR=0.001, z=64, batch size=32",216,98.61,2026-06-16 05:33:31.435,.,training (6).log,273,"LR=0.001, z=64, batch size=32"
lr=0.001_z=64_bs=32_seed=142,lr=0.001_z=64_bs=32_seed=142,0.001,0.001,64,32,142,lr=0.001_z=64_bs=32,"LR=0.001, z=64, batch size=32",217,99.06,2026-06-16 05:34:20.532,.,training (6).log,274,"LR=0.001, z=64, batch size=32"
lr=0.001_z=64_bs=32_seed=142,lr=0.001_z=64_bs=32_seed=142,0.001,0.001,64,32,142,lr=0.001_z=64_bs=32,"LR=0.001, z=64, batch size=32",218,90.75,2026-06-16 05:34:39.820,.,training (6).log,275,"LR=0.001, z=64, batch size=32"
lr=0.001_z=64_bs=32_seed=142,lr=0.001_z=64_bs=32_seed=142,0.001,0.001,64,32,142,lr=0.001_z=64_bs=32,"LR=0.001, z=64, batch size=32",219,94.09,2026-06-16 05:35:29.022,.,training (6).log,276,"LR=0.001, z=64, batch size=32"
lr=0.001_z=64_bs=32_seed=142,lr=0.001_z=64_bs=32_seed=142,0.001,0.001,64,32,142,lr=0.001_z=64_bs=32,"LR=0.001, z=64, batch size=32",220,89.4,2026-06-16 05:35:48.340,.,training (6).log,277,"LR=0.001, z=64, batch size=32"
lr=0.001_z=64_bs=32_seed=142,lr=0.001_z=64_bs=32_seed=142,0.001,0.001,64,32,142,lr=0.001_z=64_bs=32,"LR=0.001, z=64, batch size=32",221,91.71,2026-06-16 05:36:37.538,.,training (6).log,278,"LR=0.001, z=64, batch size=32"
lr=0.001_z=64_bs=32_seed=142,lr=0.001_z=64_bs=32_seed=142,0.001,0.001,64,32,142,lr=0.001_z=64_bs=32,"LR=0.001, z=64, batch size=32",222,100.81,2026-06-16 05:36:56.828,.,training (6).log,279,"LR=0.001, z=64, batch size=32"
lr=0.001_z=64_bs=32_seed=142,lr=0.001_z=64_bs=32_seed=142,0.001,0.001,64,32,142,lr=0.001_z=64_bs=32,"LR=0.001, z=64, batch size=32",223,88.5,2026-06-16 05:37:46.391,.,training (6).log,281,"LR=0.001, z=64, batch size=32"
lr=0.001_z=64_bs=32_seed=142,lr=0.001_z=64_bs=32_seed=142,0.001,0.001,64,32,142,lr=0.001_z=64_bs=32,"LR=0.001, z=64, batch size=32",224,91.9,2026-06-16 05:38:06.128,.,training (6).log,282,"LR=0.001, z=64, batch size=32"
lr=0.001_z=64_bs=32_seed=142,lr=0.001_z=64_bs=32_seed=142,0.001,0.001,64,32,142,lr=0.001_z=64_bs=32,"LR=0.001, z=64, batch size=32",225,97.7,2026-06-16 05:38:55.259,.,training (6).log,283,"LR=0.001, z=64, batch size=32"
lr=0.001_z=64_bs=32_seed=142,lr=0.001_z=64_bs=32_seed=142,0.001,0.001,64,32,142,lr=0.001_z=64_bs=32,"LR=0.001, z=64, batch size=32",226,91.78,2026-06-16 05:39:14.510,.,training (6).log,284,"LR=0.001, z=64, batch size=32"
lr=0.001_z=64_bs=32_seed=142,lr=0.001_z=64_bs=32_seed=142,0.001,0.001,64,32,142,lr=0.001_z=64_bs=32,"LR=0.001, z=64, batch size=32",227,101.17,2026-06-16 05:40:03.895,.,training (6).log,285,"LR=0.001, z=64, batch size=32"
lr=0.001_z=64_bs=32_seed=142,lr=0.001_z=64_bs=32_seed=142,0.001,0.001,64,32,142,lr=0.001_z=64_bs=32,"LR=0.001, z=64, batch size=32",228,97.31,2026-06-16 05:40:23.418,.,training (6).log,286,"LR=0.001, z=64, batch size=32"
lr=0.001_z=64_bs=32_seed=142,lr=0.001_z=64_bs=32_seed=142,0.001,0.001,64,32,142,lr=0.001_z=64_bs=32,"LR=0.001, z=64, batch size=32",229,96.66,2026-06-16 05:41:12.634,.,training (6).log,287,"LR=0.001, z=64, batch size=32"
lr=0.001_z=64_bs=32_seed=142,lr=0.001_z=64_bs=32_seed=142,0.001,0.001,64,32,142,lr=0.001_z=64_bs=32,"LR=0.001, z=64, batch size=32",230,94.8,2026-06-16 05:41:32.219,.,training (6).log,288,"LR=0.001, z=64, batch size=32"
lr=0.001_z=64_bs=32_seed=142,lr=0.001_z=64_bs=32_seed=142,0.001,0.001,64,32,142,lr=0.001_z=64_bs=32,"LR=0.001, z=64, batch size=32",231,95.44,2026-06-16 05:42:21.662,.,training (6).log,289,"LR=0.001, z=64, batch size=32"
lr=0.001_z=64_bs=32_seed=142,lr=0.001_z=64_bs=32_seed=142,0.001,0.001,64,32,142,lr=0.001_z=64_bs=32,"LR=0.001, z=64, batch size=32",232,103.59,2026-06-16 05:42:41.252,.,training (6).log,290,"LR=0.001, z=64, batch size=32"
lr=0.001_z=64_bs=32_seed=142,lr=0.001_z=64_bs=32_seed=142,0.001,0.001,64,32,142,lr=0.001_z=64_bs=32,"LR=0.001, z=64, batch size=32",233,95.22,2026-06-16 05:43:30.681,.,training (6).log,291,"LR=0.001, z=64, batch size=32"
lr=0.001_z=64_bs=32_seed=142,lr=0.001_z=64_bs=32_seed=142,0.001,0.001,64,32,142,lr=0.001_z=64_bs=32,"LR=0.001, z=64, batch size=32",234,99.74,2026-06-16 05:43:50.285,.,training (6).log,292,"LR=0.001, z=64, batch size=32"
lr=0.001_z=64_bs=32_seed=142,lr=0.001_z=64_bs=32_seed=142,0.001,0.001,64,32,142,lr=0.001_z=64_bs=32,"LR=0.001, z=64, batch size=32",235,91.87,2026-06-16 05:44:39.680,.,training (6).log,293,"LR=0.001, z=64, batch size=32"
lr=0.001_z=64_bs=32_seed=142,lr=0.001_z=64_bs=32_seed=142,0.001,0.001,64,32,142,lr=0.001_z=64_bs=32,"LR=0.001, z=64, batch size=32",236,95.5,2026-06-16 05:44:59.128,.,training (6).log,294,"LR=0.001, z=64, batch size=32"
lr=0.001_z=64_bs=32_seed=142,lr=0.001_z=64_bs=32_seed=142,0.001,0.001,64,32,142,lr=0.001_z=64_bs=32,"LR=0.001, z=64, batch size=32",237,97.68,2026-06-16 05:45:48.518,.,training (6).log,295,"LR=0.001, z=64, batch size=32"
lr=0.001_z=64_bs=32_seed=142,lr=0.001_z=64_bs=32_seed=142,0.001,0.001,64,32,142,lr=0.001_z=64_bs=32,"LR=0.001, z=64, batch size=32",238,97.9,2026-06-16 05:46:08.108,.,training (6).log,296,"LR=0.001, z=64, batch size=32"
lr=0.001_z=64_bs=32_seed=142,lr=0.001_z=64_bs=32_seed=142,0.001,0.001,64,32,142,lr=0.001_z=64_bs=32,"LR=0.001, z=64, batch size=32",239,94.09,2026-06-16 05:46:57.452,.,training (6).log,297,"LR=0.001, z=64, batch size=32"
lr=0.001_z=64_bs=32_seed=142,lr=0.001_z=64_bs=32_seed=142,0.001,0.001,64,32,142,lr=0.001_z=64_bs=32,"LR=0.001, z=64, batch size=32",240,97.58,2026-06-16 05:47:17.104,.,training (6).log,298,"LR=0.001, z=64, batch size=32"
lr=0.001_z=64_bs=32_seed=142,lr=0.001_z=64_bs=32_seed=142,0.001,0.001,64,32,142,lr=0.001_z=64_bs=32,"LR=0.001, z=64, batch size=32",241,95.07,2026-06-16 05:48:06.488,.,training (6).log,299,"LR=0.001, z=64, batch size=32"
lr=0.001_z=64_bs=32_seed=142,lr=0.001_z=64_bs=32_seed=142,0.001,0.001,64,32,142,lr=0.001_z=64_bs=32,"LR=0.001, z=64, batch size=32",242,98.61,2026-06-16 05:48:25.975,.,training (6).log,300,"LR=0.001, z=64, batch size=32"
lr=0.001_z=64_bs=32_seed=142,lr=0.001_z=64_bs=32_seed=142,0.001,0.001,64,32,142,lr=0.001_z=64_bs=32,"LR=0.001, z=64, batch size=32",243,95.07,2026-06-16 05:49:15.476,.,training (6).log,301,"LR=0.001, z=64, batch size=32"
lr=0.001_z=64_bs=32_seed=142,lr=0.001_z=64_bs=32_seed=142,0.001,0.001,64,32,142,lr=0.001_z=64_bs=32,"LR=0.001, z=64, batch size=32",244,92.82,2026-06-16 05:49:34.888,.,training (6).log,302,"LR=0.001, z=64, batch size=32"
lr=0.001_z=64_bs=32_seed=142,lr=0.001_z=64_bs=32_seed=142,0.001,0.001,64,32,142,lr=0.001_z=64_bs=32,"LR=0.001, z=64, batch size=32",245,90.49,2026-06-16 05:50:24.341,.,training (6).log,303,"LR=0.001, z=64, batch size=32"
lr=0.001_z=64_bs=32_seed=142,lr=0.001_z=64_bs=32_seed=142,0.001,0.001,64,32,142,lr=0.001_z=64_bs=32,"LR=0.001, z=64, batch size=32",246,90.24,2026-06-16 05:50:43.856,.,training (6).log,304,"LR=0.001, z=64, batch size=32"
lr=0.001_z=64_bs=32_seed=142,lr=0.001_z=64_bs=32_seed=142,0.001,0.001,64,32,142,lr=0.001_z=64_bs=32,"LR=0.001, z=64, batch size=32",247,94.93,2026-06-16 05:51:33.200,.,training (6).log,305,"LR=0.001, z=64, batch size=32"
lr=0.001_z=64_bs=32_seed=142,lr=0.001_z=64_bs=32_seed=142,0.001,0.001,64,32,142,lr=0.001_z=64_bs=32,"LR=0.001, z=64, batch size=32",248,92.28,2026-06-16 05:51:52.623,.,training (6).log,306,"LR=0.001, z=64, batch size=32"
lr=0.001_z=64_bs=32_seed=142,lr=0.001_z=64_bs=32_seed=142,0.001,0.001,64,32,142,lr=0.001_z=64_bs=32,"LR=0.001, z=64, batch size=32",249,94.14,2026-06-16 05:57:49.564,.,training (6).log,307,"LR=0.001, z=64, batch size=32"
lr=0.001_z=64_bs=32_seed=142,lr=0.001_z=64_bs=32_seed=142,0.001,0.001,64,32,142,lr=0.001_z=64_bs=32,"LR=0.001, z=64, batch size=32",250,99.92,2026-06-16 05:58:09.135,.,training (6).log,308,"LR=0.001, z=64, batch size=32"
lr=0.001_z=64_bs=32_seed=142,lr=0.001_z=64_bs=32_seed=142,0.001,0.001,64,32,142,lr=0.001_z=64_bs=32,"LR=0.001, z=64, batch size=32",251,98.61,2026-06-16 05:58:28.556,.,training (6).log,309,"LR=0.001, z=64, batch size=32"
lr=0.001_z=64_bs=32_seed=142,lr=0.001_z=64_bs=32_seed=142,0.001,0.001,64,32,142,lr=0.001_z=64_bs=32,"LR=0.001, z=64, batch size=32",252,99.05,2026-06-16 05:58:47.961,.,training (6).log,310,"LR=0.001, z=64, batch size=32"
lr=0.001_z=64_bs=32_seed=142,lr=0.001_z=64_bs=32_seed=142,0.001,0.001,64,32,142,lr=0.001_z=64_bs=32,"LR=0.001, z=64, batch size=32",253,94.42,2026-06-16 05:59:37.376,.,training (6).log,311,"LR=0.001, z=64, batch size=32"
lr=0.001_z=64_bs=32_seed=142,lr=0.001_z=64_bs=32_seed=142,0.001,0.001,64,32,142,lr=0.001_z=64_bs=32,"LR=0.001, z=64, batch size=32",254,103.24,2026-06-16 05:59:56.739,.,training (6).log,312,"LR=0.001, z=64, batch size=32"
lr=0.001_z=64_bs=32_seed=142,lr=0.001_z=64_bs=32_seed=142,0.001,0.001,64,32,142,lr=0.001_z=64_bs=32,"LR=0.001, z=64, batch size=32",255,90.88,2026-06-16 06:00:46.032,.,training (6).log,313,"LR=0.001, z=64, batch size=32"
lr=0.001_z=64_bs=32_seed=142,lr=0.001_z=64_bs=32_seed=142,0.001,0.001,64,32,142,lr=0.001_z=64_bs=32,"LR=0.001, z=64, batch size=32",256,93.23,2026-06-16 06:01:05.587,.,training (6).log,314,"LR=0.001, z=64, batch size=32"
lr=0.001_z=64_bs=32_seed=142,lr=0.001_z=64_bs=32_seed=142,0.001,0.001,64,32,142,lr=0.001_z=64_bs=32,"LR=0.001, z=64, batch size=32",257,101.94,2026-06-16 06:01:54.891,.,training (6).log,315,"LR=0.001, z=64, batch size=32"
lr=0.001_z=64_bs=32_seed=142,lr=0.001_z=64_bs=32_seed=142,0.001,0.001,64,32,142,lr=0.001_z=64_bs=32,"LR=0.001, z=64, batch size=32",258,104.09,2026-06-16 06:02:14.467,.,training (6).log,316,"LR=0.001, z=64, batch size=32"
lr=0.001_z=64_bs=32_seed=142,lr=0.001_z=64_bs=32_seed=142,0.001,0.001,64,32,142,lr=0.001_z=64_bs=32,"LR=0.001, z=64, batch size=32",259,99.6,2026-06-16 06:03:03.679,.,training (6).log,317,"LR=0.001, z=64, batch size=32"
lr=0.001_z=64_bs=32_seed=142,lr=0.001_z=64_bs=32_seed=142,0.001,0.001,64,32,142,lr=0.001_z=64_bs=32,"LR=0.001, z=64, batch size=32",260,87.46,2026-06-16 06:03:23.498,.,training (6).log,319,"LR=0.001, z=64, batch size=32"
lr=0.001_z=64_bs=32_seed=142,lr=0.001_z=64_bs=32_seed=142,0.001,0.001,64,32,142,lr=0.001_z=64_bs=32,"LR=0.001, z=64, batch size=32",261,93.67,2026-06-16 06:04:13.037,.,training (6).log,320,"LR=0.001, z=64, batch size=32"
lr=0.001_z=64_bs=32_seed=142,lr=0.001_z=64_bs=32_seed=142,0.001,0.001,64,32,142,lr=0.001_z=64_bs=32,"LR=0.001, z=64, batch size=32",262,93.95,2026-06-16 06:04:32.665,.,training (6).log,321,"LR=0.001, z=64, batch size=32"
lr=0.001_z=64_bs=32_seed=142,lr=0.001_z=64_bs=32_seed=142,0.001,0.001,64,32,142,lr=0.001_z=64_bs=32,"LR=0.001, z=64, batch size=32",263,97.89,2026-06-16 06:05:22.209,.,training (6).log,322,"LR=0.001, z=64, batch size=32"
lr=0.001_z=64_bs=32_seed=142,lr=0.001_z=64_bs=32_seed=142,0.001,0.001,64,32,142,lr=0.001_z=64_bs=32,"LR=0.001, z=64, batch size=32",264,90.32,2026-06-16 06:05:41.947,.,training (6).log,323,"LR=0.001, z=64, batch size=32"
lr=0.001_z=64_bs=32_seed=142,lr=0.001_z=64_bs=32_seed=142,0.001,0.001,64,32,142,lr=0.001_z=64_bs=32,"LR=0.001, z=64, batch size=32",265,107.13,2026-06-16 06:06:31.369,.,training (6).log,324,"LR=0.001, z=64, batch size=32"
lr=0.001_z=64_bs=32_seed=142,lr=0.001_z=64_bs=32_seed=142,0.001,0.001,64,32,142,lr=0.001_z=64_bs=32,"LR=0.001, z=64, batch size=32",266,91.0,2026-06-16 06:06:50.848,.,training (6).log,325,"LR=0.001, z=64, batch size=32"
lr=0.001_z=64_bs=32_seed=142,lr=0.001_z=64_bs=32_seed=142,0.001,0.001,64,32,142,lr=0.001_z=64_bs=32,"LR=0.001, z=64, batch size=32",267,101.12,2026-06-16 06:07:40.431,.,training (6).log,326,"LR=0.001, z=64, batch size=32"
lr=0.001_z=64_bs=32_seed=142,lr=0.001_z=64_bs=32_seed=142,0.001,0.001,64,32,142,lr=0.001_z=64_bs=32,"LR=0.001, z=64, batch size=32",268,93.53,2026-06-16 06:07:59.918,.,training (6).log,327,"LR=0.001, z=64, batch size=32"
lr=0.001_z=64_bs=32_seed=142,lr=0.001_z=64_bs=32_seed=142,0.001,0.001,64,32,142,lr=0.001_z=64_bs=32,"LR=0.001, z=64, batch size=32",269,89.46,2026-06-16 06:08:49.401,.,training (6).log,328,"LR=0.001, z=64, batch size=32"
lr=0.001_z=64_bs=32_seed=142,lr=0.001_z=64_bs=32_seed=142,0.001,0.001,64,32,142,lr=0.001_z=64_bs=32,"LR=0.001, z=64, batch size=32",270,92.34,2026-06-16 06:09:08.997,.,training (6).log,329,"LR=0.001, z=64, batch size=32"
lr=0.001_z=64_bs=32_seed=142,lr=0.001_z=64_bs=32_seed=142,0.001,0.001,64,32,142,lr=0.001_z=64_bs=32,"LR=0.001, z=64, batch size=32",271,89.0,2026-06-16 06:09:58.640,.,training (6).log,330,"LR=0.001, z=64, batch size=32"
lr=0.001_z=64_bs=32_seed=142,lr=0.001_z=64_bs=32_seed=142,0.001,0.001,64,32,142,lr=0.001_z=64_bs=32,"LR=0.001, z=64, batch size=32",272,95.77,2026-06-16 06:10:18.275,.,training (6).log,331,"LR=0.001, z=64, batch size=32"
lr=0.001_z=64_bs=32_seed=142,lr=0.001_z=64_bs=32_seed=142,0.001,0.001,64,32,142,lr=0.001_z=64_bs=32,"LR=0.001, z=64, batch size=32",273,98.36,2026-06-16 06:11:07.907,.,training (6).log,332,"LR=0.001, z=64, batch size=32"
lr=0.001_z=64_bs=32_seed=142,lr=0.001_z=64_bs=32_seed=142,0.001,0.001,64,32,142,lr=0.001_z=64_bs=32,"LR=0.001, z=64, batch size=32",274,97.42,2026-06-16 06:11:27.517,.,training (6).log,333,"LR=0.001, z=64, batch size=32"
lr=0.001_z=64_bs=32_seed=142,lr=0.001_z=64_bs=32_seed=142,0.001,0.001,64,32,142,lr=0.001_z=64_bs=32,"LR=0.001, z=64, batch size=32",275,91.73,2026-06-16 06:12:16.975,.,training (6).log,334,"LR=0.001, z=64, batch size=32"
lr=0.001_z=64_bs=32_seed=242,lr=0.001_z=64_bs=32_seed=242,0.001,0.001,64,32,242,lr=0.001_z=64_bs=32,"LR=0.001, z=64, batch size=32",1,309.94,2026-06-15 23:02:38.464,.,training (7).log,6,"LR=0.001, z=64, batch size=32"
lr=0.001_z=64_bs=32_seed=242,lr=0.001_z=64_bs=32_seed=242,0.001,0.001,64,32,242,lr=0.001_z=64_bs=32,"LR=0.001, z=64, batch size=32",2,283.95,2026-06-15 23:02:57.149,.,training (7).log,8,"LR=0.001, z=64, batch size=32"
lr=0.001_z=64_bs=32_seed=242,lr=0.001_z=64_bs=32_seed=242,0.001,0.001,64,32,242,lr=0.001_z=64_bs=32,"LR=0.001, z=64, batch size=32",3,283.43,2026-06-15 23:03:16.587,.,training (7).log,10,"LR=0.001, z=64, batch size=32"
lr=0.001_z=64_bs=32_seed=242,lr=0.001_z=64_bs=32_seed=242,0.001,0.001,64,32,242,lr=0.001_z=64_bs=32,"LR=0.001, z=64, batch size=32",4,279.02,2026-06-15 23:04:05.252,.,training (7).log,12,"LR=0.001, z=64, batch size=32"
lr=0.001_z=64_bs=32_seed=242,lr=0.001_z=64_bs=32_seed=242,0.001,0.001,64,32,242,lr=0.001_z=64_bs=32,"LR=0.001, z=64, batch size=32",5,251.27,2026-06-15 23:04:24.424,.,training (7).log,14,"LR=0.001, z=64, batch size=32"
lr=0.001_z=64_bs=32_seed=242,lr=0.001_z=64_bs=32_seed=242,0.001,0.001,64,32,242,lr=0.001_z=64_bs=32,"LR=0.001, z=64, batch size=32",6,241.65,2026-06-15 23:05:12.915,.,training (7).log,16,"LR=0.001, z=64, batch size=32"
lr=0.001_z=64_bs=32_seed=242,lr=0.001_z=64_bs=32_seed=242,0.001,0.001,64,32,242,lr=0.001_z=64_bs=32,"LR=0.001, z=64, batch size=32",7,232.85,2026-06-15 23:05:32.312,.,training (7).log,18,"LR=0.001, z=64, batch size=32"
lr=0.001_z=64_bs=32_seed=242,lr=0.001_z=64_bs=32_seed=242,0.001,0.001,64,32,242,lr=0.001_z=64_bs=32,"LR=0.001, z=64, batch size=32",8,209.02,2026-06-15 23:06:21.177,.,training (7).log,20,"LR=0.001, z=64, batch size=32"
lr=0.001_z=64_bs=32_seed=242,lr=0.001_z=64_bs=32_seed=242,0.001,0.001,64,32,242,lr=0.001_z=64_bs=32,"LR=0.001, z=64, batch size=32",9,195.18,2026-06-15 23:06:40.696,.,training (7).log,22,"LR=0.001, z=64, batch size=32"
lr=0.001_z=64_bs=32_seed=242,lr=0.001_z=64_bs=32_seed=242,0.001,0.001,64,32,242,lr=0.001_z=64_bs=32,"LR=0.001, z=64, batch size=32",10,184.24,2026-06-15 23:07:29.470,.,training (7).log,24,"LR=0.001, z=64, batch size=32"
lr=0.001_z=64_bs=32_seed=242,lr=0.001_z=64_bs=32_seed=242,0.001,0.001,64,32,242,lr=0.001_z=64_bs=32,"LR=0.001, z=64, batch size=32",11,173.25,2026-06-15 23:07:48.858,.,training (7).log,26,"LR=0.001, z=64, batch size=32"
lr=0.001_z=64_bs=32_seed=242,lr=0.001_z=64_bs=32_seed=242,0.001,0.001,64,32,242,lr=0.001_z=64_bs=32,"LR=0.001, z=64, batch size=32",12,177.29,2026-06-15 23:08:37.164,.,training (7).log,27,"LR=0.001, z=64, batch size=32"
lr=0.001_z=64_bs=32_seed=242,lr=0.001_z=64_bs=32_seed=242,0.001,0.001,64,32,242,lr=0.001_z=64_bs=32,"LR=0.001, z=64, batch size=32",13,159.35,2026-06-15 23:08:55.843,.,training (7).log,29,"LR=0.001, z=64, batch size=32"
lr=0.001_z=64_bs=32_seed=242,lr=0.001_z=64_bs=32_seed=242,0.001,0.001,64,32,242,lr=0.001_z=64_bs=32,"LR=0.001, z=64, batch size=32",14,149.59,2026-06-15 23:09:44.602,.,training (7).log,31,"LR=0.001, z=64, batch size=32"
lr=0.001_z=64_bs=32_seed=242,lr=0.001_z=64_bs=32_seed=242,0.001,0.001,64,32,242,lr=0.001_z=64_bs=32,"LR=0.001, z=64, batch size=32",15,154.69,2026-06-15 23:10:03.467,.,training (7).log,32,"LR=0.001, z=64, batch size=32"
lr=0.001_z=64_bs=32_seed=242,lr=0.001_z=64_bs=32_seed=242,0.001,0.001,64,32,242,lr=0.001_z=64_bs=32,"LR=0.001, z=64, batch size=32",16,154.3,2026-06-15 23:10:51.994,.,training (7).log,33,"LR=0.001, z=64, batch size=32"
lr=0.001_z=64_bs=32_seed=242,lr=0.001_z=64_bs=32_seed=242,0.001,0.001,64,32,242,lr=0.001_z=64_bs=32,"LR=0.001, z=64, batch size=32",17,152.83,2026-06-15 23:11:10.631,.,training (7).log,34,"LR=0.001, z=64, batch size=32"
lr=0.001_z=64_bs=32_seed=242,lr=0.001_z=64_bs=32_seed=242,0.001,0.001,64,32,242,lr=0.001_z=64_bs=32,"LR=0.001, z=64, batch size=32",18,141.73,2026-06-15 23:11:59.350,.,training (7).log,36,"LR=0.001, z=64, batch size=32"
lr=0.001_z=64_bs=32_seed=242,lr=0.001_z=64_bs=32_seed=242,0.001,0.001,64,32,242,lr=0.001_z=64_bs=32,"LR=0.001, z=64, batch size=32",19,150.8,2026-06-15 23:12:18.320,.,training (7).log,37,"LR=0.001, z=64, batch size=32"
lr=0.001_z=64_bs=32_seed=242,lr=0.001_z=64_bs=32_seed=242,0.001,0.001,64,32,242,lr=0.001_z=64_bs=32,"LR=0.001, z=64, batch size=32",20,142.74,2026-06-15 23:13:06.675,.,training (7).log,38,"LR=0.001, z=64, batch size=32"
lr=0.001_z=64_bs=32_seed=242,lr=0.001_z=64_bs=32_seed=242,0.001,0.001,64,32,242,lr=0.001_z=64_bs=32,"LR=0.001, z=64, batch size=32",21,135.9,2026-06-15 23:13:25.449,.,training (7).log,40,"LR=0.001, z=64, batch size=32"
lr=0.001_z=64_bs=32_seed=242,lr=0.001_z=64_bs=32_seed=242,0.001,0.001,64,32,242,lr=0.001_z=64_bs=32,"LR=0.001, z=64, batch size=32",22,141.07,2026-06-15 23:14:13.692,.,training (7).log,41,"LR=0.001, z=64, batch size=32"
lr=0.001_z=64_bs=32_seed=242,lr=0.001_z=64_bs=32_seed=242,0.001,0.001,64,32,242,lr=0.001_z=64_bs=32,"LR=0.001, z=64, batch size=32",23,142.78,2026-06-15 23:14:32.396,.,training (7).log,42,"LR=0.001, z=64, batch size=32"
lr=0.001_z=64_bs=32_seed=242,lr=0.001_z=64_bs=32_seed=242,0.001,0.001,64,32,242,lr=0.001_z=64_bs=32,"LR=0.001, z=64, batch size=32",24,135.24,2026-06-15 23:15:20.779,.,training (7).log,44,"LR=0.001, z=64, batch size=32"
lr=0.001_z=64_bs=32_seed=242,lr=0.001_z=64_bs=32_seed=242,0.001,0.001,64,32,242,lr=0.001_z=64_bs=32,"LR=0.001, z=64, batch size=32",25,135.15,2026-06-15 23:15:40.092,.,training (7).log,46,"LR=0.001, z=64, batch size=32"
lr=0.001_z=64_bs=32_seed=242,lr=0.001_z=64_bs=32_seed=242,0.001,0.001,64,32,242,lr=0.001_z=64_bs=32,"LR=0.001, z=64, batch size=32",26,140.09,2026-06-15 23:16:28.806,.,training (7).log,47,"LR=0.001, z=64, batch size=32"
lr=0.001_z=64_bs=32_seed=242,lr=0.001_z=64_bs=32_seed=242,0.001,0.001,64,32,242,lr=0.001_z=64_bs=32,"LR=0.001, z=64, batch size=32",27,137.47,2026-06-15 23:16:47.594,.,training (7).log,48,"LR=0.001, z=64, batch size=32"
lr=0.001_z=64_bs=32_seed=242,lr=0.001_z=64_bs=32_seed=242,0.001,0.001,64,32,242,lr=0.001_z=64_bs=32,"LR=0.001, z=64, batch size=32",28,129.97,2026-06-15 23:17:36.301,.,training (7).log,50,"LR=0.001, z=64, batch size=32"
lr=0.001_z=64_bs=32_seed=242,lr=0.001_z=64_bs=32_seed=242,0.001,0.001,64,32,242,lr=0.001_z=64_bs=32,"LR=0.001, z=64, batch size=32",29,128.77,2026-06-15 23:17:55.748,.,training (7).log,52,"LR=0.001, z=64, batch size=32"
lr=0.001_z=64_bs=32_seed=242,lr=0.001_z=64_bs=32_seed=242,0.001,0.001,64,32,242,lr=0.001_z=64_bs=32,"LR=0.001, z=64, batch size=32",30,127.7,2026-06-15 23:18:15.147,.,training (7).log,54,"LR=0.001, z=64, batch size=32"
lr=0.001_z=64_bs=32_seed=242,lr=0.001_z=64_bs=32_seed=242,0.001,0.001,64,32,242,lr=0.001_z=64_bs=32,"LR=0.001, z=64, batch size=32",31,134.55,2026-06-15 23:18:34.424,.,training (7).log,55,"LR=0.001, z=64, batch size=32"
lr=0.001_z=64_bs=32_seed=242,lr=0.001_z=64_bs=32_seed=242,0.001,0.001,64,32,242,lr=0.001_z=64_bs=32,"LR=0.001, z=64, batch size=32",32,131.14,2026-06-15 23:19:23.063,.,training (7).log,56,"LR=0.001, z=64, batch size=32"
lr=0.001_z=64_bs=32_seed=242,lr=0.001_z=64_bs=32_seed=242,0.001,0.001,64,32,242,lr=0.001_z=64_bs=32,"LR=0.001, z=64, batch size=32",33,129.47,2026-06-15 23:19:41.597,.,training (7).log,57,"LR=0.001, z=64, batch size=32"
lr=0.001_z=64_bs=32_seed=242,lr=0.001_z=64_bs=32_seed=242,0.001,0.001,64,32,242,lr=0.001_z=64_bs=32,"LR=0.001, z=64, batch size=32",34,133.04,2026-06-15 23:20:00.661,.,training (7).log,58,"LR=0.001, z=64, batch size=32"
lr=0.001_z=64_bs=32_seed=242,lr=0.001_z=64_bs=32_seed=242,0.001,0.001,64,32,242,lr=0.001_z=64_bs=32,"LR=0.001, z=64, batch size=32",35,133.34,2026-06-15 23:20:19.270,.,training (7).log,59,"LR=0.001, z=64, batch size=32"
lr=0.001_z=64_bs=32_seed=242,lr=0.001_z=64_bs=32_seed=242,0.001,0.001,64,32,242,lr=0.001_z=64_bs=32,"LR=0.001, z=64, batch size=32",36,129.7,2026-06-15 23:21:08.154,.,training (7).log,60,"LR=0.001, z=64, batch size=32"
lr=0.001_z=64_bs=32_seed=242,lr=0.001_z=64_bs=32_seed=242,0.001,0.001,64,32,242,lr=0.001_z=64_bs=32,"LR=0.001, z=64, batch size=32",37,129.05,2026-06-15 23:21:26.717,.,training (7).log,61,"LR=0.001, z=64, batch size=32"
lr=0.001_z=64_bs=32_seed=242,lr=0.001_z=64_bs=32_seed=242,0.001,0.001,64,32,242,lr=0.001_z=64_bs=32,"LR=0.001, z=64, batch size=32",38,134.24,2026-06-15 23:21:45.464,.,training (7).log,62,"LR=0.001, z=64, batch size=32"
lr=0.001_z=64_bs=32_seed=242,lr=0.001_z=64_bs=32_seed=242,0.001,0.001,64,32,242,lr=0.001_z=64_bs=32,"LR=0.001, z=64, batch size=32",39,122.53,2026-06-15 23:22:04.088,.,training (7).log,64,"LR=0.001, z=64, batch size=32"
lr=0.001_z=64_bs=32_seed=242,lr=0.001_z=64_bs=32_seed=242,0.001,0.001,64,32,242,lr=0.001_z=64_bs=32,"LR=0.001, z=64, batch size=32",40,119.14,2026-06-15 23:22:23.112,.,training (7).log,66,"LR=0.001, z=64, batch size=32"
lr=0.001_z=64_bs=32_seed=242,lr=0.001_z=64_bs=32_seed=242,0.001,0.001,64,32,242,lr=0.001_z=64_bs=32,"LR=0.001, z=64, batch size=32",41,126.1,2026-06-15 23:22:42.324,.,training (7).log,67,"LR=0.001, z=64, batch size=32"
lr=0.001_z=64_bs=32_seed=242,lr=0.001_z=64_bs=32_seed=242,0.001,0.001,64,32,242,lr=0.001_z=64_bs=32,"LR=0.001, z=64, batch size=32",42,126.51,2026-06-15 23:23:01.327,.,training (7).log,68,"LR=0.001, z=64, batch size=32"
lr=0.001_z=64_bs=32_seed=242,lr=0.001_z=64_bs=32_seed=242,0.001,0.001,64,32,242,lr=0.001_z=64_bs=32,"LR=0.001, z=64, batch size=32",43,124.25,2026-06-15 23:23:19.704,.,training (7).log,69,"LR=0.001, z=64, batch size=32"
lr=0.001_z=64_bs=32_seed=242,lr=0.001_z=64_bs=32_seed=242,0.001,0.001,64,32,242,lr=0.001_z=64_bs=32,"LR=0.001, z=64, batch size=32",44,121.48,2026-06-15 23:23:38.884,.,training (7).log,70,"LR=0.001, z=64, batch size=32"
lr=0.001_z=64_bs=32_seed=242,lr=0.001_z=64_bs=32_seed=242,0.001,0.001,64,32,242,lr=0.001_z=64_bs=32,"LR=0.001, z=64, batch size=32",45,126.79,2026-06-15 23:23:57.659,.,training (7).log,71,"LR=0.001, z=64, batch size=32"
lr=0.001_z=64_bs=32_seed=242,lr=0.001_z=64_bs=32_seed=242,0.001,0.001,64,32,242,lr=0.001_z=64_bs=32,"LR=0.001, z=64, batch size=32",46,123.79,2026-06-15 23:24:16.647,.,training (7).log,72,"LR=0.001, z=64, batch size=32"
lr=0.001_z=64_bs=32_seed=242,lr=0.001_z=64_bs=32_seed=242,0.001,0.001,64,32,242,lr=0.001_z=64_bs=32,"LR=0.001, z=64, batch size=32",47,122.16,2026-06-15 23:24:35.073,.,training (7).log,73,"LR=0.001, z=64, batch size=32"
lr=0.001_z=64_bs=32_seed=242,lr=0.001_z=64_bs=32_seed=242,0.001,0.001,64,32,242,lr=0.001_z=64_bs=32,"LR=0.001, z=64, batch size=32",48,124.41,2026-06-15 23:24:54.124,.,training (7).log,74,"LR=0.001, z=64, batch size=32"
lr=0.001_z=64_bs=32_seed=242,lr=0.001_z=64_bs=32_seed=242,0.001,0.001,64,32,242,lr=0.001_z=64_bs=32,"LR=0.001, z=64, batch size=32",49,119.76,2026-06-15 23:25:12.768,.,training (7).log,75,"LR=0.001, z=64, batch size=32"
lr=0.001_z=64_bs=32_seed=242,lr=0.001_z=64_bs=32_seed=242,0.001,0.001,64,32,242,lr=0.001_z=64_bs=32,"LR=0.001, z=64, batch size=32",50,125.62,2026-06-15 23:25:31.618,.,training (7).log,76,"LR=0.001, z=64, batch size=32"
lr=0.001_z=64_bs=32_seed=242,lr=0.001_z=64_bs=32_seed=242,0.001,0.001,64,32,242,lr=0.001_z=64_bs=32,"LR=0.001, z=64, batch size=32",51,124.8,2026-06-15 23:25:50.332,.,training (7).log,77,"LR=0.001, z=64, batch size=32"
lr=0.001_z=64_bs=32_seed=242,lr=0.001_z=64_bs=32_seed=242,0.001,0.001,64,32,242,lr=0.001_z=64_bs=32,"LR=0.001, z=64, batch size=32",52,120.6,2026-06-15 23:26:09.192,.,training (7).log,78,"LR=0.001, z=64, batch size=32"
lr=0.001_z=64_bs=32_seed=242,lr=0.001_z=64_bs=32_seed=242,0.001,0.001,64,32,242,lr=0.001_z=64_bs=32,"LR=0.001, z=64, batch size=32",53,120.26,2026-06-15 23:26:27.670,.,training (7).log,79,"LR=0.001, z=64, batch size=32"
lr=0.001_z=64_bs=32_seed=242,lr=0.001_z=64_bs=32_seed=242,0.001,0.001,64,32,242,lr=0.001_z=64_bs=32,"LR=0.001, z=64, batch size=32",54,115.88,2026-06-15 23:26:46.703,.,training (7).log,81,"LR=0.001, z=64, batch size=32"
lr=0.001_z=64_bs=32_seed=242,lr=0.001_z=64_bs=32_seed=242,0.001,0.001,64,32,242,lr=0.001_z=64_bs=32,"LR=0.001, z=64, batch size=32",55,125.39,2026-06-15 23:27:06.221,.,training (7).log,82,"LR=0.001, z=64, batch size=32"
lr=0.001_z=64_bs=32_seed=242,lr=0.001_z=64_bs=32_seed=242,0.001,0.001,64,32,242,lr=0.001_z=64_bs=32,"LR=0.001, z=64, batch size=32",56,116.09,2026-06-15 23:27:25.533,.,training (7).log,83,"LR=0.001, z=64, batch size=32"
lr=0.001_z=64_bs=32_seed=242,lr=0.001_z=64_bs=32_seed=242,0.001,0.001,64,32,242,lr=0.001_z=64_bs=32,"LR=0.001, z=64, batch size=32",57,117.4,2026-06-15 23:27:44.256,.,training (7).log,84,"LR=0.001, z=64, batch size=32"
lr=0.001_z=64_bs=32_seed=242,lr=0.001_z=64_bs=32_seed=242,0.001,0.001,64,32,242,lr=0.001_z=64_bs=32,"LR=0.001, z=64, batch size=32",58,123.46,2026-06-15 23:28:03.037,.,training (7).log,85,"LR=0.001, z=64, batch size=32"
lr=0.001_z=64_bs=32_seed=242,lr=0.001_z=64_bs=32_seed=242,0.001,0.001,64,32,242,lr=0.001_z=64_bs=32,"LR=0.001, z=64, batch size=32",59,119.29,2026-06-15 23:28:21.893,.,training (7).log,86,"LR=0.001, z=64, batch size=32"
lr=0.001_z=64_bs=32_seed=242,lr=0.001_z=64_bs=32_seed=242,0.001,0.001,64,32,242,lr=0.001_z=64_bs=32,"LR=0.001, z=64, batch size=32",60,115.34,2026-06-15 23:28:53.351,.,training (7).log,88,"LR=0.001, z=64, batch size=32"
lr=0.001_z=64_bs=32_seed=242,lr=0.001_z=64_bs=32_seed=242,0.001,0.001,64,32,242,lr=0.001_z=64_bs=32,"LR=0.001, z=64, batch size=32",61,114.75,2026-06-15 23:29:12.476,.,training (7).log,90,"LR=0.001, z=64, batch size=32"
lr=0.001_z=64_bs=32_seed=242,lr=0.001_z=64_bs=32_seed=242,0.001,0.001,64,32,242,lr=0.001_z=64_bs=32,"LR=0.001, z=64, batch size=32",62,117.2,2026-06-15 23:29:31.603,.,training (7).log,91,"LR=0.001, z=64, batch size=32"
lr=0.001_z=64_bs=32_seed=242,lr=0.001_z=64_bs=32_seed=242,0.001,0.001,64,32,242,lr=0.001_z=64_bs=32,"LR=0.001, z=64, batch size=32",63,116.24,2026-06-15 23:29:50.451,.,training (7).log,92,"LR=0.001, z=64, batch size=32"
lr=0.001_z=64_bs=32_seed=242,lr=0.001_z=64_bs=32_seed=242,0.001,0.001,64,32,242,lr=0.001_z=64_bs=32,"LR=0.001, z=64, batch size=32",64,112.82,2026-06-15 23:30:09.511,.,training (7).log,94,"LR=0.001, z=64, batch size=32"
lr=0.001_z=64_bs=32_seed=242,lr=0.001_z=64_bs=32_seed=242,0.001,0.001,64,32,242,lr=0.001_z=64_bs=32,"LR=0.001, z=64, batch size=32",65,110.41,2026-06-15 23:30:28.687,.,training (7).log,96,"LR=0.001, z=64, batch size=32"
lr=0.001_z=64_bs=32_seed=242,lr=0.001_z=64_bs=32_seed=242,0.001,0.001,64,32,242,lr=0.001_z=64_bs=32,"LR=0.001, z=64, batch size=32",66,110.42,2026-06-15 23:30:47.842,.,training (7).log,97,"LR=0.001, z=64, batch size=32"
lr=0.001_z=64_bs=32_seed=242,lr=0.001_z=64_bs=32_seed=242,0.001,0.001,64,32,242,lr=0.001_z=64_bs=32,"LR=0.001, z=64, batch size=32",67,112.88,2026-06-15 23:31:06.937,.,training (7).log,98,"LR=0.001, z=64, batch size=32"
lr=0.001_z=64_bs=32_seed=242,lr=0.001_z=64_bs=32_seed=242,0.001,0.001,64,32,242,lr=0.001_z=64_bs=32,"LR=0.001, z=64, batch size=32",68,112.55,2026-06-15 23:31:26.006,.,training (7).log,99,"LR=0.001, z=64, batch size=32"
lr=0.001_z=64_bs=32_seed=242,lr=0.001_z=64_bs=32_seed=242,0.001,0.001,64,32,242,lr=0.001_z=64_bs=32,"LR=0.001, z=64, batch size=32",69,116.32,2026-06-15 23:31:44.936,.,training (7).log,100,"LR=0.001, z=64, batch size=32"
lr=0.001_z=64_bs=32_seed=242,lr=0.001_z=64_bs=32_seed=242,0.001,0.001,64,32,242,lr=0.001_z=64_bs=32,"LR=0.001, z=64, batch size=32",70,114.25,2026-06-15 23:32:03.677,.,training (7).log,101,"LR=0.001, z=64, batch size=32"
lr=0.001_z=64_bs=32_seed=242,lr=0.001_z=64_bs=32_seed=242,0.001,0.001,64,32,242,lr=0.001_z=64_bs=32,"LR=0.001, z=64, batch size=32",71,109.1,2026-06-15 23:32:22.731,.,training (7).log,103,"LR=0.001, z=64, batch size=32"
lr=0.001_z=64_bs=32_seed=242,lr=0.001_z=64_bs=32_seed=242,0.001,0.001,64,32,242,lr=0.001_z=64_bs=32,"LR=0.001, z=64, batch size=32",72,112.0,2026-06-15 23:32:41.861,.,training (7).log,104,"LR=0.001, z=64, batch size=32"
lr=0.001_z=64_bs=32_seed=242,lr=0.001_z=64_bs=32_seed=242,0.001,0.001,64,32,242,lr=0.001_z=64_bs=32,"LR=0.001, z=64, batch size=32",73,115.01,2026-06-15 23:33:01.119,.,training (7).log,105,"LR=0.001, z=64, batch size=32"
lr=0.001_z=64_bs=32_seed=242,lr=0.001_z=64_bs=32_seed=242,0.001,0.001,64,32,242,lr=0.001_z=64_bs=32,"LR=0.001, z=64, batch size=32",74,112.07,2026-06-15 23:33:20.045,.,training (7).log,106,"LR=0.001, z=64, batch size=32"
lr=0.001_z=64_bs=32_seed=242,lr=0.001_z=64_bs=32_seed=242,0.001,0.001,64,32,242,lr=0.001_z=64_bs=32,"LR=0.001, z=64, batch size=32",75,106.77,2026-06-15 23:33:39.339,.,training (7).log,108,"LR=0.001, z=64, batch size=32"
lr=0.001_z=64_bs=32_seed=242,lr=0.001_z=64_bs=32_seed=242,0.001,0.001,64,32,242,lr=0.001_z=64_bs=32,"LR=0.001, z=64, batch size=32",76,117.85,2026-06-15 23:33:58.417,.,training (7).log,109,"LR=0.001, z=64, batch size=32"
lr=0.001_z=64_bs=32_seed=242,lr=0.001_z=64_bs=32_seed=242,0.001,0.001,64,32,242,lr=0.001_z=64_bs=32,"LR=0.001, z=64, batch size=32",77,108.53,2026-06-15 23:34:17.580,.,training (7).log,110,"LR=0.001, z=64, batch size=32"
lr=0.001_z=64_bs=32_seed=242,lr=0.001_z=64_bs=32_seed=242,0.001,0.001,64,32,242,lr=0.001_z=64_bs=32,"LR=0.001, z=64, batch size=32",78,108.21,2026-06-15 23:34:36.540,.,training (7).log,111,"LR=0.001, z=64, batch size=32"
lr=0.001_z=64_bs=32_seed=242,lr=0.001_z=64_bs=32_seed=242,0.001,0.001,64,32,242,lr=0.001_z=64_bs=32,"LR=0.001, z=64, batch size=32",79,103.24,2026-06-15 23:35:08.120,.,training (7).log,113,"LR=0.001, z=64, batch size=32"
lr=0.001_z=64_bs=32_seed=242,lr=0.001_z=64_bs=32_seed=242,0.001,0.001,64,32,242,lr=0.001_z=64_bs=32,"LR=0.001, z=64, batch size=32",80,106.94,2026-06-15 23:35:27.634,.,training (7).log,114,"LR=0.001, z=64, batch size=32"
lr=0.001_z=64_bs=32_seed=242,lr=0.001_z=64_bs=32_seed=242,0.001,0.001,64,32,242,lr=0.001_z=64_bs=32,"LR=0.001, z=64, batch size=32",81,100.59,2026-06-15 23:35:58.560,.,training (7).log,116,"LR=0.001, z=64, batch size=32"
lr=0.001_z=64_bs=32_seed=242,lr=0.001_z=64_bs=32_seed=242,0.001,0.001,64,32,242,lr=0.001_z=64_bs=32,"LR=0.001, z=64, batch size=32",82,104.08,2026-06-15 23:36:17.837,.,training (7).log,117,"LR=0.001, z=64, batch size=32"
lr=0.001_z=64_bs=32_seed=242,lr=0.001_z=64_bs=32_seed=242,0.001,0.001,64,32,242,lr=0.001_z=64_bs=32,"LR=0.001, z=64, batch size=32",83,104.29,2026-06-15 23:36:48.983,.,training (7).log,118,"LR=0.001, z=64, batch size=32"
lr=0.001_z=64_bs=32_seed=242,lr=0.001_z=64_bs=32_seed=242,0.001,0.001,64,32,242,lr=0.001_z=64_bs=32,"LR=0.001, z=64, batch size=32",84,107.18,2026-06-15 23:37:07.942,.,training (7).log,119,"LR=0.001, z=64, batch size=32"
lr=0.001_z=64_bs=32_seed=242,lr=0.001_z=64_bs=32_seed=242,0.001,0.001,64,32,242,lr=0.001_z=64_bs=32,"LR=0.001, z=64, batch size=32",85,105.41,2026-06-15 23:37:38.982,.,training (7).log,120,"LR=0.001, z=64, batch size=32"
lr=0.001_z=64_bs=32_seed=242,lr=0.001_z=64_bs=32_seed=242,0.001,0.001,64,32,242,lr=0.001_z=64_bs=32,"LR=0.001, z=64, batch size=32",86,104.69,2026-06-15 23:38:28.364,.,training (7).log,121,"LR=0.001, z=64, batch size=32"
lr=0.001_z=64_bs=32_seed=242,lr=0.001_z=64_bs=32_seed=242,0.001,0.001,64,32,242,lr=0.001_z=64_bs=32,"LR=0.001, z=64, batch size=32",87,108.65,2026-06-15 23:38:47.584,.,training (7).log,122,"LR=0.001, z=64, batch size=32"
lr=0.001_z=64_bs=32_seed=242,lr=0.001_z=64_bs=32_seed=242,0.001,0.001,64,32,242,lr=0.001_z=64_bs=32,"LR=0.001, z=64, batch size=32",88,107.47,2026-06-15 23:39:06.816,.,training (7).log,123,"LR=0.001, z=64, batch size=32"
lr=0.001_z=64_bs=32_seed=242,lr=0.001_z=64_bs=32_seed=242,0.001,0.001,64,32,242,lr=0.001_z=64_bs=32,"LR=0.001, z=64, batch size=32",89,102.8,2026-06-15 23:39:37.515,.,training (7).log,124,"LR=0.001, z=64, batch size=32"
lr=0.001_z=64_bs=32_seed=242,lr=0.001_z=64_bs=32_seed=242,0.001,0.001,64,32,242,lr=0.001_z=64_bs=32,"LR=0.001, z=64, batch size=32",90,103.18,2026-06-15 23:39:56.363,.,training (7).log,125,"LR=0.001, z=64, batch size=32"
lr=0.001_z=64_bs=32_seed=242,lr=0.001_z=64_bs=32_seed=242,0.001,0.001,64,32,242,lr=0.001_z=64_bs=32,"LR=0.001, z=64, batch size=32",91,103.92,2026-06-15 23:40:15.288,.,training (7).log,126,"LR=0.001, z=64, batch size=32"
lr=0.001_z=64_bs=32_seed=242,lr=0.001_z=64_bs=32_seed=242,0.001,0.001,64,32,242,lr=0.001_z=64_bs=32,"LR=0.001, z=64, batch size=32",92,101.17,2026-06-15 23:40:34.125,.,training (7).log,127,"LR=0.001, z=64, batch size=32"
lr=0.001_z=64_bs=32_seed=242,lr=0.001_z=64_bs=32_seed=242,0.001,0.001,64,32,242,lr=0.001_z=64_bs=32,"LR=0.001, z=64, batch size=32",93,106.66,2026-06-15 23:40:53.116,.,training (7).log,128,"LR=0.001, z=64, batch size=32"
lr=0.001_z=64_bs=32_seed=242,lr=0.001_z=64_bs=32_seed=242,0.001,0.001,64,32,242,lr=0.001_z=64_bs=32,"LR=0.001, z=64, batch size=32",94,104.85,2026-06-15 23:41:12.061,.,training (7).log,129,"LR=0.001, z=64, batch size=32"
lr=0.001_z=64_bs=32_seed=242,lr=0.001_z=64_bs=32_seed=242,0.001,0.001,64,32,242,lr=0.001_z=64_bs=32,"LR=0.001, z=64, batch size=32",95,101.97,2026-06-15 23:41:31.295,.,training (7).log,130,"LR=0.001, z=64, batch size=32"
lr=0.001_z=64_bs=32_seed=242,lr=0.001_z=64_bs=32_seed=242,0.001,0.001,64,32,242,lr=0.001_z=64_bs=32,"LR=0.001, z=64, batch size=32",96,103.18,2026-06-15 23:41:50.299,.,training (7).log,131,"LR=0.001, z=64, batch size=32"
lr=0.001_z=64_bs=32_seed=242,lr=0.001_z=64_bs=32_seed=242,0.001,0.001,64,32,242,lr=0.001_z=64_bs=32,"LR=0.001, z=64, batch size=32",97,106.44,2026-06-15 23:42:09.328,.,training (7).log,132,"LR=0.001, z=64, batch size=32"
lr=0.001_z=64_bs=32_seed=242,lr=0.001_z=64_bs=32_seed=242,0.001,0.001,64,32,242,lr=0.001_z=64_bs=32,"LR=0.001, z=64, batch size=32",98,105.48,2026-06-15 23:42:45.232,.,training (7).log,133,"LR=0.001, z=64, batch size=32"
lr=0.001_z=64_bs=32_seed=242,lr=0.001_z=64_bs=32_seed=242,0.001,0.001,64,32,242,lr=0.001_z=64_bs=32,"LR=0.001, z=64, batch size=32",99,112.54,2026-06-15 23:43:45.285,.,training (7).log,134,"LR=0.001, z=64, batch size=32"
lr=0.001_z=64_bs=32_seed=242,lr=0.001_z=64_bs=32_seed=242,0.001,0.001,64,32,242,lr=0.001_z=64_bs=32,"LR=0.001, z=64, batch size=32",100,103.41,2026-06-15 23:44:03.902,.,training (7).log,135,"LR=0.001, z=64, batch size=32"
lr=0.001_z=64_bs=32_seed=242,lr=0.001_z=64_bs=32_seed=242,0.001,0.001,64,32,242,lr=0.001_z=64_bs=32,"LR=0.001, z=64, batch size=32",101,101.4,2026-06-15 23:44:52.522,.,training (7).log,136,"LR=0.001, z=64, batch size=32"
lr=0.001_z=64_bs=32_seed=242,lr=0.001_z=64_bs=32_seed=242,0.001,0.001,64,32,242,lr=0.001_z=64_bs=32,"LR=0.001, z=64, batch size=32",102,103.25,2026-06-15 23:45:11.199,.,training (7).log,137,"LR=0.001, z=64, batch size=32"
lr=0.001_z=64_bs=32_seed=242,lr=0.001_z=64_bs=32_seed=242,0.001,0.001,64,32,242,lr=0.001_z=64_bs=32,"LR=0.001, z=64, batch size=32",103,100.09,2026-06-15 23:46:00.168,.,training (7).log,139,"LR=0.001, z=64, batch size=32"
lr=0.001_z=64_bs=32_seed=242,lr=0.001_z=64_bs=32_seed=242,0.001,0.001,64,32,242,lr=0.001_z=64_bs=32,"LR=0.001, z=64, batch size=32",104,101.93,2026-06-15 23:46:19.120,.,training (7).log,140,"LR=0.001, z=64, batch size=32"
lr=0.001_z=64_bs=32_seed=242,lr=0.001_z=64_bs=32_seed=242,0.001,0.001,64,32,242,lr=0.001_z=64_bs=32,"LR=0.001, z=64, batch size=32",105,109.15,2026-06-15 23:47:08.126,.,training (7).log,141,"LR=0.001, z=64, batch size=32"
lr=0.001_z=64_bs=32_seed=242,lr=0.001_z=64_bs=32_seed=242,0.001,0.001,64,32,242,lr=0.001_z=64_bs=32,"LR=0.001, z=64, batch size=32",106,98.78,2026-06-15 23:47:27.278,.,training (7).log,143,"LR=0.001, z=64, batch size=32"
lr=0.001_z=64_bs=32_seed=242,lr=0.001_z=64_bs=32_seed=242,0.001,0.001,64,32,242,lr=0.001_z=64_bs=32,"LR=0.001, z=64, batch size=32",107,104.74,2026-06-15 23:48:15.921,.,training (7).log,144,"LR=0.001, z=64, batch size=32"
lr=0.001_z=64_bs=32_seed=242,lr=0.001_z=64_bs=32_seed=242,0.001,0.001,64,32,242,lr=0.001_z=64_bs=32,"LR=0.001, z=64, batch size=32",108,112.93,2026-06-15 23:48:34.735,.,training (7).log,145,"LR=0.001, z=64, batch size=32"
lr=0.001_z=64_bs=32_seed=242,lr=0.001_z=64_bs=32_seed=242,0.001,0.001,64,32,242,lr=0.001_z=64_bs=32,"LR=0.001, z=64, batch size=32",109,100.58,2026-06-15 23:49:23.385,.,training (7).log,146,"LR=0.001, z=64, batch size=32"
lr=0.001_z=64_bs=32_seed=242,lr=0.001_z=64_bs=32_seed=242,0.001,0.001,64,32,242,lr=0.001_z=64_bs=32,"LR=0.001, z=64, batch size=32",110,108.51,2026-06-15 23:49:41.965,.,training (7).log,147,"LR=0.001, z=64, batch size=32"
lr=0.001_z=64_bs=32_seed=242,lr=0.001_z=64_bs=32_seed=242,0.001,0.001,64,32,242,lr=0.001_z=64_bs=32,"LR=0.001, z=64, batch size=32",111,106.23,2026-06-15 23:50:30.784,.,training (7).log,148,"LR=0.001, z=64, batch size=32"
lr=0.001_z=64_bs=32_seed=242,lr=0.001_z=64_bs=32_seed=242,0.001,0.001,64,32,242,lr=0.001_z=64_bs=32,"LR=0.001, z=64, batch size=32",112,98.71,2026-06-15 23:50:49.919,.,training (7).log,150,"LR=0.001, z=64, batch size=32"
lr=0.001_z=64_bs=32_seed=242,lr=0.001_z=64_bs=32_seed=242,0.001,0.001,64,32,242,lr=0.001_z=64_bs=32,"LR=0.001, z=64, batch size=32",113,106.36,2026-06-15 23:51:38.692,.,training (7).log,151,"LR=0.001, z=64, batch size=32"
lr=0.001_z=64_bs=32_seed=242,lr=0.001_z=64_bs=32_seed=242,0.001,0.001,64,32,242,lr=0.001_z=64_bs=32,"LR=0.001, z=64, batch size=32",114,109.3,2026-06-15 23:51:57.820,.,training (7).log,152,"LR=0.001, z=64, batch size=32"
lr=0.001_z=64_bs=32_seed=242,lr=0.001_z=64_bs=32_seed=242,0.001,0.001,64,32,242,lr=0.001_z=64_bs=32,"LR=0.001, z=64, batch size=32",115,107.05,2026-06-15 23:52:46.682,.,training (7).log,153,"LR=0.001, z=64, batch size=32"
lr=0.001_z=64_bs=32_seed=242,lr=0.001_z=64_bs=32_seed=242,0.001,0.001,64,32,242,lr=0.001_z=64_bs=32,"LR=0.001, z=64, batch size=32",116,101.37,2026-06-15 23:53:05.605,.,training (7).log,154,"LR=0.001, z=64, batch size=32"
lr=0.001_z=64_bs=32_seed=242,lr=0.001_z=64_bs=32_seed=242,0.001,0.001,64,32,242,lr=0.001_z=64_bs=32,"LR=0.001, z=64, batch size=32",117,97.99,2026-06-15 23:53:54.616,.,training (7).log,156,"LR=0.001, z=64, batch size=32"
lr=0.001_z=64_bs=32_seed=242,lr=0.001_z=64_bs=32_seed=242,0.001,0.001,64,32,242,lr=0.001_z=64_bs=32,"LR=0.001, z=64, batch size=32",118,100.05,2026-06-15 23:54:14.232,.,training (7).log,157,"LR=0.001, z=64, batch size=32"
lr=0.001_z=64_bs=32_seed=242,lr=0.001_z=64_bs=32_seed=242,0.001,0.001,64,32,242,lr=0.001_z=64_bs=32,"LR=0.001, z=64, batch size=32",119,95.92,2026-06-15 23:55:03.200,.,training (7).log,159,"LR=0.001, z=64, batch size=32"
lr=0.001_z=64_bs=32_seed=242,lr=0.001_z=64_bs=32_seed=242,0.001,0.001,64,32,242,lr=0.001_z=64_bs=32,"LR=0.001, z=64, batch size=32",120,102.26,2026-06-15 23:55:22.662,.,training (7).log,160,"LR=0.001, z=64, batch size=32"
lr=0.001_z=64_bs=32_seed=242,lr=0.001_z=64_bs=32_seed=242,0.001,0.001,64,32,242,lr=0.001_z=64_bs=32,"LR=0.001, z=64, batch size=32",121,102.28,2026-06-15 23:56:11.567,.,training (7).log,161,"LR=0.001, z=64, batch size=32"
lr=0.001_z=64_bs=32_seed=242,lr=0.001_z=64_bs=32_seed=242,0.001,0.001,64,32,242,lr=0.001_z=64_bs=32,"LR=0.001, z=64, batch size=32",122,100.88,2026-06-15 23:56:30.838,.,training (7).log,162,"LR=0.001, z=64, batch size=32"
lr=0.001_z=64_bs=32_seed=242,lr=0.001_z=64_bs=32_seed=242,0.001,0.001,64,32,242,lr=0.001_z=64_bs=32,"LR=0.001, z=64, batch size=32",123,96.11,2026-06-15 23:57:19.489,.,training (7).log,163,"LR=0.001, z=64, batch size=32"
lr=0.001_z=64_bs=32_seed=242,lr=0.001_z=64_bs=32_seed=242,0.001,0.001,64,32,242,lr=0.001_z=64_bs=32,"LR=0.001, z=64, batch size=32",124,94.23,2026-06-15 23:57:38.914,.,training (7).log,165,"LR=0.001, z=64, batch size=32"
lr=0.001_z=64_bs=32_seed=242,lr=0.001_z=64_bs=32_seed=242,0.001,0.001,64,32,242,lr=0.001_z=64_bs=32,"LR=0.001, z=64, batch size=32",125,98.81,2026-06-15 23:58:27.893,.,training (7).log,166,"LR=0.001, z=64, batch size=32"
lr=0.001_z=64_bs=32_seed=242,lr=0.001_z=64_bs=32_seed=242,0.001,0.001,64,32,242,lr=0.001_z=64_bs=32,"LR=0.001, z=64, batch size=32",126,103.73,2026-06-15 23:58:46.775,.,training (7).log,167,"LR=0.001, z=64, batch size=32"
lr=0.001_z=64_bs=32_seed=242,lr=0.001_z=64_bs=32_seed=242,0.001,0.001,64,32,242,lr=0.001_z=64_bs=32,"LR=0.001, z=64, batch size=32",127,91.75,2026-06-15 23:59:35.733,.,training (7).log,169,"LR=0.001, z=64, batch size=32"
lr=0.001_z=64_bs=32_seed=242,lr=0.001_z=64_bs=32_seed=242,0.001,0.001,64,32,242,lr=0.001_z=64_bs=32,"LR=0.001, z=64, batch size=32",128,97.46,2026-06-15 23:59:55.197,.,training (7).log,170,"LR=0.001, z=64, batch size=32"
lr=0.001_z=64_bs=32_seed=242,lr=0.001_z=64_bs=32_seed=242,0.001,0.001,64,32,242,lr=0.001_z=64_bs=32,"LR=0.001, z=64, batch size=32",129,98.44,2026-06-16 00:00:43.877,.,training (7).log,171,"LR=0.001, z=64, batch size=32"
lr=0.001_z=64_bs=32_seed=242,lr=0.001_z=64_bs=32_seed=242,0.001,0.001,64,32,242,lr=0.001_z=64_bs=32,"LR=0.001, z=64, batch size=32",130,103.0,2026-06-16 00:01:03.272,.,training (7).log,172,"LR=0.001, z=64, batch size=32"
lr=0.001_z=64_bs=32_seed=242,lr=0.001_z=64_bs=32_seed=242,0.001,0.001,64,32,242,lr=0.001_z=64_bs=32,"LR=0.001, z=64, batch size=32",131,101.82,2026-06-16 00:01:52.137,.,training (7).log,173,"LR=0.001, z=64, batch size=32"
lr=0.001_z=64_bs=32_seed=242,lr=0.001_z=64_bs=32_seed=242,0.001,0.001,64,32,242,lr=0.001_z=64_bs=32,"LR=0.001, z=64, batch size=32",132,110.25,2026-06-16 00:02:11.271,.,training (7).log,174,"LR=0.001, z=64, batch size=32"
lr=0.001_z=64_bs=32_seed=242,lr=0.001_z=64_bs=32_seed=242,0.001,0.001,64,32,242,lr=0.001_z=64_bs=32,"LR=0.001, z=64, batch size=32",133,98.69,2026-06-16 00:03:00.166,.,training (7).log,175,"LR=0.001, z=64, batch size=32"
lr=0.001_z=64_bs=32_seed=242,lr=0.001_z=64_bs=32_seed=242,0.001,0.001,64,32,242,lr=0.001_z=64_bs=32,"LR=0.001, z=64, batch size=32",134,102.7,2026-06-16 00:03:19.486,.,training (7).log,176,"LR=0.001, z=64, batch size=32"
lr=0.001_z=64_bs=32_seed=242,lr=0.001_z=64_bs=32_seed=242,0.001,0.001,64,32,242,lr=0.001_z=64_bs=32,"LR=0.001, z=64, batch size=32",135,97.37,2026-06-16 00:04:08.218,.,training (7).log,177,"LR=0.001, z=64, batch size=32"
lr=0.001_z=64_bs=32_seed=242,lr=0.001_z=64_bs=32_seed=242,0.001,0.001,64,32,242,lr=0.001_z=64_bs=32,"LR=0.001, z=64, batch size=32",136,97.95,2026-06-16 00:04:27.579,.,training (7).log,178,"LR=0.001, z=64, batch size=32"
lr=0.001_z=64_bs=32_seed=242,lr=0.001_z=64_bs=32_seed=242,0.001,0.001,64,32,242,lr=0.001_z=64_bs=32,"LR=0.001, z=64, batch size=32",137,93.25,2026-06-16 00:05:16.250,.,training (7).log,179,"LR=0.001, z=64, batch size=32"
lr=0.001_z=64_bs=32_seed=242,lr=0.001_z=64_bs=32_seed=242,0.001,0.001,64,32,242,lr=0.001_z=64_bs=32,"LR=0.001, z=64, batch size=32",138,97.36,2026-06-16 00:05:35.368,.,training (7).log,180,"LR=0.001, z=64, batch size=32"
lr=0.001_z=64_bs=32_seed=242,lr=0.001_z=64_bs=32_seed=242,0.001,0.001,64,32,242,lr=0.001_z=64_bs=32,"LR=0.001, z=64, batch size=32",139,95.9,2026-06-16 00:06:24.032,.,training (7).log,181,"LR=0.001, z=64, batch size=32"
lr=0.001_z=64_bs=32_seed=242,lr=0.001_z=64_bs=32_seed=242,0.001,0.001,64,32,242,lr=0.001_z=64_bs=32,"LR=0.001, z=64, batch size=32",140,96.78,2026-06-16 00:06:43.334,.,training (7).log,182,"LR=0.001, z=64, batch size=32"
lr=0.001_z=64_bs=32_seed=242,lr=0.001_z=64_bs=32_seed=242,0.001,0.001,64,32,242,lr=0.001_z=64_bs=32,"LR=0.001, z=64, batch size=32",141,102.15,2026-06-16 00:07:32.464,.,training (7).log,183,"LR=0.001, z=64, batch size=32"
lr=0.001_z=64_bs=32_seed=242,lr=0.001_z=64_bs=32_seed=242,0.001,0.001,64,32,242,lr=0.001_z=64_bs=32,"LR=0.001, z=64, batch size=32",142,96.25,2026-06-16 00:07:51.663,.,training (7).log,184,"LR=0.001, z=64, batch size=32"
lr=0.001_z=64_bs=32_seed=242,lr=0.001_z=64_bs=32_seed=242,0.001,0.001,64,32,242,lr=0.001_z=64_bs=32,"LR=0.001, z=64, batch size=32",143,98.21,2026-06-16 00:08:40.701,.,training (7).log,185,"LR=0.001, z=64, batch size=32"
lr=0.001_z=64_bs=32_seed=242,lr=0.001_z=64_bs=32_seed=242,0.001,0.001,64,32,242,lr=0.001_z=64_bs=32,"LR=0.001, z=64, batch size=32",144,103.23,2026-06-16 00:08:59.642,.,training (7).log,186,"LR=0.001, z=64, batch size=32"
lr=0.001_z=64_bs=32_seed=242,lr=0.001_z=64_bs=32_seed=242,0.001,0.001,64,32,242,lr=0.001_z=64_bs=32,"LR=0.001, z=64, batch size=32",145,97.32,2026-06-16 00:09:48.923,.,training (7).log,187,"LR=0.001, z=64, batch size=32"
lr=0.001_z=64_bs=32_seed=242,lr=0.001_z=64_bs=32_seed=242,0.001,0.001,64,32,242,lr=0.001_z=64_bs=32,"LR=0.001, z=64, batch size=32",146,93.85,2026-06-16 00:10:07.942,.,training (7).log,188,"LR=0.001, z=64, batch size=32"
lr=0.001_z=64_bs=32_seed=242,lr=0.001_z=64_bs=32_seed=242,0.001,0.001,64,32,242,lr=0.001_z=64_bs=32,"LR=0.001, z=64, batch size=32",147,100.26,2026-06-16 00:10:57.111,.,training (7).log,189,"LR=0.001, z=64, batch size=32"
lr=0.001_z=64_bs=32_seed=242,lr=0.001_z=64_bs=32_seed=242,0.001,0.001,64,32,242,lr=0.001_z=64_bs=32,"LR=0.001, z=64, batch size=32",148,104.08,2026-06-16 00:11:16.234,.,training (7).log,190,"LR=0.001, z=64, batch size=32"
lr=0.001_z=64_bs=32_seed=242,lr=0.001_z=64_bs=32_seed=242,0.001,0.001,64,32,242,lr=0.001_z=64_bs=32,"LR=0.001, z=64, batch size=32",149,99.86,2026-06-16 00:12:05.202,.,training (7).log,191,"LR=0.001, z=64, batch size=32"
lr=0.001_z=64_bs=32_seed=242,lr=0.001_z=64_bs=32_seed=242,0.001,0.001,64,32,242,lr=0.001_z=64_bs=32,"LR=0.001, z=64, batch size=32",150,96.16,2026-06-16 00:12:24.184,.,training (7).log,192,"LR=0.001, z=64, batch size=32"
lr=0.001_z=64_bs=32_seed=242,lr=0.001_z=64_bs=32_seed=242,0.001,0.001,64,32,242,lr=0.001_z=64_bs=32,"LR=0.001, z=64, batch size=32",151,89.96,2026-06-16 00:13:13.380,.,training (7).log,194,"LR=0.001, z=64, batch size=32"
lr=0.001_z=64_bs=32_seed=242,lr=0.001_z=64_bs=32_seed=242,0.001,0.001,64,32,242,lr=0.001_z=64_bs=32,"LR=0.001, z=64, batch size=32",152,99.43,2026-06-16 00:13:33.338,.,training (7).log,195,"LR=0.001, z=64, batch size=32"
lr=0.001_z=64_bs=32_seed=242,lr=0.001_z=64_bs=32_seed=242,0.001,0.001,64,32,242,lr=0.001_z=64_bs=32,"LR=0.001, z=64, batch size=32",153,102.64,2026-06-16 00:14:22.248,.,training (7).log,196,"LR=0.001, z=64, batch size=32"
lr=0.001_z=64_bs=32_seed=242,lr=0.001_z=64_bs=32_seed=242,0.001,0.001,64,32,242,lr=0.001_z=64_bs=32,"LR=0.001, z=64, batch size=32",154,106.74,2026-06-16 00:14:41.497,.,training (7).log,197,"LR=0.001, z=64, batch size=32"
lr=0.001_z=64_bs=32_seed=242,lr=0.001_z=64_bs=32_seed=242,0.001,0.001,64,32,242,lr=0.001_z=64_bs=32,"LR=0.001, z=64, batch size=32",155,100.15,2026-06-16 00:15:30.507,.,training (7).log,198,"LR=0.001, z=64, batch size=32"
lr=0.001_z=64_bs=32_seed=242,lr=0.001_z=64_bs=32_seed=242,0.001,0.001,64,32,242,lr=0.001_z=64_bs=32,"LR=0.001, z=64, batch size=32",156,93.87,2026-06-16 00:15:49.605,.,training (7).log,199,"LR=0.001, z=64, batch size=32"
lr=0.001_z=64_bs=32_seed=242,lr=0.001_z=64_bs=32_seed=242,0.001,0.001,64,32,242,lr=0.001_z=64_bs=32,"LR=0.001, z=64, batch size=32",157,99.51,2026-06-16 00:16:38.491,.,training (7).log,200,"LR=0.001, z=64, batch size=32"
lr=0.001_z=64_bs=32_seed=242,lr=0.001_z=64_bs=32_seed=242,0.001,0.001,64,32,242,lr=0.001_z=64_bs=32,"LR=0.001, z=64, batch size=32",158,96.99,2026-06-16 00:16:57.754,.,training (7).log,201,"LR=0.001, z=64, batch size=32"
lr=0.001_z=64_bs=32_seed=242,lr=0.001_z=64_bs=32_seed=242,0.001,0.001,64,32,242,lr=0.001_z=64_bs=32,"LR=0.001, z=64, batch size=32",159,102.42,2026-06-16 00:17:46.574,.,training (7).log,202,"LR=0.001, z=64, batch size=32"
lr=0.001_z=64_bs=32_seed=242,lr=0.001_z=64_bs=32_seed=242,0.001,0.001,64,32,242,lr=0.001_z=64_bs=32,"LR=0.001, z=64, batch size=32",160,90.38,2026-06-16 00:18:05.890,.,training (7).log,203,"LR=0.001, z=64, batch size=32"
lr=0.001_z=64_bs=32_seed=242,lr=0.001_z=64_bs=32_seed=242,0.001,0.001,64,32,242,lr=0.001_z=64_bs=32,"LR=0.001, z=64, batch size=32",161,94.46,2026-06-16 00:18:54.784,.,training (7).log,204,"LR=0.001, z=64, batch size=32"
lr=0.001_z=64_bs=32_seed=242,lr=0.001_z=64_bs=32_seed=242,0.001,0.001,64,32,242,lr=0.001_z=64_bs=32,"LR=0.001, z=64, batch size=32",162,85.23,2026-06-16 00:19:14.139,.,training (7).log,206,"LR=0.001, z=64, batch size=32"
lr=0.001_z=64_bs=32_seed=242,lr=0.001_z=64_bs=32_seed=242,0.001,0.001,64,32,242,lr=0.001_z=64_bs=32,"LR=0.001, z=64, batch size=32",163,95.13,2026-06-16 00:20:03.797,.,training (7).log,207,"LR=0.001, z=64, batch size=32"
lr=0.001_z=64_bs=32_seed=242,lr=0.001_z=64_bs=32_seed=242,0.001,0.001,64,32,242,lr=0.001_z=64_bs=32,"LR=0.001, z=64, batch size=32",164,92.3,2026-06-16 00:20:23.103,.,training (7).log,208,"LR=0.001, z=64, batch size=32"
lr=0.001_z=64_bs=32_seed=242,lr=0.001_z=64_bs=32_seed=242,0.001,0.001,64,32,242,lr=0.001_z=64_bs=32,"LR=0.001, z=64, batch size=32",165,100.28,2026-06-16 00:21:12.507,.,training (7).log,209,"LR=0.001, z=64, batch size=32"
lr=0.001_z=64_bs=32_seed=242,lr=0.001_z=64_bs=32_seed=242,0.001,0.001,64,32,242,lr=0.001_z=64_bs=32,"LR=0.001, z=64, batch size=32",166,98.46,2026-06-16 00:21:31.423,.,training (7).log,210,"LR=0.001, z=64, batch size=32"
lr=0.001_z=64_bs=32_seed=242,lr=0.001_z=64_bs=32_seed=242,0.001,0.001,64,32,242,lr=0.001_z=64_bs=32,"LR=0.001, z=64, batch size=32",167,95.04,2026-06-16 00:22:20.274,.,training (7).log,211,"LR=0.001, z=64, batch size=32"
lr=0.001_z=64_bs=32_seed=242,lr=0.001_z=64_bs=32_seed=242,0.001,0.001,64,32,242,lr=0.001_z=64_bs=32,"LR=0.001, z=64, batch size=32",168,98.95,2026-06-16 00:22:39.271,.,training (7).log,212,"LR=0.001, z=64, batch size=32"
lr=0.001_z=64_bs=32_seed=242,lr=0.001_z=64_bs=32_seed=242,0.001,0.001,64,32,242,lr=0.001_z=64_bs=32,"LR=0.001, z=64, batch size=32",169,88.09,2026-06-16 00:23:28.394,.,training (7).log,213,"LR=0.001, z=64, batch size=32"
lr=0.001_z=64_bs=32_seed=242,lr=0.001_z=64_bs=32_seed=242,0.001,0.001,64,32,242,lr=0.001_z=64_bs=32,"LR=0.001, z=64, batch size=32",170,91.45,2026-06-16 00:23:47.580,.,training (7).log,214,"LR=0.001, z=64, batch size=32"
lr=0.001_z=64_bs=32_seed=242,lr=0.001_z=64_bs=32_seed=242,0.001,0.001,64,32,242,lr=0.001_z=64_bs=32,"LR=0.001, z=64, batch size=32",171,88.49,2026-06-16 00:24:36.455,.,training (7).log,215,"LR=0.001, z=64, batch size=32"
lr=0.001_z=64_bs=32_seed=242,lr=0.001_z=64_bs=32_seed=242,0.001,0.001,64,32,242,lr=0.001_z=64_bs=32,"LR=0.001, z=64, batch size=32",172,94.81,2026-06-16 00:24:55.727,.,training (7).log,216,"LR=0.001, z=64, batch size=32"
lr=0.001_z=64_bs=32_seed=242,lr=0.001_z=64_bs=32_seed=242,0.001,0.001,64,32,242,lr=0.001_z=64_bs=32,"LR=0.001, z=64, batch size=32",173,101.8,2026-06-16 00:25:45.056,.,training (7).log,217,"LR=0.001, z=64, batch size=32"
lr=0.001_z=64_bs=32_seed=242,lr=0.001_z=64_bs=32_seed=242,0.001,0.001,64,32,242,lr=0.001_z=64_bs=32,"LR=0.001, z=64, batch size=32",174,94.76,2026-06-16 00:26:04.293,.,training (7).log,218,"LR=0.001, z=64, batch size=32"
lr=0.001_z=64_bs=32_seed=242,lr=0.001_z=64_bs=32_seed=242,0.001,0.001,64,32,242,lr=0.001_z=64_bs=32,"LR=0.001, z=64, batch size=32",175,96.87,2026-06-16 00:26:53.210,.,training (7).log,219,"LR=0.001, z=64, batch size=32"
lr=0.001_z=64_bs=32_seed=242,lr=0.001_z=64_bs=32_seed=242,0.001,0.001,64,32,242,lr=0.001_z=64_bs=32,"LR=0.001, z=64, batch size=32",176,92.71,2026-06-16 00:27:12.400,.,training (7).log,220,"LR=0.001, z=64, batch size=32"
lr=0.001_z=64_bs=32_seed=242,lr=0.001_z=64_bs=32_seed=242,0.001,0.001,64,32,242,lr=0.001_z=64_bs=32,"LR=0.001, z=64, batch size=32",177,97.22,2026-06-16 00:28:01.340,.,training (7).log,221,"LR=0.001, z=64, batch size=32"
lr=0.001_z=64_bs=32_seed=242,lr=0.001_z=64_bs=32_seed=242,0.001,0.001,64,32,242,lr=0.001_z=64_bs=32,"LR=0.001, z=64, batch size=32",178,93.32,2026-06-16 00:28:20.356,.,training (7).log,222,"LR=0.001, z=64, batch size=32"
lr=0.001_z=64_bs=32_seed=242,lr=0.001_z=64_bs=32_seed=242,0.001,0.001,64,32,242,lr=0.001_z=64_bs=32,"LR=0.001, z=64, batch size=32",179,95.82,2026-06-16 00:29:09.252,.,training (7).log,223,"LR=0.001, z=64, batch size=32"
lr=0.001_z=64_bs=32_seed=242,lr=0.001_z=64_bs=32_seed=242,0.001,0.001,64,32,242,lr=0.001_z=64_bs=32,"LR=0.001, z=64, batch size=32",180,109.69,2026-06-16 00:29:28.747,.,training (7).log,224,"LR=0.001, z=64, batch size=32"
lr=0.001_z=64_bs=32_seed=242,lr=0.001_z=64_bs=32_seed=242,0.001,0.001,64,32,242,lr=0.001_z=64_bs=32,"LR=0.001, z=64, batch size=32",181,94.33,2026-06-16 00:30:17.911,.,training (7).log,225,"LR=0.001, z=64, batch size=32"
lr=0.001_z=64_bs=32_seed=242,lr=0.001_z=64_bs=32_seed=242,0.001,0.001,64,32,242,lr=0.001_z=64_bs=32,"LR=0.001, z=64, batch size=32",182,98.85,2026-06-16 00:30:37.051,.,training (7).log,226,"LR=0.001, z=64, batch size=32"
lr=0.001_z=64_bs=32_seed=242,lr=0.001_z=64_bs=32_seed=242,0.001,0.001,64,32,242,lr=0.001_z=64_bs=32,"LR=0.001, z=64, batch size=32",183,105.1,2026-06-16 00:31:26.028,.,training (7).log,227,"LR=0.001, z=64, batch size=32"
lr=0.001_z=64_bs=32_seed=242,lr=0.001_z=64_bs=32_seed=242,0.001,0.001,64,32,242,lr=0.001_z=64_bs=32,"LR=0.001, z=64, batch size=32",184,94.39,2026-06-16 00:31:45.284,.,training (7).log,228,"LR=0.001, z=64, batch size=32"
lr=0.001_z=64_bs=32_seed=242,lr=0.001_z=64_bs=32_seed=242,0.001,0.001,64,32,242,lr=0.001_z=64_bs=32,"LR=0.001, z=64, batch size=32",185,92.23,2026-06-16 00:32:34.601,.,training (7).log,229,"LR=0.001, z=64, batch size=32"
lr=0.001_z=64_bs=32_seed=242,lr=0.001_z=64_bs=32_seed=242,0.001,0.001,64,32,242,lr=0.001_z=64_bs=32,"LR=0.001, z=64, batch size=32",186,93.0,2026-06-16 00:32:53.810,.,training (7).log,230,"LR=0.001, z=64, batch size=32"
lr=0.001_z=64_bs=32_seed=242,lr=0.001_z=64_bs=32_seed=242,0.001,0.001,64,32,242,lr=0.001_z=64_bs=32,"LR=0.001, z=64, batch size=32",187,89.53,2026-06-16 00:33:42.688,.,training (7).log,231,"LR=0.001, z=64, batch size=32"
lr=0.001_z=64_bs=32_seed=242,lr=0.001_z=64_bs=32_seed=242,0.001,0.001,64,32,242,lr=0.001_z=64_bs=32,"LR=0.001, z=64, batch size=32",188,93.86,2026-06-16 00:34:02.039,.,training (7).log,232,"LR=0.001, z=64, batch size=32"
lr=0.001_z=64_bs=32_seed=242,lr=0.001_z=64_bs=32_seed=242,0.001,0.001,64,32,242,lr=0.001_z=64_bs=32,"LR=0.001, z=64, batch size=32",189,95.37,2026-06-16 00:34:51.089,.,training (7).log,233,"LR=0.001, z=64, batch size=32"
lr=0.001_z=64_bs=32_seed=242,lr=0.001_z=64_bs=32_seed=242,0.001,0.001,64,32,242,lr=0.001_z=64_bs=32,"LR=0.001, z=64, batch size=32",190,91.76,2026-06-16 00:35:10.507,.,training (7).log,234,"LR=0.001, z=64, batch size=32"
lr=0.001_z=64_bs=32_seed=242,lr=0.001_z=64_bs=32_seed=242,0.001,0.001,64,32,242,lr=0.001_z=64_bs=32,"LR=0.001, z=64, batch size=32",191,97.54,2026-06-16 00:35:59.766,.,training (7).log,235,"LR=0.001, z=64, batch size=32"
lr=0.001_z=64_bs=32_seed=242,lr=0.001_z=64_bs=32_seed=242,0.001,0.001,64,32,242,lr=0.001_z=64_bs=32,"LR=0.001, z=64, batch size=32",192,96.25,2026-06-16 00:36:18.927,.,training (7).log,236,"LR=0.001, z=64, batch size=32"
lr=0.001_z=64_bs=32_seed=242,lr=0.001_z=64_bs=32_seed=242,0.001,0.001,64,32,242,lr=0.001_z=64_bs=32,"LR=0.001, z=64, batch size=32",193,88.63,2026-06-16 00:37:07.872,.,training (7).log,237,"LR=0.001, z=64, batch size=32"
lr=0.001_z=64_bs=32_seed=242,lr=0.001_z=64_bs=32_seed=242,0.001,0.001,64,32,242,lr=0.001_z=64_bs=32,"LR=0.001, z=64, batch size=32",194,99.52,2026-06-16 00:37:27.341,.,training (7).log,238,"LR=0.001, z=64, batch size=32"
lr=0.001_z=64_bs=32_seed=242,lr=0.001_z=64_bs=32_seed=242,0.001,0.001,64,32,242,lr=0.001_z=64_bs=32,"LR=0.001, z=64, batch size=32",195,93.01,2026-06-16 00:38:16.552,.,training (7).log,239,"LR=0.001, z=64, batch size=32"
lr=0.001_z=64_bs=32_seed=242,lr=0.001_z=64_bs=32_seed=242,0.001,0.001,64,32,242,lr=0.001_z=64_bs=32,"LR=0.001, z=64, batch size=32",196,97.88,2026-06-16 00:38:35.862,.,training (7).log,240,"LR=0.001, z=64, batch size=32"
lr=0.001_z=64_bs=32_seed=242,lr=0.001_z=64_bs=32_seed=242,0.001,0.001,64,32,242,lr=0.001_z=64_bs=32,"LR=0.001, z=64, batch size=32",197,91.01,2026-06-16 00:39:25.107,.,training (7).log,241,"LR=0.001, z=64, batch size=32"
lr=0.001_z=64_bs=32_seed=242,lr=0.001_z=64_bs=32_seed=242,0.001,0.001,64,32,242,lr=0.001_z=64_bs=32,"LR=0.001, z=64, batch size=32",198,101.82,2026-06-16 00:39:44.451,.,training (7).log,242,"LR=0.001, z=64, batch size=32"
lr=0.001_z=64_bs=32_seed=242,lr=0.001_z=64_bs=32_seed=242,0.001,0.001,64,32,242,lr=0.001_z=64_bs=32,"LR=0.001, z=64, batch size=32",199,90.18,2026-06-16 00:40:33.577,.,training (7).log,243,"LR=0.001, z=64, batch size=32"
lr=0.001_z=64_bs=32_seed=242,lr=0.001_z=64_bs=32_seed=242,0.001,0.001,64,32,242,lr=0.001_z=64_bs=32,"LR=0.001, z=64, batch size=32",200,91.38,2026-06-16 00:40:52.831,.,training (7).log,244,"LR=0.001, z=64, batch size=32"
lr=0.001_z=64_bs=32_seed=242,lr=0.001_z=64_bs=32_seed=242,0.001,0.001,64,32,242,lr=0.001_z=64_bs=32,"LR=0.001, z=64, batch size=32",201,107.54,2026-06-16 00:41:42.155,.,training (7).log,245,"LR=0.001, z=64, batch size=32"
lr=0.001_z=64_bs=32_seed=242,lr=0.001_z=64_bs=32_seed=242,0.001,0.001,64,32,242,lr=0.001_z=64_bs=32,"LR=0.001, z=64, batch size=32",202,92.05,2026-06-16 00:42:00.997,.,training (7).log,246,"LR=0.001, z=64, batch size=32"
lr=0.001_z=64_bs=32_seed=242,lr=0.001_z=64_bs=32_seed=242,0.001,0.001,64,32,242,lr=0.001_z=64_bs=32,"LR=0.001, z=64, batch size=32",203,104.62,2026-06-16 00:42:49.827,.,training (7).log,247,"LR=0.001, z=64, batch size=32"
lr=0.001_z=64_bs=32_seed=242,lr=0.001_z=64_bs=32_seed=242,0.001,0.001,64,32,242,lr=0.001_z=64_bs=32,"LR=0.001, z=64, batch size=32",204,101.17,2026-06-16 00:43:08.828,.,training (7).log,248,"LR=0.001, z=64, batch size=32"
lr=0.001_z=64_bs=32_seed=242,lr=0.001_z=64_bs=32_seed=242,0.001,0.001,64,32,242,lr=0.001_z=64_bs=32,"LR=0.001, z=64, batch size=32",205,100.4,2026-06-16 00:43:57.465,.,training (7).log,249,"LR=0.001, z=64, batch size=32"
lr=0.001_z=64_bs=32_seed=242,lr=0.001_z=64_bs=32_seed=242,0.001,0.001,64,32,242,lr=0.001_z=64_bs=32,"LR=0.001, z=64, batch size=32",206,91.96,2026-06-16 00:44:16.376,.,training (7).log,250,"LR=0.001, z=64, batch size=32"
lr=0.001_z=64_bs=32_seed=242,lr=0.001_z=64_bs=32_seed=242,0.001,0.001,64,32,242,lr=0.001_z=64_bs=32,"LR=0.001, z=64, batch size=32",207,98.14,2026-06-16 00:45:05.585,.,training (7).log,251,"LR=0.001, z=64, batch size=32"
lr=0.001_z=64_bs=32_seed=242,lr=0.001_z=64_bs=32_seed=242,0.001,0.001,64,32,242,lr=0.001_z=64_bs=32,"LR=0.001, z=64, batch size=32",208,91.92,2026-06-16 00:45:24.356,.,training (7).log,252,"LR=0.001, z=64, batch size=32"
lr=0.001_z=64_bs=32_seed=242,lr=0.001_z=64_bs=32_seed=242,0.001,0.001,64,32,242,lr=0.001_z=64_bs=32,"LR=0.001, z=64, batch size=32",209,101.16,2026-06-16 00:46:13.487,.,training (7).log,253,"LR=0.001, z=64, batch size=32"
lr=0.001_z=64_bs=32_seed=242,lr=0.001_z=64_bs=32_seed=242,0.001,0.001,64,32,242,lr=0.001_z=64_bs=32,"LR=0.001, z=64, batch size=32",210,92.62,2026-06-16 00:46:32.278,.,training (7).log,254,"LR=0.001, z=64, batch size=32"
lr=0.001_z=64_bs=32_seed=242,lr=0.001_z=64_bs=32_seed=242,0.001,0.001,64,32,242,lr=0.001_z=64_bs=32,"LR=0.001, z=64, batch size=32",211,94.12,2026-06-16 00:47:20.728,.,training (7).log,255,"LR=0.001, z=64, batch size=32"
lr=0.001_z=64_bs=32_seed=242,lr=0.001_z=64_bs=32_seed=242,0.001,0.001,64,32,242,lr=0.001_z=64_bs=32,"LR=0.001, z=64, batch size=32",212,87.29,2026-06-16 00:47:39.608,.,training (7).log,256,"LR=0.001, z=64, batch size=32"
lr=0.001_z=64_bs=32_seed=242,lr=0.001_z=64_bs=32_seed=242,0.001,0.001,64,32,242,lr=0.001_z=64_bs=32,"LR=0.001, z=64, batch size=32",213,115.35,2026-06-16 00:48:28.597,.,training (7).log,257,"LR=0.001, z=64, batch size=32"
lr=0.001_z=64_bs=32_seed=242,lr=0.001_z=64_bs=32_seed=242,0.001,0.001,64,32,242,lr=0.001_z=64_bs=32,"LR=0.001, z=64, batch size=32",214,105.82,2026-06-16 00:48:47.738,.,training (7).log,258,"LR=0.001, z=64, batch size=32"
lr=0.001_z=64_bs=32_seed=242,lr=0.001_z=64_bs=32_seed=242,0.001,0.001,64,32,242,lr=0.001_z=64_bs=32,"LR=0.001, z=64, batch size=32",215,92.62,2026-06-16 00:49:36.479,.,training (7).log,259,"LR=0.001, z=64, batch size=32"
lr=0.001_z=64_bs=32_seed=242,lr=0.001_z=64_bs=32_seed=242,0.001,0.001,64,32,242,lr=0.001_z=64_bs=32,"LR=0.001, z=64, batch size=32",216,91.03,2026-06-16 00:49:55.483,.,training (7).log,260,"LR=0.001, z=64, batch size=32"
lr=0.001_z=64_bs=32_seed=242,lr=0.001_z=64_bs=32_seed=242,0.001,0.001,64,32,242,lr=0.001_z=64_bs=32,"LR=0.001, z=64, batch size=32",217,95.18,2026-06-16 00:50:44.280,.,training (7).log,261,"LR=0.001, z=64, batch size=32"
lr=0.001_z=64_bs=32_seed=242,lr=0.001_z=64_bs=32_seed=242,0.001,0.001,64,32,242,lr=0.001_z=64_bs=32,"LR=0.001, z=64, batch size=32",218,100.97,2026-06-16 00:51:03.743,.,training (7).log,262,"LR=0.001, z=64, batch size=32"
lr=0.001_z=64_bs=32_seed=242,lr=0.001_z=64_bs=32_seed=242,0.001,0.001,64,32,242,lr=0.001_z=64_bs=32,"LR=0.001, z=64, batch size=32",219,97.53,2026-06-16 00:51:52.906,.,training (7).log,263,"LR=0.001, z=64, batch size=32"
lr=0.001_z=64_bs=32_seed=242,lr=0.001_z=64_bs=32_seed=242,0.001,0.001,64,32,242,lr=0.001_z=64_bs=32,"LR=0.001, z=64, batch size=32",220,92.36,2026-06-16 00:52:12.314,.,training (7).log,264,"LR=0.001, z=64, batch size=32"
lr=0.001_z=64_bs=32_seed=242,lr=0.001_z=64_bs=32_seed=242,0.001,0.001,64,32,242,lr=0.001_z=64_bs=32,"LR=0.001, z=64, batch size=32",221,100.13,2026-06-16 05:30:26.682,.,training (7).log,273,"LR=0.001, z=64, batch size=32"
lr=0.001_z=64_bs=32_seed=242,lr=0.001_z=64_bs=32_seed=242,0.001,0.001,64,32,242,lr=0.001_z=64_bs=32,"LR=0.001, z=64, batch size=32",222,96.6,2026-06-16 05:30:46.566,.,training (7).log,275,"LR=0.001, z=64, batch size=32"
lr=0.001_z=64_bs=32_seed=242,lr=0.001_z=64_bs=32_seed=242,0.001,0.001,64,32,242,lr=0.001_z=64_bs=32,"LR=0.001, z=64, batch size=32",223,99.57,2026-06-16 05:31:05.687,.,training (7).log,276,"LR=0.001, z=64, batch size=32"
lr=0.001_z=64_bs=32_seed=242,lr=0.001_z=64_bs=32_seed=242,0.001,0.001,64,32,242,lr=0.001_z=64_bs=32,"LR=0.001, z=64, batch size=32",224,85.68,2026-06-16 05:31:24.834,.,training (7).log,278,"LR=0.001, z=64, batch size=32"
lr=0.001_z=64_bs=32_seed=242,lr=0.001_z=64_bs=32_seed=242,0.001,0.001,64,32,242,lr=0.001_z=64_bs=32,"LR=0.001, z=64, batch size=32",225,93.2,2026-06-16 05:31:44.267,.,training (7).log,279,"LR=0.001, z=64, batch size=32"
lr=0.001_z=64_bs=32_seed=242,lr=0.001_z=64_bs=32_seed=242,0.001,0.001,64,32,242,lr=0.001_z=64_bs=32,"LR=0.001, z=64, batch size=32",226,100.7,2026-06-16 05:32:03.377,.,training (7).log,280,"LR=0.001, z=64, batch size=32"
lr=0.001_z=64_bs=32_seed=242,lr=0.001_z=64_bs=32_seed=242,0.001,0.001,64,32,242,lr=0.001_z=64_bs=32,"LR=0.001, z=64, batch size=32",227,95.52,2026-06-16 05:32:22.333,.,training (7).log,281,"LR=0.001, z=64, batch size=32"
lr=0.001_z=64_bs=32_seed=242,lr=0.001_z=64_bs=32_seed=242,0.001,0.001,64,32,242,lr=0.001_z=64_bs=32,"LR=0.001, z=64, batch size=32",228,91.56,2026-06-16 05:32:41.388,.,training (7).log,282,"LR=0.001, z=64, batch size=32"
lr=0.001_z=64_bs=32_seed=242,lr=0.001_z=64_bs=32_seed=242,0.001,0.001,64,32,242,lr=0.001_z=64_bs=32,"LR=0.001, z=64, batch size=32",229,99.72,2026-06-16 05:33:00.466,.,training (7).log,283,"LR=0.001, z=64, batch size=32"
lr=0.001_z=64_bs=32_seed=242,lr=0.001_z=64_bs=32_seed=242,0.001,0.001,64,32,242,lr=0.001_z=64_bs=32,"LR=0.001, z=64, batch size=32",230,87.75,2026-06-16 05:33:19.538,.,training (7).log,284,"LR=0.001, z=64, batch size=32"
lr=0.001_z=64_bs=32_seed=242,lr=0.001_z=64_bs=32_seed=242,0.001,0.001,64,32,242,lr=0.001_z=64_bs=32,"LR=0.001, z=64, batch size=32",231,97.07,2026-06-16 05:33:38.728,.,training (7).log,285,"LR=0.001, z=64, batch size=32"
lr=0.001_z=64_bs=32_seed=242,lr=0.001_z=64_bs=32_seed=242,0.001,0.001,64,32,242,lr=0.001_z=64_bs=32,"LR=0.001, z=64, batch size=32",232,93.19,2026-06-16 05:33:57.915,.,training (7).log,286,"LR=0.001, z=64, batch size=32"
lr=0.001_z=64_bs=32_seed=242,lr=0.001_z=64_bs=32_seed=242,0.001,0.001,64,32,242,lr=0.001_z=64_bs=32,"LR=0.001, z=64, batch size=32",233,103.3,2026-06-16 05:34:17.135,.,training (7).log,287,"LR=0.001, z=64, batch size=32"
lr=0.001_z=64_bs=32_seed=242,lr=0.001_z=64_bs=32_seed=242,0.001,0.001,64,32,242,lr=0.001_z=64_bs=32,"LR=0.001, z=64, batch size=32",234,92.13,2026-06-16 05:34:36.412,.,training (7).log,288,"LR=0.001, z=64, batch size=32"
lr=0.001_z=64_bs=32_seed=242,lr=0.001_z=64_bs=32_seed=242,0.001,0.001,64,32,242,lr=0.001_z=64_bs=32,"LR=0.001, z=64, batch size=32",235,104.86,2026-06-16 05:34:55.530,.,training (7).log,289,"LR=0.001, z=64, batch size=32"
lr=0.001_z=64_bs=32_seed=242,lr=0.001_z=64_bs=32_seed=242,0.001,0.001,64,32,242,lr=0.001_z=64_bs=32,"LR=0.001, z=64, batch size=32",236,83.36,2026-06-16 05:35:14.732,.,training (7).log,291,"LR=0.001, z=64, batch size=32"
lr=0.001_z=64_bs=32_seed=242,lr=0.001_z=64_bs=32_seed=242,0.001,0.001,64,32,242,lr=0.001_z=64_bs=32,"LR=0.001, z=64, batch size=32",237,94.06,2026-06-16 05:35:34.331,.,training (7).log,292,"LR=0.001, z=64, batch size=32"
lr=0.001_z=64_bs=32_seed=242,lr=0.001_z=64_bs=32_seed=242,0.001,0.001,64,32,242,lr=0.001_z=64_bs=32,"LR=0.001, z=64, batch size=32",238,102.34,2026-06-16 05:35:53.482,.,training (7).log,293,"LR=0.001, z=64, batch size=32"
lr=0.001_z=64_bs=32_seed=242,lr=0.001_z=64_bs=32_seed=242,0.001,0.001,64,32,242,lr=0.001_z=64_bs=32,"LR=0.001, z=64, batch size=32",239,97.08,2026-06-16 05:36:12.489,.,training (7).log,294,"LR=0.001, z=64, batch size=32"
lr=0.001_z=64_bs=32_seed=242,lr=0.001_z=64_bs=32_seed=242,0.001,0.001,64,32,242,lr=0.001_z=64_bs=32,"LR=0.001, z=64, batch size=32",240,101.01,2026-06-16 05:36:31.653,.,training (7).log,295,"LR=0.001, z=64, batch size=32"
lr=0.001_z=64_bs=32_seed=242,lr=0.001_z=64_bs=32_seed=242,0.001,0.001,64,32,242,lr=0.001_z=64_bs=32,"LR=0.001, z=64, batch size=32",241,100.44,2026-06-16 05:36:50.731,.,training (7).log,296,"LR=0.001, z=64, batch size=32"
lr=0.001_z=64_bs=32_seed=242,lr=0.001_z=64_bs=32_seed=242,0.001,0.001,64,32,242,lr=0.001_z=64_bs=32,"LR=0.001, z=64, batch size=32",242,103.1,2026-06-16 05:37:10.004,.,training (7).log,297,"LR=0.001, z=64, batch size=32"
lr=0.001_z=64_bs=32_seed=242,lr=0.001_z=64_bs=32_seed=242,0.001,0.001,64,32,242,lr=0.001_z=64_bs=32,"LR=0.001, z=64, batch size=32",243,87.69,2026-06-16 05:37:29.031,.,training (7).log,298,"LR=0.001, z=64, batch size=32"
lr=0.001_z=64_bs=32_seed=242,lr=0.001_z=64_bs=32_seed=242,0.001,0.001,64,32,242,lr=0.001_z=64_bs=32,"LR=0.001, z=64, batch size=32",244,90.4,2026-06-16 05:37:48.420,.,training (7).log,299,"LR=0.001, z=64, batch size=32"
lr=0.001_z=64_bs=32_seed=242,lr=0.001_z=64_bs=32_seed=242,0.001,0.001,64,32,242,lr=0.001_z=64_bs=32,"LR=0.001, z=64, batch size=32",245,99.38,2026-06-16 05:38:07.678,.,training (7).log,300,"LR=0.001, z=64, batch size=32"
lr=0.001_z=64_bs=32_seed=242,lr=0.001_z=64_bs=32_seed=242,0.001,0.001,64,32,242,lr=0.001_z=64_bs=32,"LR=0.001, z=64, batch size=32",246,99.54,2026-06-16 05:38:26.885,.,training (7).log,301,"LR=0.001, z=64, batch size=32"
lr=0.001_z=64_bs=32_seed=242,lr=0.001_z=64_bs=32_seed=242,0.001,0.001,64,32,242,lr=0.001_z=64_bs=32,"LR=0.001, z=64, batch size=32",247,88.88,2026-06-16 05:38:46.091,.,training (7).log,302,"LR=0.001, z=64, batch size=32"
lr=0.001_z=64_bs=32_seed=242,lr=0.001_z=64_bs=32_seed=242,0.001,0.001,64,32,242,lr=0.001_z=64_bs=32,"LR=0.001, z=64, batch size=32",248,99.08,2026-06-16 05:39:05.549,.,training (7).log,303,"LR=0.001, z=64, batch size=32"
lr=0.001_z=64_bs=32_seed=242,lr=0.001_z=64_bs=32_seed=242,0.001,0.001,64,32,242,lr=0.001_z=64_bs=32,"LR=0.001, z=64, batch size=32",249,90.87,2026-06-16 05:39:24.989,.,training (7).log,304,"LR=0.001, z=64, batch size=32"
lr=0.001_z=64_bs=32_seed=242,lr=0.001_z=64_bs=32_seed=242,0.001,0.001,64,32,242,lr=0.001_z=64_bs=32,"LR=0.001, z=64, batch size=32",250,112.46,2026-06-16 05:39:44.279,.,training (7).log,305,"LR=0.001, z=64, batch size=32"
lr=0.001_z=64_bs=32_seed=242,lr=0.001_z=64_bs=32_seed=242,0.001,0.001,64,32,242,lr=0.001_z=64_bs=32,"LR=0.001, z=64, batch size=32",251,88.16,2026-06-16 05:40:03.442,.,training (7).log,306,"LR=0.001, z=64, batch size=32"
lr=0.001_z=64_bs=32_seed=242,lr=0.001_z=64_bs=32_seed=242,0.001,0.001,64,32,242,lr=0.001_z=64_bs=32,"LR=0.001, z=64, batch size=32",252,94.99,2026-06-16 05:40:22.614,.,training (7).log,307,"LR=0.001, z=64, batch size=32"
lr=0.001_z=64_bs=32_seed=242,lr=0.001_z=64_bs=32_seed=242,0.001,0.001,64,32,242,lr=0.001_z=64_bs=32,"LR=0.001, z=64, batch size=32",253,94.02,2026-06-16 05:40:42.047,.,training (7).log,308,"LR=0.001, z=64, batch size=32"
lr=0.001_z=64_bs=32_seed=242,lr=0.001_z=64_bs=32_seed=242,0.001,0.001,64,32,242,lr=0.001_z=64_bs=32,"LR=0.001, z=64, batch size=32",254,102.69,2026-06-16 05:41:01.614,.,training (7).log,309,"LR=0.001, z=64, batch size=32"
lr=0.001_z=64_bs=32_seed=242,lr=0.001_z=64_bs=32_seed=242,0.001,0.001,64,32,242,lr=0.001_z=64_bs=32,"LR=0.001, z=64, batch size=32",255,88.13,2026-06-16 05:41:20.922,.,training (7).log,310,"LR=0.001, z=64, batch size=32"
lr=0.001_z=64_bs=32_seed=242,lr=0.001_z=64_bs=32_seed=242,0.001,0.001,64,32,242,lr=0.001_z=64_bs=32,"LR=0.001, z=64, batch size=32",256,92.66,2026-06-16 05:41:40.328,.,training (7).log,311,"LR=0.001, z=64, batch size=32"
lr=0.001_z=64_bs=32_seed=242,lr=0.001_z=64_bs=32_seed=242,0.001,0.001,64,32,242,lr=0.001_z=64_bs=32,"LR=0.001, z=64, batch size=32",257,91.48,2026-06-16 05:41:59.610,.,training (7).log,312,"LR=0.001, z=64, batch size=32"
lr=0.001_z=64_bs=32_seed=242,lr=0.001_z=64_bs=32_seed=242,0.001,0.001,64,32,242,lr=0.001_z=64_bs=32,"LR=0.001, z=64, batch size=32",258,100.03,2026-06-16 05:42:18.904,.,training (7).log,313,"LR=0.001, z=64, batch size=32"
lr=0.001_z=64_bs=32_seed=242,lr=0.001_z=64_bs=32_seed=242,0.001,0.001,64,32,242,lr=0.001_z=64_bs=32,"LR=0.001, z=64, batch size=32",259,94.2,2026-06-16 05:42:47.001,.,training (7).log,314,"LR=0.001, z=64, batch size=32"
lr=0.001_z=64_bs=32_seed=242,lr=0.001_z=64_bs=32_seed=242,0.001,0.001,64,32,242,lr=0.001_z=64_bs=32,"LR=0.001, z=64, batch size=32",260,88.59,2026-06-16 05:43:24.985,.,training (7).log,315,"LR=0.001, z=64, batch size=32"
lr=0.001_z=64_bs=32_seed=242,lr=0.001_z=64_bs=32_seed=242,0.001,0.001,64,32,242,lr=0.001_z=64_bs=32,"LR=0.001, z=64, batch size=32",261,90.93,2026-06-16 05:43:44.688,.,training (7).log,316,"LR=0.001, z=64, batch size=32"
lr=0.001_z=64_bs=32_seed=242,lr=0.001_z=64_bs=32_seed=242,0.001,0.001,64,32,242,lr=0.001_z=64_bs=32,"LR=0.001, z=64, batch size=32",262,98.22,2026-06-16 05:44:04.293,.,training (7).log,317,"LR=0.001, z=64, batch size=32"
lr=0.001_z=64_bs=32_seed=242,lr=0.001_z=64_bs=32_seed=242,0.001,0.001,64,32,242,lr=0.001_z=64_bs=32,"LR=0.001, z=64, batch size=32",263,90.91,2026-06-16 05:44:23.925,.,training (7).log,318,"LR=0.001, z=64, batch size=32"
lr=0.001_z=64_bs=32_seed=242,lr=0.001_z=64_bs=32_seed=242,0.001,0.001,64,32,242,lr=0.001_z=64_bs=32,"LR=0.001, z=64, batch size=32",264,92.5,2026-06-16 05:44:43.405,.,training (7).log,319,"LR=0.001, z=64, batch size=32"
lr=0.001_z=64_bs=32_seed=242,lr=0.001_z=64_bs=32_seed=242,0.001,0.001,64,32,242,lr=0.001_z=64_bs=32,"LR=0.001, z=64, batch size=32",265,93.12,2026-06-16 05:45:02.970,.,training (7).log,320,"LR=0.001, z=64, batch size=32"
lr=0.001_z=64_bs=32_seed=242,lr=0.001_z=64_bs=32_seed=242,0.001,0.001,64,32,242,lr=0.001_z=64_bs=32,"LR=0.001, z=64, batch size=32",266,96.28,2026-06-16 05:45:22.658,.,training (7).log,321,"LR=0.001, z=64, batch size=32"
lr=0.001_z=64_bs=32_seed=242,lr=0.001_z=64_bs=32_seed=242,0.001,0.001,64,32,242,lr=0.001_z=64_bs=32,"LR=0.001, z=64, batch size=32",267,96.2,2026-06-16 05:45:42.341,.,training (7).log,322,"LR=0.001, z=64, batch size=32"
lr=0.001_z=64_bs=32_seed=242,lr=0.001_z=64_bs=32_seed=242,0.001,0.001,64,32,242,lr=0.001_z=64_bs=32,"LR=0.001, z=64, batch size=32",268,88.16,2026-06-16 05:46:01.976,.,training (7).log,323,"LR=0.001, z=64, batch size=32"
lr=0.001_z=64_bs=32_seed=242,lr=0.001_z=64_bs=32_seed=242,0.001,0.001,64,32,242,lr=0.001_z=64_bs=32,"LR=0.001, z=64, batch size=32",269,90.29,2026-06-16 05:46:21.765,.,training (7).log,324,"LR=0.001, z=64, batch size=32"
lr=0.001_z=64_bs=32_seed=242,lr=0.001_z=64_bs=32_seed=242,0.001,0.001,64,32,242,lr=0.001_z=64_bs=32,"LR=0.001, z=64, batch size=32",270,89.81,2026-06-16 05:46:41.444,.,training (7).log,325,"LR=0.001, z=64, batch size=32"
lr=0.001_z=64_bs=32_seed=242,lr=0.001_z=64_bs=32_seed=242,0.001,0.001,64,32,242,lr=0.001_z=64_bs=32,"LR=0.001, z=64, batch size=32",271,90.05,2026-06-16 05:47:01.285,.,training (7).log,326,"LR=0.001, z=64, batch size=32"
lr=0.001_z=64_bs=32_seed=242,lr=0.001_z=64_bs=32_seed=242,0.001,0.001,64,32,242,lr=0.001_z=64_bs=32,"LR=0.001, z=64, batch size=32",272,93.77,2026-06-16 05:47:20.997,.,training (7).log,327,"LR=0.001, z=64, batch size=32"
lr=0.001_z=64_bs=32_seed=242,lr=0.001_z=64_bs=32_seed=242,0.001,0.001,64,32,242,lr=0.001_z=64_bs=32,"LR=0.001, z=64, batch size=32",273,87.73,2026-06-16 05:47:41.119,.,training (7).log,328,"LR=0.001, z=64, batch size=32"
lr=0.001_z=64_bs=32_seed=242,lr=0.001_z=64_bs=32_seed=242,0.001,0.001,64,32,242,lr=0.001_z=64_bs=32,"LR=0.001, z=64, batch size=32",274,97.14,2026-06-16 05:48:00.924,.,training (7).log,329,"LR=0.001, z=64, batch size=32"
lr=0.001_z=64_bs=32_seed=242,lr=0.001_z=64_bs=32_seed=242,0.001,0.001,64,32,242,lr=0.001_z=64_bs=32,"LR=0.001, z=64, batch size=32",275,93.61,2026-06-16 05:48:20.870,.,training (7).log,330,"LR=0.001, z=64, batch size=32"
