run_id_raw,run_id,lr_raw,lr,z,bs,seed,config,config_label_full,epoch,fid,timestamp,source_folder,source_file,line_no,config_display_label
lr=0.0001_z=100_bs=64_seed=42,lr=0.0001_z=100_bs=64_seed=42,0.0001,0.0001,100,64,42,lr=0.0001_z=100_bs=64,"LR=0.0001, z=100, batch size=64",1,271.64,2026-06-01 18:24:12.295,lr_experiments\lr=1e-04_z=100_bs=64_seed=142,lr_experiments\lr=1e-04_z=100_bs=64_seed=142\training.log,282,LR=0.0001
lr=0.0001_z=100_bs=64_seed=42,lr=0.0001_z=100_bs=64_seed=42,0.0001,0.0001,100,64,42,lr=0.0001_z=100_bs=64,"LR=0.0001, z=100, batch size=64",2,263.12,2026-06-01 18:25:40.700,lr_experiments\lr=1e-04_z=100_bs=64_seed=142,lr_experiments\lr=1e-04_z=100_bs=64_seed=142\training.log,284,LR=0.0001
lr=0.0001_z=100_bs=64_seed=42,lr=0.0001_z=100_bs=64_seed=42,0.0001,0.0001,100,64,42,lr=0.0001_z=100_bs=64,"LR=0.0001, z=100, batch size=64",3,262.89,2026-06-01 18:27:19.252,lr_experiments\lr=1e-04_z=100_bs=64_seed=142,lr_experiments\lr=1e-04_z=100_bs=64_seed=142\training.log,286,LR=0.0001
lr=0.0001_z=100_bs=64_seed=42,lr=0.0001_z=100_bs=64_seed=42,0.0001,0.0001,100,64,42,lr=0.0001_z=100_bs=64,"LR=0.0001, z=100, batch size=64",4,298.4,2026-06-01 18:28:47.898,lr_experiments\lr=1e-04_z=100_bs=64_seed=142,lr_experiments\lr=1e-04_z=100_bs=64_seed=142\training.log,287,LR=0.0001
lr=0.0001_z=100_bs=64_seed=42,lr=0.0001_z=100_bs=64_seed=42,0.0001,0.0001,100,64,42,lr=0.0001_z=100_bs=64,"LR=0.0001, z=100, batch size=64",5,276.79,2026-06-01 18:30:27.320,lr_experiments\lr=1e-04_z=100_bs=64_seed=142,lr_experiments\lr=1e-04_z=100_bs=64_seed=142\training.log,288,LR=0.0001
lr=0.0001_z=100_bs=64_seed=42,lr=0.0001_z=100_bs=64_seed=42,0.0001,0.0001,100,64,42,lr=0.0001_z=100_bs=64,"LR=0.0001, z=100, batch size=64",6,305.54,2026-06-01 18:31:57.075,lr_experiments\lr=1e-04_z=100_bs=64_seed=142,lr_experiments\lr=1e-04_z=100_bs=64_seed=142\training.log,289,LR=0.0001
lr=0.0001_z=100_bs=64_seed=42,lr=0.0001_z=100_bs=64_seed=42,0.0001,0.0001,100,64,42,lr=0.0001_z=100_bs=64,"LR=0.0001, z=100, batch size=64",7,310.82,2026-06-01 18:33:25.871,lr_experiments\lr=1e-04_z=100_bs=64_seed=142,lr_experiments\lr=1e-04_z=100_bs=64_seed=142\training.log,290,LR=0.0001
lr=0.0001_z=100_bs=64_seed=42,lr=0.0001_z=100_bs=64_seed=42,0.0001,0.0001,100,64,42,lr=0.0001_z=100_bs=64,"LR=0.0001, z=100, batch size=64",8,286.2,2026-06-01 18:35:14.288,lr_experiments\lr=1e-04_z=100_bs=64_seed=142,lr_experiments\lr=1e-04_z=100_bs=64_seed=142\training.log,291,LR=0.0001
lr=0.0001_z=100_bs=64_seed=42,lr=0.0001_z=100_bs=64_seed=42,0.0001,0.0001,100,64,42,lr=0.0001_z=100_bs=64,"LR=0.0001, z=100, batch size=64",9,278.45,2026-06-01 18:36:44.052,lr_experiments\lr=1e-04_z=100_bs=64_seed=142,lr_experiments\lr=1e-04_z=100_bs=64_seed=142\training.log,292,LR=0.0001
lr=0.0001_z=100_bs=64_seed=42,lr=0.0001_z=100_bs=64_seed=42,0.0001,0.0001,100,64,42,lr=0.0001_z=100_bs=64,"LR=0.0001, z=100, batch size=64",10,290.74,2026-06-01 18:38:22.880,lr_experiments\lr=1e-04_z=100_bs=64_seed=142,lr_experiments\lr=1e-04_z=100_bs=64_seed=142\training.log,293,LR=0.0001
lr=0.0001_z=100_bs=64_seed=42,lr=0.0001_z=100_bs=64_seed=42,0.0001,0.0001,100,64,42,lr=0.0001_z=100_bs=64,"LR=0.0001, z=100, batch size=64",11,271.3,2026-06-01 18:39:53.332,lr_experiments\lr=1e-04_z=100_bs=64_seed=142,lr_experiments\lr=1e-04_z=100_bs=64_seed=142\training.log,294,LR=0.0001
lr=0.0001_z=100_bs=64_seed=42,lr=0.0001_z=100_bs=64_seed=42,0.0001,0.0001,100,64,42,lr=0.0001_z=100_bs=64,"LR=0.0001, z=100, batch size=64",12,265.86,2026-06-01 18:41:22.676,lr_experiments\lr=1e-04_z=100_bs=64_seed=142,lr_experiments\lr=1e-04_z=100_bs=64_seed=142\training.log,295,LR=0.0001
lr=0.0001_z=100_bs=64_seed=42,lr=0.0001_z=100_bs=64_seed=42,0.0001,0.0001,100,64,42,lr=0.0001_z=100_bs=64,"LR=0.0001, z=100, batch size=64",13,290.09,2026-06-01 18:42:51.174,lr_experiments\lr=1e-04_z=100_bs=64_seed=142,lr_experiments\lr=1e-04_z=100_bs=64_seed=142\training.log,296,LR=0.0001
lr=0.0001_z=100_bs=64_seed=42,lr=0.0001_z=100_bs=64_seed=42,0.0001,0.0001,100,64,42,lr=0.0001_z=100_bs=64,"LR=0.0001, z=100, batch size=64",14,244.39,2026-06-01 18:44:20.480,lr_experiments\lr=1e-04_z=100_bs=64_seed=142,lr_experiments\lr=1e-04_z=100_bs=64_seed=142\training.log,298,LR=0.0001
lr=0.0001_z=100_bs=64_seed=42,lr=0.0001_z=100_bs=64_seed=42,0.0001,0.0001,100,64,42,lr=0.0001_z=100_bs=64,"LR=0.0001, z=100, batch size=64",15,245.62,2026-06-01 18:46:00.579,lr_experiments\lr=1e-04_z=100_bs=64_seed=142,lr_experiments\lr=1e-04_z=100_bs=64_seed=142\training.log,299,LR=0.0001
lr=0.0001_z=100_bs=64_seed=42,lr=0.0001_z=100_bs=64_seed=42,0.0001,0.0001,100,64,42,lr=0.0001_z=100_bs=64,"LR=0.0001, z=100, batch size=64",16,247.45,2026-06-01 18:47:29.624,lr_experiments\lr=1e-04_z=100_bs=64_seed=142,lr_experiments\lr=1e-04_z=100_bs=64_seed=142\training.log,300,LR=0.0001
lr=0.0001_z=100_bs=64_seed=42,lr=0.0001_z=100_bs=64_seed=42,0.0001,0.0001,100,64,42,lr=0.0001_z=100_bs=64,"LR=0.0001, z=100, batch size=64",17,248.53,2026-06-01 18:49:08.336,lr_experiments\lr=1e-04_z=100_bs=64_seed=142,lr_experiments\lr=1e-04_z=100_bs=64_seed=142\training.log,301,LR=0.0001
lr=0.0001_z=100_bs=64_seed=42,lr=0.0001_z=100_bs=64_seed=42,0.0001,0.0001,100,64,42,lr=0.0001_z=100_bs=64,"LR=0.0001, z=100, batch size=64",18,234.04,2026-06-01 18:50:39.700,lr_experiments\lr=1e-04_z=100_bs=64_seed=142,lr_experiments\lr=1e-04_z=100_bs=64_seed=142\training.log,303,LR=0.0001
lr=0.0001_z=100_bs=64_seed=42,lr=0.0001_z=100_bs=64_seed=42,0.0001,0.0001,100,64,42,lr=0.0001_z=100_bs=64,"LR=0.0001, z=100, batch size=64",19,225.61,2026-06-01 18:52:09.629,lr_experiments\lr=1e-04_z=100_bs=64_seed=142,lr_experiments\lr=1e-04_z=100_bs=64_seed=142\training.log,305,LR=0.0001
lr=0.0001_z=100_bs=64_seed=42,lr=0.0001_z=100_bs=64_seed=42,0.0001,0.0001,100,64,42,lr=0.0001_z=100_bs=64,"LR=0.0001, z=100, batch size=64",20,229.08,2026-06-01 18:53:59.674,lr_experiments\lr=1e-04_z=100_bs=64_seed=142,lr_experiments\lr=1e-04_z=100_bs=64_seed=142\training.log,306,LR=0.0001
lr=0.0001_z=100_bs=64_seed=42,lr=0.0001_z=100_bs=64_seed=42,0.0001,0.0001,100,64,42,lr=0.0001_z=100_bs=64,"LR=0.0001, z=100, batch size=64",21,235.56,2026-06-01 18:55:29.413,lr_experiments\lr=1e-04_z=100_bs=64_seed=142,lr_experiments\lr=1e-04_z=100_bs=64_seed=142\training.log,307,LR=0.0001
lr=0.0001_z=100_bs=64_seed=42,lr=0.0001_z=100_bs=64_seed=42,0.0001,0.0001,100,64,42,lr=0.0001_z=100_bs=64,"LR=0.0001, z=100, batch size=64",22,211.67,2026-06-01 18:57:09.872,lr_experiments\lr=1e-04_z=100_bs=64_seed=142,lr_experiments\lr=1e-04_z=100_bs=64_seed=142\training.log,309,LR=0.0001
lr=0.0001_z=100_bs=64_seed=42,lr=0.0001_z=100_bs=64_seed=42,0.0001,0.0001,100,64,42,lr=0.0001_z=100_bs=64,"LR=0.0001, z=100, batch size=64",23,220.3,2026-06-01 18:58:40.745,lr_experiments\lr=1e-04_z=100_bs=64_seed=142,lr_experiments\lr=1e-04_z=100_bs=64_seed=142\training.log,310,LR=0.0001
lr=0.0001_z=100_bs=64_seed=42,lr=0.0001_z=100_bs=64_seed=42,0.0001,0.0001,100,64,42,lr=0.0001_z=100_bs=64,"LR=0.0001, z=100, batch size=64",24,222.05,2026-06-01 19:00:10.223,lr_experiments\lr=1e-04_z=100_bs=64_seed=142,lr_experiments\lr=1e-04_z=100_bs=64_seed=142\training.log,311,LR=0.0001
lr=0.0001_z=100_bs=64_seed=42,lr=0.0001_z=100_bs=64_seed=42,0.0001,0.0001,100,64,42,lr=0.0001_z=100_bs=64,"LR=0.0001, z=100, batch size=64",25,204.09,2026-06-01 19:01:40.387,lr_experiments\lr=1e-04_z=100_bs=64_seed=142,lr_experiments\lr=1e-04_z=100_bs=64_seed=142\training.log,313,LR=0.0001
lr=0.0001_z=100_bs=64_seed=42,lr=0.0001_z=100_bs=64_seed=42,0.0001,0.0001,100,64,42,lr=0.0001_z=100_bs=64,"LR=0.0001, z=100, batch size=64",26,203.42,2026-06-01 19:03:10.327,lr_experiments\lr=1e-04_z=100_bs=64_seed=142,lr_experiments\lr=1e-04_z=100_bs=64_seed=142\training.log,315,LR=0.0001
lr=0.0001_z=100_bs=64_seed=42,lr=0.0001_z=100_bs=64_seed=42,0.0001,0.0001,100,64,42,lr=0.0001_z=100_bs=64,"LR=0.0001, z=100, batch size=64",27,211.83,2026-06-01 19:04:48.056,lr_experiments\lr=1e-04_z=100_bs=64_seed=142,lr_experiments\lr=1e-04_z=100_bs=64_seed=142\training.log,316,LR=0.0001
lr=0.0001_z=100_bs=64_seed=42,lr=0.0001_z=100_bs=64_seed=42,0.0001,0.0001,100,64,42,lr=0.0001_z=100_bs=64,"LR=0.0001, z=100, batch size=64",28,200.79,2026-06-01 19:06:17.684,lr_experiments\lr=1e-04_z=100_bs=64_seed=142,lr_experiments\lr=1e-04_z=100_bs=64_seed=142\training.log,318,LR=0.0001
lr=0.0001_z=100_bs=64_seed=42,lr=0.0001_z=100_bs=64_seed=42,0.0001,0.0001,100,64,42,lr=0.0001_z=100_bs=64,"LR=0.0001, z=100, batch size=64",29,204.77,2026-06-01 19:07:58.502,lr_experiments\lr=1e-04_z=100_bs=64_seed=142,lr_experiments\lr=1e-04_z=100_bs=64_seed=142\training.log,319,LR=0.0001
lr=0.0001_z=100_bs=64_seed=42,lr=0.0001_z=100_bs=64_seed=42,0.0001,0.0001,100,64,42,lr=0.0001_z=100_bs=64,"LR=0.0001, z=100, batch size=64",30,202.32,2026-06-01 19:09:27.487,lr_experiments\lr=1e-04_z=100_bs=64_seed=142,lr_experiments\lr=1e-04_z=100_bs=64_seed=142\training.log,320,LR=0.0001
lr=0.0001_z=100_bs=64_seed=42,lr=0.0001_z=100_bs=64_seed=42,0.0001,0.0001,100,64,42,lr=0.0001_z=100_bs=64,"LR=0.0001, z=100, batch size=64",31,191.47,2026-06-01 19:10:57.563,lr_experiments\lr=1e-04_z=100_bs=64_seed=142,lr_experiments\lr=1e-04_z=100_bs=64_seed=142\training.log,322,LR=0.0001
lr=0.0001_z=100_bs=64_seed=42,lr=0.0001_z=100_bs=64_seed=42,0.0001,0.0001,100,64,42,lr=0.0001_z=100_bs=64,"LR=0.0001, z=100, batch size=64",32,202.16,2026-06-01 19:12:46.969,lr_experiments\lr=1e-04_z=100_bs=64_seed=142,lr_experiments\lr=1e-04_z=100_bs=64_seed=142\training.log,323,LR=0.0001
lr=0.0001_z=100_bs=64_seed=42,lr=0.0001_z=100_bs=64_seed=42,0.0001,0.0001,100,64,42,lr=0.0001_z=100_bs=64,"LR=0.0001, z=100, batch size=64",33,188.35,2026-06-01 19:14:15.674,lr_experiments\lr=1e-04_z=100_bs=64_seed=142,lr_experiments\lr=1e-04_z=100_bs=64_seed=142\training.log,325,LR=0.0001
lr=0.0001_z=100_bs=64_seed=42,lr=0.0001_z=100_bs=64_seed=42,0.0001,0.0001,100,64,42,lr=0.0001_z=100_bs=64,"LR=0.0001, z=100, batch size=64",34,183.12,2026-06-01 19:15:54.856,lr_experiments\lr=1e-04_z=100_bs=64_seed=142,lr_experiments\lr=1e-04_z=100_bs=64_seed=142\training.log,327,LR=0.0001
lr=0.0001_z=100_bs=64_seed=42,lr=0.0001_z=100_bs=64_seed=42,0.0001,0.0001,100,64,42,lr=0.0001_z=100_bs=64,"LR=0.0001, z=100, batch size=64",35,188.15,2026-06-01 19:17:24.731,lr_experiments\lr=1e-04_z=100_bs=64_seed=142,lr_experiments\lr=1e-04_z=100_bs=64_seed=142\training.log,328,LR=0.0001
lr=0.0001_z=100_bs=64_seed=42,lr=0.0001_z=100_bs=64_seed=42,0.0001,0.0001,100,64,42,lr=0.0001_z=100_bs=64,"LR=0.0001, z=100, batch size=64",36,183.83,2026-06-01 19:18:58.217,lr_experiments\lr=1e-04_z=100_bs=64_seed=142,lr_experiments\lr=1e-04_z=100_bs=64_seed=142\training.log,329,LR=0.0001
lr=0.0001_z=100_bs=64_seed=42,lr=0.0001_z=100_bs=64_seed=42,0.0001,0.0001,100,64,42,lr=0.0001_z=100_bs=64,"LR=0.0001, z=100, batch size=64",37,190.42,2026-06-01 19:20:51.057,lr_experiments\lr=1e-04_z=100_bs=64_seed=142,lr_experiments\lr=1e-04_z=100_bs=64_seed=142\training.log,330,LR=0.0001
lr=0.0001_z=100_bs=64_seed=42,lr=0.0001_z=100_bs=64_seed=42,0.0001,0.0001,100,64,42,lr=0.0001_z=100_bs=64,"LR=0.0001, z=100, batch size=64",38,190.04,2026-06-01 19:22:19.490,lr_experiments\lr=1e-04_z=100_bs=64_seed=142,lr_experiments\lr=1e-04_z=100_bs=64_seed=142\training.log,331,LR=0.0001
lr=0.0001_z=100_bs=64_seed=42,lr=0.0001_z=100_bs=64_seed=42,0.0001,0.0001,100,64,42,lr=0.0001_z=100_bs=64,"LR=0.0001, z=100, batch size=64",39,181.36,2026-06-01 19:24:00.296,lr_experiments\lr=1e-04_z=100_bs=64_seed=142,lr_experiments\lr=1e-04_z=100_bs=64_seed=142\training.log,333,LR=0.0001
lr=0.0001_z=100_bs=64_seed=42,lr=0.0001_z=100_bs=64_seed=42,0.0001,0.0001,100,64,42,lr=0.0001_z=100_bs=64,"LR=0.0001, z=100, batch size=64",40,185.81,2026-06-01 19:25:29.087,lr_experiments\lr=1e-04_z=100_bs=64_seed=142,lr_experiments\lr=1e-04_z=100_bs=64_seed=142\training.log,334,LR=0.0001
lr=0.0001_z=100_bs=64_seed=42,lr=0.0001_z=100_bs=64_seed=42,0.0001,0.0001,100,64,42,lr=0.0001_z=100_bs=64,"LR=0.0001, z=100, batch size=64",41,182.9,2026-06-01 19:26:57.761,lr_experiments\lr=1e-04_z=100_bs=64_seed=142,lr_experiments\lr=1e-04_z=100_bs=64_seed=142\training.log,335,LR=0.0001
lr=0.0001_z=100_bs=64_seed=42,lr=0.0001_z=100_bs=64_seed=42,0.0001,0.0001,100,64,42,lr=0.0001_z=100_bs=64,"LR=0.0001, z=100, batch size=64",42,180.58,2026-06-01 19:28:46.397,lr_experiments\lr=1e-04_z=100_bs=64_seed=142,lr_experiments\lr=1e-04_z=100_bs=64_seed=142\training.log,337,LR=0.0001
lr=0.0001_z=100_bs=64_seed=42,lr=0.0001_z=100_bs=64_seed=42,0.0001,0.0001,100,64,42,lr=0.0001_z=100_bs=64,"LR=0.0001, z=100, batch size=64",43,170.82,2026-06-01 19:30:14.506,lr_experiments\lr=1e-04_z=100_bs=64_seed=142,lr_experiments\lr=1e-04_z=100_bs=64_seed=142\training.log,339,LR=0.0001
lr=0.0001_z=100_bs=64_seed=42,lr=0.0001_z=100_bs=64_seed=42,0.0001,0.0001,100,64,42,lr=0.0001_z=100_bs=64,"LR=0.0001, z=100, batch size=64",44,174.88,2026-06-01 19:31:52.826,lr_experiments\lr=1e-04_z=100_bs=64_seed=142,lr_experiments\lr=1e-04_z=100_bs=64_seed=142\training.log,340,LR=0.0001
lr=0.0001_z=100_bs=64_seed=42,lr=0.0001_z=100_bs=64_seed=42,0.0001,0.0001,100,64,42,lr=0.0001_z=100_bs=64,"LR=0.0001, z=100, batch size=64",45,173.09,2026-06-01 19:33:21.941,lr_experiments\lr=1e-04_z=100_bs=64_seed=142,lr_experiments\lr=1e-04_z=100_bs=64_seed=142\training.log,341,LR=0.0001
lr=0.0001_z=100_bs=64_seed=42,lr=0.0001_z=100_bs=64_seed=42,0.0001,0.0001,100,64,42,lr=0.0001_z=100_bs=64,"LR=0.0001, z=100, batch size=64",46,178.55,2026-06-01 19:34:51.089,lr_experiments\lr=1e-04_z=100_bs=64_seed=142,lr_experiments\lr=1e-04_z=100_bs=64_seed=142\training.log,342,LR=0.0001
lr=0.0001_z=100_bs=64_seed=42,lr=0.0001_z=100_bs=64_seed=42,0.0001,0.0001,100,64,42,lr=0.0001_z=100_bs=64,"LR=0.0001, z=100, batch size=64",47,177.9,2026-06-01 19:36:20.802,lr_experiments\lr=1e-04_z=100_bs=64_seed=142,lr_experiments\lr=1e-04_z=100_bs=64_seed=142\training.log,343,LR=0.0001
lr=0.0001_z=100_bs=64_seed=42,lr=0.0001_z=100_bs=64_seed=42,0.0001,0.0001,100,64,42,lr=0.0001_z=100_bs=64,"LR=0.0001, z=100, batch size=64",48,171.15,2026-06-01 19:37:49.605,lr_experiments\lr=1e-04_z=100_bs=64_seed=142,lr_experiments\lr=1e-04_z=100_bs=64_seed=142\training.log,344,LR=0.0001
lr=0.0001_z=100_bs=64_seed=42,lr=0.0001_z=100_bs=64_seed=42,0.0001,0.0001,100,64,42,lr=0.0001_z=100_bs=64,"LR=0.0001, z=100, batch size=64",49,179.42,2026-06-01 19:39:28.551,lr_experiments\lr=1e-04_z=100_bs=64_seed=142,lr_experiments\lr=1e-04_z=100_bs=64_seed=142\training.log,345,LR=0.0001
lr=0.0001_z=100_bs=64_seed=42,lr=0.0001_z=100_bs=64_seed=42,0.0001,0.0001,100,64,42,lr=0.0001_z=100_bs=64,"LR=0.0001, z=100, batch size=64",50,168.23,2026-06-01 19:40:57.732,lr_experiments\lr=1e-04_z=100_bs=64_seed=142,lr_experiments\lr=1e-04_z=100_bs=64_seed=142\training.log,347,LR=0.0001
lr=0.0001_z=100_bs=64_seed=42,lr=0.0001_z=100_bs=64_seed=42,0.0001,0.0001,100,64,42,lr=0.0001_z=100_bs=64,"LR=0.0001, z=100, batch size=64",51,163.2,2026-06-01 19:42:27.317,lr_experiments\lr=1e-04_z=100_bs=64_seed=142,lr_experiments\lr=1e-04_z=100_bs=64_seed=142\training.log,349,LR=0.0001
lr=0.0001_z=100_bs=64_seed=42,lr=0.0001_z=100_bs=64_seed=42,0.0001,0.0001,100,64,42,lr=0.0001_z=100_bs=64,"LR=0.0001, z=100, batch size=64",52,160.35,2026-06-01 19:43:57.087,lr_experiments\lr=1e-04_z=100_bs=64_seed=142,lr_experiments\lr=1e-04_z=100_bs=64_seed=142\training.log,351,LR=0.0001
lr=0.0001_z=100_bs=64_seed=42,lr=0.0001_z=100_bs=64_seed=42,0.0001,0.0001,100,64,42,lr=0.0001_z=100_bs=64,"LR=0.0001, z=100, batch size=64",53,166.19,2026-06-01 19:45:25.437,lr_experiments\lr=1e-04_z=100_bs=64_seed=142,lr_experiments\lr=1e-04_z=100_bs=64_seed=142\training.log,352,LR=0.0001
lr=0.0001_z=100_bs=64_seed=42,lr=0.0001_z=100_bs=64_seed=42,0.0001,0.0001,100,64,42,lr=0.0001_z=100_bs=64,"LR=0.0001, z=100, batch size=64",54,164.01,2026-06-01 19:47:03.158,lr_experiments\lr=1e-04_z=100_bs=64_seed=142,lr_experiments\lr=1e-04_z=100_bs=64_seed=142\training.log,353,LR=0.0001
lr=0.0001_z=100_bs=64_seed=42,lr=0.0001_z=100_bs=64_seed=42,0.0001,0.0001,100,64,42,lr=0.0001_z=100_bs=64,"LR=0.0001, z=100, batch size=64",55,159.05,2026-06-01 19:48:32.646,lr_experiments\lr=1e-04_z=100_bs=64_seed=142,lr_experiments\lr=1e-04_z=100_bs=64_seed=142\training.log,355,LR=0.0001
lr=0.0001_z=100_bs=64_seed=42,lr=0.0001_z=100_bs=64_seed=42,0.0001,0.0001,100,64,42,lr=0.0001_z=100_bs=64,"LR=0.0001, z=100, batch size=64",56,161.93,2026-06-01 19:50:01.448,lr_experiments\lr=1e-04_z=100_bs=64_seed=142,lr_experiments\lr=1e-04_z=100_bs=64_seed=142\training.log,356,LR=0.0001
lr=0.0001_z=100_bs=64_seed=42,lr=0.0001_z=100_bs=64_seed=42,0.0001,0.0001,100,64,42,lr=0.0001_z=100_bs=64,"LR=0.0001, z=100, batch size=64",57,167.71,2026-06-01 19:51:29.987,lr_experiments\lr=1e-04_z=100_bs=64_seed=142,lr_experiments\lr=1e-04_z=100_bs=64_seed=142\training.log,357,LR=0.0001
lr=0.0001_z=100_bs=64_seed=42,lr=0.0001_z=100_bs=64_seed=42,0.0001,0.0001,100,64,42,lr=0.0001_z=100_bs=64,"LR=0.0001, z=100, batch size=64",58,158.37,2026-06-01 19:52:58.426,lr_experiments\lr=1e-04_z=100_bs=64_seed=142,lr_experiments\lr=1e-04_z=100_bs=64_seed=142\training.log,359,LR=0.0001
lr=0.0001_z=100_bs=64_seed=42,lr=0.0001_z=100_bs=64_seed=42,0.0001,0.0001,100,64,42,lr=0.0001_z=100_bs=64,"LR=0.0001, z=100, batch size=64",59,165.99,2026-06-01 19:54:36.196,lr_experiments\lr=1e-04_z=100_bs=64_seed=142,lr_experiments\lr=1e-04_z=100_bs=64_seed=142\training.log,360,LR=0.0001
lr=0.0001_z=100_bs=64_seed=42,lr=0.0001_z=100_bs=64_seed=42,0.0001,0.0001,100,64,42,lr=0.0001_z=100_bs=64,"LR=0.0001, z=100, batch size=64",60,152.72,2026-06-01 19:56:05.950,lr_experiments\lr=1e-04_z=100_bs=64_seed=142,lr_experiments\lr=1e-04_z=100_bs=64_seed=142\training.log,362,LR=0.0001
lr=0.0001_z=100_bs=64_seed=42,lr=0.0001_z=100_bs=64_seed=42,0.0001,0.0001,100,64,42,lr=0.0001_z=100_bs=64,"LR=0.0001, z=100, batch size=64",61,162.06,2026-06-01 19:57:44.554,lr_experiments\lr=1e-04_z=100_bs=64_seed=142,lr_experiments\lr=1e-04_z=100_bs=64_seed=142\training.log,363,LR=0.0001
lr=0.0001_z=100_bs=64_seed=42,lr=0.0001_z=100_bs=64_seed=42,0.0001,0.0001,100,64,42,lr=0.0001_z=100_bs=64,"LR=0.0001, z=100, batch size=64",62,151.65,2026-06-01 19:59:12.077,lr_experiments\lr=1e-04_z=100_bs=64_seed=142,lr_experiments\lr=1e-04_z=100_bs=64_seed=142\training.log,365,LR=0.0001
lr=0.0001_z=100_bs=64_seed=42,lr=0.0001_z=100_bs=64_seed=42,0.0001,0.0001,100,64,42,lr=0.0001_z=100_bs=64,"LR=0.0001, z=100, batch size=64",63,163.76,2026-06-01 20:00:42.338,lr_experiments\lr=1e-04_z=100_bs=64_seed=142,lr_experiments\lr=1e-04_z=100_bs=64_seed=142\training.log,366,LR=0.0001
lr=0.0001_z=100_bs=64_seed=42,lr=0.0001_z=100_bs=64_seed=42,0.0001,0.0001,100,64,42,lr=0.0001_z=100_bs=64,"LR=0.0001, z=100, batch size=64",64,152.95,2026-06-01 20:02:10.205,lr_experiments\lr=1e-04_z=100_bs=64_seed=142,lr_experiments\lr=1e-04_z=100_bs=64_seed=142\training.log,367,LR=0.0001
lr=0.0001_z=100_bs=64_seed=42,lr=0.0001_z=100_bs=64_seed=42,0.0001,0.0001,100,64,42,lr=0.0001_z=100_bs=64,"LR=0.0001, z=100, batch size=64",65,158.91,2026-06-01 20:03:45.267,lr_experiments\lr=1e-04_z=100_bs=64_seed=142,lr_experiments\lr=1e-04_z=100_bs=64_seed=142\training.log,368,LR=0.0001
lr=0.0001_z=100_bs=64_seed=42,lr=0.0001_z=100_bs=64_seed=42,0.0001,0.0001,100,64,42,lr=0.0001_z=100_bs=64,"LR=0.0001, z=100, batch size=64",66,158.34,2026-06-01 20:05:24.544,lr_experiments\lr=1e-04_z=100_bs=64_seed=142,lr_experiments\lr=1e-04_z=100_bs=64_seed=142\training.log,369,LR=0.0001
lr=0.0001_z=100_bs=64_seed=42,lr=0.0001_z=100_bs=64_seed=42,0.0001,0.0001,100,64,42,lr=0.0001_z=100_bs=64,"LR=0.0001, z=100, batch size=64",67,149.6,2026-06-01 20:06:52.933,lr_experiments\lr=1e-04_z=100_bs=64_seed=142,lr_experiments\lr=1e-04_z=100_bs=64_seed=142\training.log,371,LR=0.0001
lr=0.0001_z=100_bs=64_seed=42,lr=0.0001_z=100_bs=64_seed=42,0.0001,0.0001,100,64,42,lr=0.0001_z=100_bs=64,"LR=0.0001, z=100, batch size=64",68,157.23,2026-06-01 20:08:22.294,lr_experiments\lr=1e-04_z=100_bs=64_seed=142,lr_experiments\lr=1e-04_z=100_bs=64_seed=142\training.log,372,LR=0.0001
lr=0.0001_z=100_bs=64_seed=42,lr=0.0001_z=100_bs=64_seed=42,0.0001,0.0001,100,64,42,lr=0.0001_z=100_bs=64,"LR=0.0001, z=100, batch size=64",69,153.88,2026-06-01 20:09:51.484,lr_experiments\lr=1e-04_z=100_bs=64_seed=142,lr_experiments\lr=1e-04_z=100_bs=64_seed=142\training.log,373,LR=0.0001
lr=0.0001_z=100_bs=64_seed=42,lr=0.0001_z=100_bs=64_seed=42,0.0001,0.0001,100,64,42,lr=0.0001_z=100_bs=64,"LR=0.0001, z=100, batch size=64",70,150.26,2026-06-01 20:11:20.839,lr_experiments\lr=1e-04_z=100_bs=64_seed=142,lr_experiments\lr=1e-04_z=100_bs=64_seed=142\training.log,374,LR=0.0001
lr=0.0001_z=100_bs=64_seed=42,lr=0.0001_z=100_bs=64_seed=42,0.0001,0.0001,100,64,42,lr=0.0001_z=100_bs=64,"LR=0.0001, z=100, batch size=64",71,149.44,2026-06-01 20:13:01.886,lr_experiments\lr=1e-04_z=100_bs=64_seed=142,lr_experiments\lr=1e-04_z=100_bs=64_seed=142\training.log,376,LR=0.0001
lr=0.0001_z=100_bs=64_seed=42,lr=0.0001_z=100_bs=64_seed=42,0.0001,0.0001,100,64,42,lr=0.0001_z=100_bs=64,"LR=0.0001, z=100, batch size=64",72,145.22,2026-06-01 20:14:33.102,lr_experiments\lr=1e-04_z=100_bs=64_seed=142,lr_experiments\lr=1e-04_z=100_bs=64_seed=142\training.log,378,LR=0.0001
lr=0.0001_z=100_bs=64_seed=42,lr=0.0001_z=100_bs=64_seed=42,0.0001,0.0001,100,64,42,lr=0.0001_z=100_bs=64,"LR=0.0001, z=100, batch size=64",73,151.27,2026-06-01 20:16:02.582,lr_experiments\lr=1e-04_z=100_bs=64_seed=142,lr_experiments\lr=1e-04_z=100_bs=64_seed=142\training.log,379,LR=0.0001
lr=0.0001_z=100_bs=64_seed=42,lr=0.0001_z=100_bs=64_seed=42,0.0001,0.0001,100,64,42,lr=0.0001_z=100_bs=64,"LR=0.0001, z=100, batch size=64",74,145.55,2026-06-01 20:17:31.229,lr_experiments\lr=1e-04_z=100_bs=64_seed=142,lr_experiments\lr=1e-04_z=100_bs=64_seed=142\training.log,380,LR=0.0001
lr=0.0001_z=100_bs=64_seed=42,lr=0.0001_z=100_bs=64_seed=42,0.0001,0.0001,100,64,42,lr=0.0001_z=100_bs=64,"LR=0.0001, z=100, batch size=64",75,147.31,2026-06-01 20:19:00.222,lr_experiments\lr=1e-04_z=100_bs=64_seed=142,lr_experiments\lr=1e-04_z=100_bs=64_seed=142\training.log,381,LR=0.0001
lr=0.0001_z=100_bs=64_seed=42,lr=0.0001_z=100_bs=64_seed=42,0.0001,0.0001,100,64,42,lr=0.0001_z=100_bs=64,"LR=0.0001, z=100, batch size=64",76,149.49,2026-06-01 20:20:38.653,lr_experiments\lr=1e-04_z=100_bs=64_seed=142,lr_experiments\lr=1e-04_z=100_bs=64_seed=142\training.log,382,LR=0.0001
lr=0.0001_z=100_bs=64_seed=42,lr=0.0001_z=100_bs=64_seed=42,0.0001,0.0001,100,64,42,lr=0.0001_z=100_bs=64,"LR=0.0001, z=100, batch size=64",77,148.2,2026-06-01 20:22:06.924,lr_experiments\lr=1e-04_z=100_bs=64_seed=142,lr_experiments\lr=1e-04_z=100_bs=64_seed=142\training.log,383,LR=0.0001
lr=0.0001_z=100_bs=64_seed=42,lr=0.0001_z=100_bs=64_seed=42,0.0001,0.0001,100,64,42,lr=0.0001_z=100_bs=64,"LR=0.0001, z=100, batch size=64",78,147.06,2026-06-01 20:23:44.189,lr_experiments\lr=1e-04_z=100_bs=64_seed=142,lr_experiments\lr=1e-04_z=100_bs=64_seed=142\training.log,384,LR=0.0001
lr=0.0001_z=100_bs=64_seed=42,lr=0.0001_z=100_bs=64_seed=42,0.0001,0.0001,100,64,42,lr=0.0001_z=100_bs=64,"LR=0.0001, z=100, batch size=64",79,147.4,2026-06-01 20:25:11.167,lr_experiments\lr=1e-04_z=100_bs=64_seed=142,lr_experiments\lr=1e-04_z=100_bs=64_seed=142\training.log,385,LR=0.0001
lr=0.0001_z=100_bs=64_seed=42,lr=0.0001_z=100_bs=64_seed=42,0.0001,0.0001,100,64,42,lr=0.0001_z=100_bs=64,"LR=0.0001, z=100, batch size=64",80,144.54,2026-06-01 20:26:38.648,lr_experiments\lr=1e-04_z=100_bs=64_seed=142,lr_experiments\lr=1e-04_z=100_bs=64_seed=142\training.log,387,LR=0.0001
lr=0.0001_z=100_bs=64_seed=42,lr=0.0001_z=100_bs=64_seed=42,0.0001,0.0001,100,64,42,lr=0.0001_z=100_bs=64,"LR=0.0001, z=100, batch size=64",81,150.07,2026-06-01 20:28:17.812,lr_experiments\lr=1e-04_z=100_bs=64_seed=142,lr_experiments\lr=1e-04_z=100_bs=64_seed=142\training.log,388,LR=0.0001
lr=0.0001_z=100_bs=64_seed=42,lr=0.0001_z=100_bs=64_seed=42,0.0001,0.0001,100,64,42,lr=0.0001_z=100_bs=64,"LR=0.0001, z=100, batch size=64",82,146.24,2026-06-01 20:29:47.431,lr_experiments\lr=1e-04_z=100_bs=64_seed=142,lr_experiments\lr=1e-04_z=100_bs=64_seed=142\training.log,389,LR=0.0001
lr=0.0001_z=100_bs=64_seed=42,lr=0.0001_z=100_bs=64_seed=42,0.0001,0.0001,100,64,42,lr=0.0001_z=100_bs=64,"LR=0.0001, z=100, batch size=64",83,144.17,2026-06-01 20:31:18.157,lr_experiments\lr=1e-04_z=100_bs=64_seed=142,lr_experiments\lr=1e-04_z=100_bs=64_seed=142\training.log,391,LR=0.0001
lr=0.0001_z=100_bs=64_seed=42,lr=0.0001_z=100_bs=64_seed=42,0.0001,0.0001,100,64,42,lr=0.0001_z=100_bs=64,"LR=0.0001, z=100, batch size=64",84,152.02,2026-06-01 20:32:47.689,lr_experiments\lr=1e-04_z=100_bs=64_seed=142,lr_experiments\lr=1e-04_z=100_bs=64_seed=142\training.log,392,LR=0.0001
lr=0.0001_z=100_bs=64_seed=42,lr=0.0001_z=100_bs=64_seed=42,0.0001,0.0001,100,64,42,lr=0.0001_z=100_bs=64,"LR=0.0001, z=100, batch size=64",85,144.84,2026-06-01 20:34:17.675,lr_experiments\lr=1e-04_z=100_bs=64_seed=142,lr_experiments\lr=1e-04_z=100_bs=64_seed=142\training.log,393,LR=0.0001
lr=0.0001_z=100_bs=64_seed=42,lr=0.0001_z=100_bs=64_seed=42,0.0001,0.0001,100,64,42,lr=0.0001_z=100_bs=64,"LR=0.0001, z=100, batch size=64",86,142.43,2026-06-01 20:35:57.385,lr_experiments\lr=1e-04_z=100_bs=64_seed=142,lr_experiments\lr=1e-04_z=100_bs=64_seed=142\training.log,395,LR=0.0001
lr=0.0001_z=100_bs=64_seed=42,lr=0.0001_z=100_bs=64_seed=42,0.0001,0.0001,100,64,42,lr=0.0001_z=100_bs=64,"LR=0.0001, z=100, batch size=64",87,140.84,2026-06-01 20:37:27.455,lr_experiments\lr=1e-04_z=100_bs=64_seed=142,lr_experiments\lr=1e-04_z=100_bs=64_seed=142\training.log,397,LR=0.0001
lr=0.0001_z=100_bs=64_seed=42,lr=0.0001_z=100_bs=64_seed=42,0.0001,0.0001,100,64,42,lr=0.0001_z=100_bs=64,"LR=0.0001, z=100, batch size=64",88,146.09,2026-06-01 20:38:59.718,lr_experiments\lr=1e-04_z=100_bs=64_seed=142,lr_experiments\lr=1e-04_z=100_bs=64_seed=142\training.log,398,LR=0.0001
lr=0.0001_z=100_bs=64_seed=42,lr=0.0001_z=100_bs=64_seed=42,0.0001,0.0001,100,64,42,lr=0.0001_z=100_bs=64,"LR=0.0001, z=100, batch size=64",89,144.88,2026-06-01 20:40:28.368,lr_experiments\lr=1e-04_z=100_bs=64_seed=142,lr_experiments\lr=1e-04_z=100_bs=64_seed=142\training.log,399,LR=0.0001
lr=0.0001_z=100_bs=64_seed=42,lr=0.0001_z=100_bs=64_seed=42,0.0001,0.0001,100,64,42,lr=0.0001_z=100_bs=64,"LR=0.0001, z=100, batch size=64",90,144.53,2026-06-01 20:41:58.690,lr_experiments\lr=1e-04_z=100_bs=64_seed=142,lr_experiments\lr=1e-04_z=100_bs=64_seed=142\training.log,400,LR=0.0001
lr=0.0001_z=100_bs=64_seed=42,lr=0.0001_z=100_bs=64_seed=42,0.0001,0.0001,100,64,42,lr=0.0001_z=100_bs=64,"LR=0.0001, z=100, batch size=64",91,144.81,2026-06-01 20:43:37.975,lr_experiments\lr=1e-04_z=100_bs=64_seed=142,lr_experiments\lr=1e-04_z=100_bs=64_seed=142\training.log,401,LR=0.0001
lr=0.0001_z=100_bs=64_seed=42,lr=0.0001_z=100_bs=64_seed=42,0.0001,0.0001,100,64,42,lr=0.0001_z=100_bs=64,"LR=0.0001, z=100, batch size=64",92,145.08,2026-06-01 20:45:06.201,lr_experiments\lr=1e-04_z=100_bs=64_seed=142,lr_experiments\lr=1e-04_z=100_bs=64_seed=142\training.log,402,LR=0.0001
lr=0.0001_z=100_bs=64_seed=42,lr=0.0001_z=100_bs=64_seed=42,0.0001,0.0001,100,64,42,lr=0.0001_z=100_bs=64,"LR=0.0001, z=100, batch size=64",93,147.98,2026-06-01 20:46:54.588,lr_experiments\lr=1e-04_z=100_bs=64_seed=142,lr_experiments\lr=1e-04_z=100_bs=64_seed=142\training.log,403,LR=0.0001
lr=0.0001_z=100_bs=64_seed=42,lr=0.0001_z=100_bs=64_seed=42,0.0001,0.0001,100,64,42,lr=0.0001_z=100_bs=64,"LR=0.0001, z=100, batch size=64",94,148.82,2026-06-01 20:48:23.888,lr_experiments\lr=1e-04_z=100_bs=64_seed=142,lr_experiments\lr=1e-04_z=100_bs=64_seed=142\training.log,404,LR=0.0001
lr=0.0001_z=100_bs=64_seed=42,lr=0.0001_z=100_bs=64_seed=42,0.0001,0.0001,100,64,42,lr=0.0001_z=100_bs=64,"LR=0.0001, z=100, batch size=64",95,144.27,2026-06-01 20:49:52.543,lr_experiments\lr=1e-04_z=100_bs=64_seed=142,lr_experiments\lr=1e-04_z=100_bs=64_seed=142\training.log,405,LR=0.0001
lr=0.0001_z=100_bs=64_seed=42,lr=0.0001_z=100_bs=64_seed=42,0.0001,0.0001,100,64,42,lr=0.0001_z=100_bs=64,"LR=0.0001, z=100, batch size=64",96,143.5,2026-06-01 20:51:29.758,lr_experiments\lr=1e-04_z=100_bs=64_seed=142,lr_experiments\lr=1e-04_z=100_bs=64_seed=142\training.log,406,LR=0.0001
lr=0.0001_z=100_bs=64_seed=42,lr=0.0001_z=100_bs=64_seed=42,0.0001,0.0001,100,64,42,lr=0.0001_z=100_bs=64,"LR=0.0001, z=100, batch size=64",97,143.5,2026-06-01 20:52:56.884,lr_experiments\lr=1e-04_z=100_bs=64_seed=142,lr_experiments\lr=1e-04_z=100_bs=64_seed=142\training.log,407,LR=0.0001
lr=0.0001_z=100_bs=64_seed=42,lr=0.0001_z=100_bs=64_seed=42,0.0001,0.0001,100,64,42,lr=0.0001_z=100_bs=64,"LR=0.0001, z=100, batch size=64",98,146.12,2026-06-01 20:54:34.813,lr_experiments\lr=1e-04_z=100_bs=64_seed=142,lr_experiments\lr=1e-04_z=100_bs=64_seed=142\training.log,408,LR=0.0001
lr=0.0001_z=100_bs=64_seed=42,lr=0.0001_z=100_bs=64_seed=42,0.0001,0.0001,100,64,42,lr=0.0001_z=100_bs=64,"LR=0.0001, z=100, batch size=64",99,144.72,2026-06-01 20:56:02.725,lr_experiments\lr=1e-04_z=100_bs=64_seed=142,lr_experiments\lr=1e-04_z=100_bs=64_seed=142\training.log,409,LR=0.0001
lr=0.0001_z=100_bs=64_seed=42,lr=0.0001_z=100_bs=64_seed=42,0.0001,0.0001,100,64,42,lr=0.0001_z=100_bs=64,"LR=0.0001, z=100, batch size=64",100,144.75,2026-06-01 20:57:30.599,lr_experiments\lr=1e-04_z=100_bs=64_seed=142,lr_experiments\lr=1e-04_z=100_bs=64_seed=142\training.log,410,LR=0.0001
lr=0.0001_z=100_bs=64_seed=142,lr=0.0001_z=100_bs=64_seed=142,0.0001,0.0001,100,64,142,lr=0.0001_z=100_bs=64,"LR=0.0001, z=100, batch size=64",1,307.74,2026-06-01 12:47:36.915,lr_experiments\lr=1e-04_z=100_bs=64_seed=142,lr_experiments\lr=1e-04_z=100_bs=64_seed=142\training.log,6,LR=0.0001
lr=0.0001_z=100_bs=64_seed=142,lr=0.0001_z=100_bs=64_seed=142,0.0001,0.0001,100,64,142,lr=0.0001_z=100_bs=64,"LR=0.0001, z=100, batch size=64",2,268.78,2026-06-01 12:49:00.759,lr_experiments\lr=1e-04_z=100_bs=64_seed=142,lr_experiments\lr=1e-04_z=100_bs=64_seed=142\training.log,8,LR=0.0001
lr=0.0001_z=100_bs=64_seed=142,lr=0.0001_z=100_bs=64_seed=142,0.0001,0.0001,100,64,142,lr=0.0001_z=100_bs=64,"LR=0.0001, z=100, batch size=64",3,393.09,2026-06-01 12:51:04.180,lr_experiments\lr=1e-04_z=100_bs=64_seed=142,lr_experiments\lr=1e-04_z=100_bs=64_seed=142\training.log,9,LR=0.0001
lr=0.0001_z=100_bs=64_seed=142,lr=0.0001_z=100_bs=64_seed=142,0.0001,0.0001,100,64,142,lr=0.0001_z=100_bs=64,"LR=0.0001, z=100, batch size=64",4,299.5,2026-06-01 12:52:42.637,lr_experiments\lr=1e-04_z=100_bs=64_seed=142,lr_experiments\lr=1e-04_z=100_bs=64_seed=142\training.log,10,LR=0.0001
lr=0.0001_z=100_bs=64_seed=142,lr=0.0001_z=100_bs=64_seed=142,0.0001,0.0001,100,64,142,lr=0.0001_z=100_bs=64,"LR=0.0001, z=100, batch size=64",5,354.89,2026-06-01 12:54:17.496,lr_experiments\lr=1e-04_z=100_bs=64_seed=142,lr_experiments\lr=1e-04_z=100_bs=64_seed=142\training.log,11,LR=0.0001
lr=0.0001_z=100_bs=64_seed=142,lr=0.0001_z=100_bs=64_seed=142,0.0001,0.0001,100,64,142,lr=0.0001_z=100_bs=64,"LR=0.0001, z=100, batch size=64",6,303.93,2026-06-01 12:55:41.054,lr_experiments\lr=1e-04_z=100_bs=64_seed=142,lr_experiments\lr=1e-04_z=100_bs=64_seed=142\training.log,12,LR=0.0001
lr=0.0001_z=100_bs=64_seed=142,lr=0.0001_z=100_bs=64_seed=142,0.0001,0.0001,100,64,142,lr=0.0001_z=100_bs=64,"LR=0.0001, z=100, batch size=64",7,324.61,2026-06-01 12:57:08.459,lr_experiments\lr=1e-04_z=100_bs=64_seed=142,lr_experiments\lr=1e-04_z=100_bs=64_seed=142\training.log,13,LR=0.0001
lr=0.0001_z=100_bs=64_seed=142,lr=0.0001_z=100_bs=64_seed=142,0.0001,0.0001,100,64,142,lr=0.0001_z=100_bs=64,"LR=0.0001, z=100, batch size=64",8,287.59,2026-06-01 12:58:55.286,lr_experiments\lr=1e-04_z=100_bs=64_seed=142,lr_experiments\lr=1e-04_z=100_bs=64_seed=142\training.log,14,LR=0.0001
lr=0.0001_z=100_bs=64_seed=142,lr=0.0001_z=100_bs=64_seed=142,0.0001,0.0001,100,64,142,lr=0.0001_z=100_bs=64,"LR=0.0001, z=100, batch size=64",9,305.31,2026-06-01 13:00:20.508,lr_experiments\lr=1e-04_z=100_bs=64_seed=142,lr_experiments\lr=1e-04_z=100_bs=64_seed=142\training.log,15,LR=0.0001
lr=0.0001_z=100_bs=64_seed=142,lr=0.0001_z=100_bs=64_seed=142,0.0001,0.0001,100,64,142,lr=0.0001_z=100_bs=64,"LR=0.0001, z=100, batch size=64",10,277.86,2026-06-01 13:01:56.514,lr_experiments\lr=1e-04_z=100_bs=64_seed=142,lr_experiments\lr=1e-04_z=100_bs=64_seed=142\training.log,16,LR=0.0001
lr=0.0001_z=100_bs=64_seed=142,lr=0.0001_z=100_bs=64_seed=142,0.0001,0.0001,100,64,142,lr=0.0001_z=100_bs=64,"LR=0.0001, z=100, batch size=64",11,273.3,2026-06-01 13:03:23.280,lr_experiments\lr=1e-04_z=100_bs=64_seed=142,lr_experiments\lr=1e-04_z=100_bs=64_seed=142\training.log,17,LR=0.0001
lr=0.0001_z=100_bs=64_seed=142,lr=0.0001_z=100_bs=64_seed=142,0.0001,0.0001,100,64,142,lr=0.0001_z=100_bs=64,"LR=0.0001, z=100, batch size=64",12,272.0,2026-06-01 13:04:49.261,lr_experiments\lr=1e-04_z=100_bs=64_seed=142,lr_experiments\lr=1e-04_z=100_bs=64_seed=142\training.log,18,LR=0.0001
lr=0.0001_z=100_bs=64_seed=142,lr=0.0001_z=100_bs=64_seed=142,0.0001,0.0001,100,64,142,lr=0.0001_z=100_bs=64,"LR=0.0001, z=100, batch size=64",13,284.52,2026-06-01 13:06:16.034,lr_experiments\lr=1e-04_z=100_bs=64_seed=142,lr_experiments\lr=1e-04_z=100_bs=64_seed=142\training.log,19,LR=0.0001
lr=0.0001_z=100_bs=64_seed=142,lr=0.0001_z=100_bs=64_seed=142,0.0001,0.0001,100,64,142,lr=0.0001_z=100_bs=64,"LR=0.0001, z=100, batch size=64",14,294.06,2026-06-01 13:07:42.013,lr_experiments\lr=1e-04_z=100_bs=64_seed=142,lr_experiments\lr=1e-04_z=100_bs=64_seed=142\training.log,20,LR=0.0001
lr=0.0001_z=100_bs=64_seed=142,lr=0.0001_z=100_bs=64_seed=142,0.0001,0.0001,100,64,142,lr=0.0001_z=100_bs=64,"LR=0.0001, z=100, batch size=64",15,261.03,2026-06-01 13:09:18.776,lr_experiments\lr=1e-04_z=100_bs=64_seed=142,lr_experiments\lr=1e-04_z=100_bs=64_seed=142\training.log,22,LR=0.0001
lr=0.0001_z=100_bs=64_seed=142,lr=0.0001_z=100_bs=64_seed=142,0.0001,0.0001,100,64,142,lr=0.0001_z=100_bs=64,"LR=0.0001, z=100, batch size=64",16,261.62,2026-06-01 13:10:44.786,lr_experiments\lr=1e-04_z=100_bs=64_seed=142,lr_experiments\lr=1e-04_z=100_bs=64_seed=142\training.log,23,LR=0.0001
lr=0.0001_z=100_bs=64_seed=142,lr=0.0001_z=100_bs=64_seed=142,0.0001,0.0001,100,64,142,lr=0.0001_z=100_bs=64,"LR=0.0001, z=100, batch size=64",17,263.46,2026-06-01 13:12:22.216,lr_experiments\lr=1e-04_z=100_bs=64_seed=142,lr_experiments\lr=1e-04_z=100_bs=64_seed=142\training.log,24,LR=0.0001
lr=0.0001_z=100_bs=64_seed=142,lr=0.0001_z=100_bs=64_seed=142,0.0001,0.0001,100,64,142,lr=0.0001_z=100_bs=64,"LR=0.0001, z=100, batch size=64",18,237.74,2026-06-01 13:13:47.962,lr_experiments\lr=1e-04_z=100_bs=64_seed=142,lr_experiments\lr=1e-04_z=100_bs=64_seed=142\training.log,26,LR=0.0001
lr=0.0001_z=100_bs=64_seed=142,lr=0.0001_z=100_bs=64_seed=142,0.0001,0.0001,100,64,142,lr=0.0001_z=100_bs=64,"LR=0.0001, z=100, batch size=64",19,241.52,2026-06-01 13:15:14.463,lr_experiments\lr=1e-04_z=100_bs=64_seed=142,lr_experiments\lr=1e-04_z=100_bs=64_seed=142\training.log,27,LR=0.0001
lr=0.0001_z=100_bs=64_seed=142,lr=0.0001_z=100_bs=64_seed=142,0.0001,0.0001,100,64,142,lr=0.0001_z=100_bs=64,"LR=0.0001, z=100, batch size=64",20,227.42,2026-06-01 13:17:02.424,lr_experiments\lr=1e-04_z=100_bs=64_seed=142,lr_experiments\lr=1e-04_z=100_bs=64_seed=142\training.log,29,LR=0.0001
lr=0.0001_z=100_bs=64_seed=142,lr=0.0001_z=100_bs=64_seed=142,0.0001,0.0001,100,64,142,lr=0.0001_z=100_bs=64,"LR=0.0001, z=100, batch size=64",21,240.47,2026-06-01 13:18:30.780,lr_experiments\lr=1e-04_z=100_bs=64_seed=142,lr_experiments\lr=1e-04_z=100_bs=64_seed=142\training.log,30,LR=0.0001
lr=0.0001_z=100_bs=64_seed=142,lr=0.0001_z=100_bs=64_seed=142,0.0001,0.0001,100,64,142,lr=0.0001_z=100_bs=64,"LR=0.0001, z=100, batch size=64",22,215.2,2026-06-01 13:20:06.685,lr_experiments\lr=1e-04_z=100_bs=64_seed=142,lr_experiments\lr=1e-04_z=100_bs=64_seed=142\training.log,32,LR=0.0001
lr=0.0001_z=100_bs=64_seed=142,lr=0.0001_z=100_bs=64_seed=142,0.0001,0.0001,100,64,142,lr=0.0001_z=100_bs=64,"LR=0.0001, z=100, batch size=64",23,228.21,2026-06-01 13:21:33.810,lr_experiments\lr=1e-04_z=100_bs=64_seed=142,lr_experiments\lr=1e-04_z=100_bs=64_seed=142\training.log,33,LR=0.0001
lr=0.0001_z=100_bs=64_seed=142,lr=0.0001_z=100_bs=64_seed=142,0.0001,0.0001,100,64,142,lr=0.0001_z=100_bs=64,"LR=0.0001, z=100, batch size=64",24,223.05,2026-06-01 13:23:24.736,lr_experiments\lr=1e-04_z=100_bs=64_seed=142,lr_experiments\lr=1e-04_z=100_bs=64_seed=142\training.log,34,LR=0.0001
lr=0.0001_z=100_bs=64_seed=142,lr=0.0001_z=100_bs=64_seed=142,0.0001,0.0001,100,64,142,lr=0.0001_z=100_bs=64,"LR=0.0001, z=100, batch size=64",25,212.58,2026-06-01 13:24:53.254,lr_experiments\lr=1e-04_z=100_bs=64_seed=142,lr_experiments\lr=1e-04_z=100_bs=64_seed=142\training.log,36,LR=0.0001
lr=0.0001_z=100_bs=64_seed=142,lr=0.0001_z=100_bs=64_seed=142,0.0001,0.0001,100,64,142,lr=0.0001_z=100_bs=64,"LR=0.0001, z=100, batch size=64",26,205.04,2026-06-01 13:26:24.231,lr_experiments\lr=1e-04_z=100_bs=64_seed=142,lr_experiments\lr=1e-04_z=100_bs=64_seed=142\training.log,38,LR=0.0001
lr=0.0001_z=100_bs=64_seed=142,lr=0.0001_z=100_bs=64_seed=142,0.0001,0.0001,100,64,142,lr=0.0001_z=100_bs=64,"LR=0.0001, z=100, batch size=64",27,209.46,2026-06-01 13:28:00.213,lr_experiments\lr=1e-04_z=100_bs=64_seed=142,lr_experiments\lr=1e-04_z=100_bs=64_seed=142\training.log,39,LR=0.0001
lr=0.0001_z=100_bs=64_seed=142,lr=0.0001_z=100_bs=64_seed=142,0.0001,0.0001,100,64,142,lr=0.0001_z=100_bs=64,"LR=0.0001, z=100, batch size=64",28,220.84,2026-06-01 13:29:25.423,lr_experiments\lr=1e-04_z=100_bs=64_seed=142,lr_experiments\lr=1e-04_z=100_bs=64_seed=142\training.log,40,LR=0.0001
lr=0.0001_z=100_bs=64_seed=142,lr=0.0001_z=100_bs=64_seed=142,0.0001,0.0001,100,64,142,lr=0.0001_z=100_bs=64,"LR=0.0001, z=100, batch size=64",29,204.21,2026-06-01 13:31:19.157,lr_experiments\lr=1e-04_z=100_bs=64_seed=142,lr_experiments\lr=1e-04_z=100_bs=64_seed=142\training.log,42,LR=0.0001
lr=0.0001_z=100_bs=64_seed=142,lr=0.0001_z=100_bs=64_seed=142,0.0001,0.0001,100,64,142,lr=0.0001_z=100_bs=64,"LR=0.0001, z=100, batch size=64",30,203.98,2026-06-01 13:32:57.877,lr_experiments\lr=1e-04_z=100_bs=64_seed=142,lr_experiments\lr=1e-04_z=100_bs=64_seed=142\training.log,44,LR=0.0001
lr=0.0001_z=100_bs=64_seed=142,lr=0.0001_z=100_bs=64_seed=142,0.0001,0.0001,100,64,142,lr=0.0001_z=100_bs=64,"LR=0.0001, z=100, batch size=64",31,204.33,2026-06-01 13:34:24.432,lr_experiments\lr=1e-04_z=100_bs=64_seed=142,lr_experiments\lr=1e-04_z=100_bs=64_seed=142\training.log,45,LR=0.0001
lr=0.0001_z=100_bs=64_seed=142,lr=0.0001_z=100_bs=64_seed=142,0.0001,0.0001,100,64,142,lr=0.0001_z=100_bs=64,"LR=0.0001, z=100, batch size=64",32,201.31,2026-06-01 13:36:11.793,lr_experiments\lr=1e-04_z=100_bs=64_seed=142,lr_experiments\lr=1e-04_z=100_bs=64_seed=142\training.log,47,LR=0.0001
lr=0.0001_z=100_bs=64_seed=142,lr=0.0001_z=100_bs=64_seed=142,0.0001,0.0001,100,64,142,lr=0.0001_z=100_bs=64,"LR=0.0001, z=100, batch size=64",33,191.36,2026-06-01 13:37:58.052,lr_experiments\lr=1e-04_z=100_bs=64_seed=142,lr_experiments\lr=1e-04_z=100_bs=64_seed=142\training.log,49,LR=0.0001
lr=0.0001_z=100_bs=64_seed=142,lr=0.0001_z=100_bs=64_seed=142,0.0001,0.0001,100,64,142,lr=0.0001_z=100_bs=64,"LR=0.0001, z=100, batch size=64",34,193.98,2026-06-01 13:39:36.890,lr_experiments\lr=1e-04_z=100_bs=64_seed=142,lr_experiments\lr=1e-04_z=100_bs=64_seed=142\training.log,50,LR=0.0001
lr=0.0001_z=100_bs=64_seed=142,lr=0.0001_z=100_bs=64_seed=142,0.0001,0.0001,100,64,142,lr=0.0001_z=100_bs=64,"LR=0.0001, z=100, batch size=64",35,187.26,2026-06-01 13:41:05.424,lr_experiments\lr=1e-04_z=100_bs=64_seed=142,lr_experiments\lr=1e-04_z=100_bs=64_seed=142\training.log,52,LR=0.0001
lr=0.0001_z=100_bs=64_seed=142,lr=0.0001_z=100_bs=64_seed=142,0.0001,0.0001,100,64,142,lr=0.0001_z=100_bs=64,"LR=0.0001, z=100, batch size=64",36,187.31,2026-06-01 13:42:53.771,lr_experiments\lr=1e-04_z=100_bs=64_seed=142,lr_experiments\lr=1e-04_z=100_bs=64_seed=142\training.log,53,LR=0.0001
lr=0.0001_z=100_bs=64_seed=142,lr=0.0001_z=100_bs=64_seed=142,0.0001,0.0001,100,64,142,lr=0.0001_z=100_bs=64,"LR=0.0001, z=100, batch size=64",37,182.11,2026-06-01 13:44:25.696,lr_experiments\lr=1e-04_z=100_bs=64_seed=142,lr_experiments\lr=1e-04_z=100_bs=64_seed=142\training.log,55,LR=0.0001
lr=0.0001_z=100_bs=64_seed=142,lr=0.0001_z=100_bs=64_seed=142,0.0001,0.0001,100,64,142,lr=0.0001_z=100_bs=64,"LR=0.0001, z=100, batch size=64",38,181.53,2026-06-01 13:45:58.626,lr_experiments\lr=1e-04_z=100_bs=64_seed=142,lr_experiments\lr=1e-04_z=100_bs=64_seed=142\training.log,57,LR=0.0001
lr=0.0001_z=100_bs=64_seed=142,lr=0.0001_z=100_bs=64_seed=142,0.0001,0.0001,100,64,142,lr=0.0001_z=100_bs=64,"LR=0.0001, z=100, batch size=64",39,178.85,2026-06-01 13:47:41.613,lr_experiments\lr=1e-04_z=100_bs=64_seed=142,lr_experiments\lr=1e-04_z=100_bs=64_seed=142\training.log,59,LR=0.0001
lr=0.0001_z=100_bs=64_seed=142,lr=0.0001_z=100_bs=64_seed=142,0.0001,0.0001,100,64,142,lr=0.0001_z=100_bs=64,"LR=0.0001, z=100, batch size=64",40,189.35,2026-06-01 13:49:33.046,lr_experiments\lr=1e-04_z=100_bs=64_seed=142,lr_experiments\lr=1e-04_z=100_bs=64_seed=142\training.log,60,LR=0.0001
lr=0.0001_z=100_bs=64_seed=142,lr=0.0001_z=100_bs=64_seed=142,0.0001,0.0001,100,64,142,lr=0.0001_z=100_bs=64,"LR=0.0001, z=100, batch size=64",41,179.96,2026-06-01 13:51:27.310,lr_experiments\lr=1e-04_z=100_bs=64_seed=142,lr_experiments\lr=1e-04_z=100_bs=64_seed=142\training.log,61,LR=0.0001
lr=0.0001_z=100_bs=64_seed=142,lr=0.0001_z=100_bs=64_seed=142,0.0001,0.0001,100,64,142,lr=0.0001_z=100_bs=64,"LR=0.0001, z=100, batch size=64",42,171.02,2026-06-01 13:53:05.652,lr_experiments\lr=1e-04_z=100_bs=64_seed=142,lr_experiments\lr=1e-04_z=100_bs=64_seed=142\training.log,63,LR=0.0001
lr=0.0001_z=100_bs=64_seed=142,lr=0.0001_z=100_bs=64_seed=142,0.0001,0.0001,100,64,142,lr=0.0001_z=100_bs=64,"LR=0.0001, z=100, batch size=64",43,175.91,2026-06-01 13:54:42.980,lr_experiments\lr=1e-04_z=100_bs=64_seed=142,lr_experiments\lr=1e-04_z=100_bs=64_seed=142\training.log,64,LR=0.0001
lr=0.0001_z=100_bs=64_seed=142,lr=0.0001_z=100_bs=64_seed=142,0.0001,0.0001,100,64,142,lr=0.0001_z=100_bs=64,"LR=0.0001, z=100, batch size=64",44,183.99,2026-06-01 13:56:44.993,lr_experiments\lr=1e-04_z=100_bs=64_seed=142,lr_experiments\lr=1e-04_z=100_bs=64_seed=142\training.log,65,LR=0.0001
lr=0.0001_z=100_bs=64_seed=142,lr=0.0001_z=100_bs=64_seed=142,0.0001,0.0001,100,64,142,lr=0.0001_z=100_bs=64,"LR=0.0001, z=100, batch size=64",45,180.51,2026-06-01 13:58:21.427,lr_experiments\lr=1e-04_z=100_bs=64_seed=142,lr_experiments\lr=1e-04_z=100_bs=64_seed=142\training.log,66,LR=0.0001
lr=0.0001_z=100_bs=64_seed=142,lr=0.0001_z=100_bs=64_seed=142,0.0001,0.0001,100,64,142,lr=0.0001_z=100_bs=64,"LR=0.0001, z=100, batch size=64",46,180.42,2026-06-01 13:59:58.047,lr_experiments\lr=1e-04_z=100_bs=64_seed=142,lr_experiments\lr=1e-04_z=100_bs=64_seed=142\training.log,67,LR=0.0001
lr=0.0001_z=100_bs=64_seed=142,lr=0.0001_z=100_bs=64_seed=142,0.0001,0.0001,100,64,142,lr=0.0001_z=100_bs=64,"LR=0.0001, z=100, batch size=64",47,170.96,2026-06-01 14:01:24.857,lr_experiments\lr=1e-04_z=100_bs=64_seed=142,lr_experiments\lr=1e-04_z=100_bs=64_seed=142\training.log,69,LR=0.0001
lr=0.0001_z=100_bs=64_seed=142,lr=0.0001_z=100_bs=64_seed=142,0.0001,0.0001,100,64,142,lr=0.0001_z=100_bs=64,"LR=0.0001, z=100, batch size=64",48,176.51,2026-06-01 14:03:12.362,lr_experiments\lr=1e-04_z=100_bs=64_seed=142,lr_experiments\lr=1e-04_z=100_bs=64_seed=142\training.log,70,LR=0.0001
lr=0.0001_z=100_bs=64_seed=142,lr=0.0001_z=100_bs=64_seed=142,0.0001,0.0001,100,64,142,lr=0.0001_z=100_bs=64,"LR=0.0001, z=100, batch size=64",49,168.03,2026-06-01 14:05:07.749,lr_experiments\lr=1e-04_z=100_bs=64_seed=142,lr_experiments\lr=1e-04_z=100_bs=64_seed=142\training.log,72,LR=0.0001
lr=0.0001_z=100_bs=64_seed=142,lr=0.0001_z=100_bs=64_seed=142,0.0001,0.0001,100,64,142,lr=0.0001_z=100_bs=64,"LR=0.0001, z=100, batch size=64",50,169.57,2026-06-01 14:06:39.555,lr_experiments\lr=1e-04_z=100_bs=64_seed=142,lr_experiments\lr=1e-04_z=100_bs=64_seed=142\training.log,73,LR=0.0001
lr=0.0001_z=100_bs=64_seed=142,lr=0.0001_z=100_bs=64_seed=142,0.0001,0.0001,100,64,142,lr=0.0001_z=100_bs=64,"LR=0.0001, z=100, batch size=64",51,171.23,2026-06-01 14:08:22.925,lr_experiments\lr=1e-04_z=100_bs=64_seed=142,lr_experiments\lr=1e-04_z=100_bs=64_seed=142\training.log,74,LR=0.0001
lr=0.0001_z=100_bs=64_seed=142,lr=0.0001_z=100_bs=64_seed=142,0.0001,0.0001,100,64,142,lr=0.0001_z=100_bs=64,"LR=0.0001, z=100, batch size=64",52,173.51,2026-06-01 14:09:50.806,lr_experiments\lr=1e-04_z=100_bs=64_seed=142,lr_experiments\lr=1e-04_z=100_bs=64_seed=142\training.log,75,LR=0.0001
lr=0.0001_z=100_bs=64_seed=142,lr=0.0001_z=100_bs=64_seed=142,0.0001,0.0001,100,64,142,lr=0.0001_z=100_bs=64,"LR=0.0001, z=100, batch size=64",53,162.4,2026-06-01 14:11:27.701,lr_experiments\lr=1e-04_z=100_bs=64_seed=142,lr_experiments\lr=1e-04_z=100_bs=64_seed=142\training.log,77,LR=0.0001
lr=0.0001_z=100_bs=64_seed=142,lr=0.0001_z=100_bs=64_seed=142,0.0001,0.0001,100,64,142,lr=0.0001_z=100_bs=64,"LR=0.0001, z=100, batch size=64",54,166.11,2026-06-01 14:12:54.620,lr_experiments\lr=1e-04_z=100_bs=64_seed=142,lr_experiments\lr=1e-04_z=100_bs=64_seed=142\training.log,78,LR=0.0001
lr=0.0001_z=100_bs=64_seed=142,lr=0.0001_z=100_bs=64_seed=142,0.0001,0.0001,100,64,142,lr=0.0001_z=100_bs=64,"LR=0.0001, z=100, batch size=64",55,160.25,2026-06-01 14:14:22.197,lr_experiments\lr=1e-04_z=100_bs=64_seed=142,lr_experiments\lr=1e-04_z=100_bs=64_seed=142\training.log,80,LR=0.0001
lr=0.0001_z=100_bs=64_seed=142,lr=0.0001_z=100_bs=64_seed=142,0.0001,0.0001,100,64,142,lr=0.0001_z=100_bs=64,"LR=0.0001, z=100, batch size=64",56,162.36,2026-06-01 14:15:50.557,lr_experiments\lr=1e-04_z=100_bs=64_seed=142,lr_experiments\lr=1e-04_z=100_bs=64_seed=142\training.log,81,LR=0.0001
lr=0.0001_z=100_bs=64_seed=142,lr=0.0001_z=100_bs=64_seed=142,0.0001,0.0001,100,64,142,lr=0.0001_z=100_bs=64,"LR=0.0001, z=100, batch size=64",57,160.7,2026-06-01 14:17:16.597,lr_experiments\lr=1e-04_z=100_bs=64_seed=142,lr_experiments\lr=1e-04_z=100_bs=64_seed=142\training.log,82,LR=0.0001
lr=0.0001_z=100_bs=64_seed=142,lr=0.0001_z=100_bs=64_seed=142,0.0001,0.0001,100,64,142,lr=0.0001_z=100_bs=64,"LR=0.0001, z=100, batch size=64",58,156.48,2026-06-01 14:19:05.063,lr_experiments\lr=1e-04_z=100_bs=64_seed=142,lr_experiments\lr=1e-04_z=100_bs=64_seed=142\training.log,84,LR=0.0001
lr=0.0001_z=100_bs=64_seed=142,lr=0.0001_z=100_bs=64_seed=142,0.0001,0.0001,100,64,142,lr=0.0001_z=100_bs=64,"LR=0.0001, z=100, batch size=64",59,160.95,2026-06-01 14:20:53.588,lr_experiments\lr=1e-04_z=100_bs=64_seed=142,lr_experiments\lr=1e-04_z=100_bs=64_seed=142\training.log,85,LR=0.0001
lr=0.0001_z=100_bs=64_seed=142,lr=0.0001_z=100_bs=64_seed=142,0.0001,0.0001,100,64,142,lr=0.0001_z=100_bs=64,"LR=0.0001, z=100, batch size=64",60,156.7,2026-06-01 14:22:38.108,lr_experiments\lr=1e-04_z=100_bs=64_seed=142,lr_experiments\lr=1e-04_z=100_bs=64_seed=142\training.log,86,LR=0.0001
lr=0.0001_z=100_bs=64_seed=142,lr=0.0001_z=100_bs=64_seed=142,0.0001,0.0001,100,64,142,lr=0.0001_z=100_bs=64,"LR=0.0001, z=100, batch size=64",61,154.65,2026-06-01 14:24:16.698,lr_experiments\lr=1e-04_z=100_bs=64_seed=142,lr_experiments\lr=1e-04_z=100_bs=64_seed=142\training.log,88,LR=0.0001
lr=0.0001_z=100_bs=64_seed=142,lr=0.0001_z=100_bs=64_seed=142,0.0001,0.0001,100,64,142,lr=0.0001_z=100_bs=64,"LR=0.0001, z=100, batch size=64",62,164.98,2026-06-01 14:25:54.414,lr_experiments\lr=1e-04_z=100_bs=64_seed=142,lr_experiments\lr=1e-04_z=100_bs=64_seed=142\training.log,89,LR=0.0001
lr=0.0001_z=100_bs=64_seed=142,lr=0.0001_z=100_bs=64_seed=142,0.0001,0.0001,100,64,142,lr=0.0001_z=100_bs=64,"LR=0.0001, z=100, batch size=64",63,153.76,2026-06-01 14:27:37.925,lr_experiments\lr=1e-04_z=100_bs=64_seed=142,lr_experiments\lr=1e-04_z=100_bs=64_seed=142\training.log,91,LR=0.0001
lr=0.0001_z=100_bs=64_seed=142,lr=0.0001_z=100_bs=64_seed=142,0.0001,0.0001,100,64,142,lr=0.0001_z=100_bs=64,"LR=0.0001, z=100, batch size=64",64,155.37,2026-06-01 14:29:10.544,lr_experiments\lr=1e-04_z=100_bs=64_seed=142,lr_experiments\lr=1e-04_z=100_bs=64_seed=142\training.log,92,LR=0.0001
lr=0.0001_z=100_bs=64_seed=142,lr=0.0001_z=100_bs=64_seed=142,0.0001,0.0001,100,64,142,lr=0.0001_z=100_bs=64,"LR=0.0001, z=100, batch size=64",65,152.32,2026-06-01 14:30:55.474,lr_experiments\lr=1e-04_z=100_bs=64_seed=142,lr_experiments\lr=1e-04_z=100_bs=64_seed=142\training.log,94,LR=0.0001
lr=0.0001_z=100_bs=64_seed=142,lr=0.0001_z=100_bs=64_seed=142,0.0001,0.0001,100,64,142,lr=0.0001_z=100_bs=64,"LR=0.0001, z=100, batch size=64",66,148.48,2026-06-01 14:32:24.637,lr_experiments\lr=1e-04_z=100_bs=64_seed=142,lr_experiments\lr=1e-04_z=100_bs=64_seed=142\training.log,96,LR=0.0001
lr=0.0001_z=100_bs=64_seed=142,lr=0.0001_z=100_bs=64_seed=142,0.0001,0.0001,100,64,142,lr=0.0001_z=100_bs=64,"LR=0.0001, z=100, batch size=64",67,148.29,2026-06-01 14:33:51.408,lr_experiments\lr=1e-04_z=100_bs=64_seed=142,lr_experiments\lr=1e-04_z=100_bs=64_seed=142\training.log,98,LR=0.0001
lr=0.0001_z=100_bs=64_seed=142,lr=0.0001_z=100_bs=64_seed=142,0.0001,0.0001,100,64,142,lr=0.0001_z=100_bs=64,"LR=0.0001, z=100, batch size=64",68,152.11,2026-06-01 14:35:17.243,lr_experiments\lr=1e-04_z=100_bs=64_seed=142,lr_experiments\lr=1e-04_z=100_bs=64_seed=142\training.log,99,LR=0.0001
lr=0.0001_z=100_bs=64_seed=142,lr=0.0001_z=100_bs=64_seed=142,0.0001,0.0001,100,64,142,lr=0.0001_z=100_bs=64,"LR=0.0001, z=100, batch size=64",69,145.59,2026-06-01 14:36:43.603,lr_experiments\lr=1e-04_z=100_bs=64_seed=142,lr_experiments\lr=1e-04_z=100_bs=64_seed=142\training.log,101,LR=0.0001
lr=0.0001_z=100_bs=64_seed=142,lr=0.0001_z=100_bs=64_seed=142,0.0001,0.0001,100,64,142,lr=0.0001_z=100_bs=64,"LR=0.0001, z=100, batch size=64",70,152.64,2026-06-01 14:38:21.536,lr_experiments\lr=1e-04_z=100_bs=64_seed=142,lr_experiments\lr=1e-04_z=100_bs=64_seed=142\training.log,102,LR=0.0001
lr=0.0001_z=100_bs=64_seed=142,lr=0.0001_z=100_bs=64_seed=142,0.0001,0.0001,100,64,142,lr=0.0001_z=100_bs=64,"LR=0.0001, z=100, batch size=64",71,147.14,2026-06-01 14:39:51.435,lr_experiments\lr=1e-04_z=100_bs=64_seed=142,lr_experiments\lr=1e-04_z=100_bs=64_seed=142\training.log,103,LR=0.0001
lr=0.0001_z=100_bs=64_seed=142,lr=0.0001_z=100_bs=64_seed=142,0.0001,0.0001,100,64,142,lr=0.0001_z=100_bs=64,"LR=0.0001, z=100, batch size=64",72,153.68,2026-06-01 14:41:24.757,lr_experiments\lr=1e-04_z=100_bs=64_seed=142,lr_experiments\lr=1e-04_z=100_bs=64_seed=142\training.log,104,LR=0.0001
lr=0.0001_z=100_bs=64_seed=142,lr=0.0001_z=100_bs=64_seed=142,0.0001,0.0001,100,64,142,lr=0.0001_z=100_bs=64,"LR=0.0001, z=100, batch size=64",73,146.12,2026-06-01 14:42:53.687,lr_experiments\lr=1e-04_z=100_bs=64_seed=142,lr_experiments\lr=1e-04_z=100_bs=64_seed=142\training.log,105,LR=0.0001
lr=0.0001_z=100_bs=64_seed=142,lr=0.0001_z=100_bs=64_seed=142,0.0001,0.0001,100,64,142,lr=0.0001_z=100_bs=64,"LR=0.0001, z=100, batch size=64",74,155.19,2026-06-01 14:44:21.659,lr_experiments\lr=1e-04_z=100_bs=64_seed=142,lr_experiments\lr=1e-04_z=100_bs=64_seed=142\training.log,106,LR=0.0001
lr=0.0001_z=100_bs=64_seed=142,lr=0.0001_z=100_bs=64_seed=142,0.0001,0.0001,100,64,142,lr=0.0001_z=100_bs=64,"LR=0.0001, z=100, batch size=64",75,145.55,2026-06-01 14:46:09.830,lr_experiments\lr=1e-04_z=100_bs=64_seed=142,lr_experiments\lr=1e-04_z=100_bs=64_seed=142\training.log,108,LR=0.0001
lr=0.0001_z=100_bs=64_seed=142,lr=0.0001_z=100_bs=64_seed=142,0.0001,0.0001,100,64,142,lr=0.0001_z=100_bs=64,"LR=0.0001, z=100, batch size=64",76,153.13,2026-06-01 14:47:36.315,lr_experiments\lr=1e-04_z=100_bs=64_seed=142,lr_experiments\lr=1e-04_z=100_bs=64_seed=142\training.log,109,LR=0.0001
lr=0.0001_z=100_bs=64_seed=142,lr=0.0001_z=100_bs=64_seed=142,0.0001,0.0001,100,64,142,lr=0.0001_z=100_bs=64,"LR=0.0001, z=100, batch size=64",77,144.41,2026-06-01 14:49:12.809,lr_experiments\lr=1e-04_z=100_bs=64_seed=142,lr_experiments\lr=1e-04_z=100_bs=64_seed=142\training.log,111,LR=0.0001
lr=0.0001_z=100_bs=64_seed=142,lr=0.0001_z=100_bs=64_seed=142,0.0001,0.0001,100,64,142,lr=0.0001_z=100_bs=64,"LR=0.0001, z=100, batch size=64",78,150.08,2026-06-01 14:50:40.821,lr_experiments\lr=1e-04_z=100_bs=64_seed=142,lr_experiments\lr=1e-04_z=100_bs=64_seed=142\training.log,112,LR=0.0001
lr=0.0001_z=100_bs=64_seed=142,lr=0.0001_z=100_bs=64_seed=142,0.0001,0.0001,100,64,142,lr=0.0001_z=100_bs=64,"LR=0.0001, z=100, batch size=64",79,141.85,2026-06-01 14:52:08.173,lr_experiments\lr=1e-04_z=100_bs=64_seed=142,lr_experiments\lr=1e-04_z=100_bs=64_seed=142\training.log,114,LR=0.0001
lr=0.0001_z=100_bs=64_seed=142,lr=0.0001_z=100_bs=64_seed=142,0.0001,0.0001,100,64,142,lr=0.0001_z=100_bs=64,"LR=0.0001, z=100, batch size=64",80,138.3,2026-06-01 14:53:34.183,lr_experiments\lr=1e-04_z=100_bs=64_seed=142,lr_experiments\lr=1e-04_z=100_bs=64_seed=142\training.log,116,LR=0.0001
lr=0.0001_z=100_bs=64_seed=142,lr=0.0001_z=100_bs=64_seed=142,0.0001,0.0001,100,64,142,lr=0.0001_z=100_bs=64,"LR=0.0001, z=100, batch size=64",81,139.21,2026-06-01 14:55:30.273,lr_experiments\lr=1e-04_z=100_bs=64_seed=142,lr_experiments\lr=1e-04_z=100_bs=64_seed=142\training.log,117,LR=0.0001
lr=0.0001_z=100_bs=64_seed=142,lr=0.0001_z=100_bs=64_seed=142,0.0001,0.0001,100,64,142,lr=0.0001_z=100_bs=64,"LR=0.0001, z=100, batch size=64",82,139.79,2026-06-01 14:57:14.966,lr_experiments\lr=1e-04_z=100_bs=64_seed=142,lr_experiments\lr=1e-04_z=100_bs=64_seed=142\training.log,118,LR=0.0001
lr=0.0001_z=100_bs=64_seed=142,lr=0.0001_z=100_bs=64_seed=142,0.0001,0.0001,100,64,142,lr=0.0001_z=100_bs=64,"LR=0.0001, z=100, batch size=64",83,147.78,2026-06-01 14:58:43.282,lr_experiments\lr=1e-04_z=100_bs=64_seed=142,lr_experiments\lr=1e-04_z=100_bs=64_seed=142\training.log,119,LR=0.0001
lr=0.0001_z=100_bs=64_seed=142,lr=0.0001_z=100_bs=64_seed=142,0.0001,0.0001,100,64,142,lr=0.0001_z=100_bs=64,"LR=0.0001, z=100, batch size=64",84,140.27,2026-06-01 15:00:19.569,lr_experiments\lr=1e-04_z=100_bs=64_seed=142,lr_experiments\lr=1e-04_z=100_bs=64_seed=142\training.log,120,LR=0.0001
lr=0.0001_z=100_bs=64_seed=142,lr=0.0001_z=100_bs=64_seed=142,0.0001,0.0001,100,64,142,lr=0.0001_z=100_bs=64,"LR=0.0001, z=100, batch size=64",85,146.58,2026-06-01 15:01:52.512,lr_experiments\lr=1e-04_z=100_bs=64_seed=142,lr_experiments\lr=1e-04_z=100_bs=64_seed=142\training.log,121,LR=0.0001
lr=0.0001_z=100_bs=64_seed=142,lr=0.0001_z=100_bs=64_seed=142,0.0001,0.0001,100,64,142,lr=0.0001_z=100_bs=64,"LR=0.0001, z=100, batch size=64",86,138.25,2026-06-01 15:03:19.124,lr_experiments\lr=1e-04_z=100_bs=64_seed=142,lr_experiments\lr=1e-04_z=100_bs=64_seed=142\training.log,123,LR=0.0001
lr=0.0001_z=100_bs=64_seed=142,lr=0.0001_z=100_bs=64_seed=142,0.0001,0.0001,100,64,142,lr=0.0001_z=100_bs=64,"LR=0.0001, z=100, batch size=64",87,138.93,2026-06-01 15:05:03.291,lr_experiments\lr=1e-04_z=100_bs=64_seed=142,lr_experiments\lr=1e-04_z=100_bs=64_seed=142\training.log,124,LR=0.0001
lr=0.0001_z=100_bs=64_seed=142,lr=0.0001_z=100_bs=64_seed=142,0.0001,0.0001,100,64,142,lr=0.0001_z=100_bs=64,"LR=0.0001, z=100, batch size=64",88,154.91,2026-06-01 15:06:37.175,lr_experiments\lr=1e-04_z=100_bs=64_seed=142,lr_experiments\lr=1e-04_z=100_bs=64_seed=142\training.log,125,LR=0.0001
lr=0.0001_z=100_bs=64_seed=142,lr=0.0001_z=100_bs=64_seed=142,0.0001,0.0001,100,64,142,lr=0.0001_z=100_bs=64,"LR=0.0001, z=100, batch size=64",89,139.17,2026-06-01 15:08:14.001,lr_experiments\lr=1e-04_z=100_bs=64_seed=142,lr_experiments\lr=1e-04_z=100_bs=64_seed=142\training.log,126,LR=0.0001
lr=0.0001_z=100_bs=64_seed=142,lr=0.0001_z=100_bs=64_seed=142,0.0001,0.0001,100,64,142,lr=0.0001_z=100_bs=64,"LR=0.0001, z=100, batch size=64",90,133.18,2026-06-01 15:09:44.877,lr_experiments\lr=1e-04_z=100_bs=64_seed=142,lr_experiments\lr=1e-04_z=100_bs=64_seed=142\training.log,128,LR=0.0001
lr=0.0001_z=100_bs=64_seed=142,lr=0.0001_z=100_bs=64_seed=142,0.0001,0.0001,100,64,142,lr=0.0001_z=100_bs=64,"LR=0.0001, z=100, batch size=64",91,134.35,2026-06-01 15:11:11.846,lr_experiments\lr=1e-04_z=100_bs=64_seed=142,lr_experiments\lr=1e-04_z=100_bs=64_seed=142\training.log,129,LR=0.0001
lr=0.0001_z=100_bs=64_seed=142,lr=0.0001_z=100_bs=64_seed=142,0.0001,0.0001,100,64,142,lr=0.0001_z=100_bs=64,"LR=0.0001, z=100, batch size=64",92,135.31,2026-06-01 15:12:39.755,lr_experiments\lr=1e-04_z=100_bs=64_seed=142,lr_experiments\lr=1e-04_z=100_bs=64_seed=142\training.log,130,LR=0.0001
lr=0.0001_z=100_bs=64_seed=142,lr=0.0001_z=100_bs=64_seed=142,0.0001,0.0001,100,64,142,lr=0.0001_z=100_bs=64,"LR=0.0001, z=100, batch size=64",93,133.5,2026-06-01 15:14:15.166,lr_experiments\lr=1e-04_z=100_bs=64_seed=142,lr_experiments\lr=1e-04_z=100_bs=64_seed=142\training.log,131,LR=0.0001
lr=0.0001_z=100_bs=64_seed=142,lr=0.0001_z=100_bs=64_seed=142,0.0001,0.0001,100,64,142,lr=0.0001_z=100_bs=64,"LR=0.0001, z=100, batch size=64",94,148.42,2026-06-01 15:15:53.856,lr_experiments\lr=1e-04_z=100_bs=64_seed=142,lr_experiments\lr=1e-04_z=100_bs=64_seed=142\training.log,132,LR=0.0001
lr=0.0001_z=100_bs=64_seed=142,lr=0.0001_z=100_bs=64_seed=142,0.0001,0.0001,100,64,142,lr=0.0001_z=100_bs=64,"LR=0.0001, z=100, batch size=64",95,139.63,2026-06-01 15:17:36.454,lr_experiments\lr=1e-04_z=100_bs=64_seed=142,lr_experiments\lr=1e-04_z=100_bs=64_seed=142\training.log,133,LR=0.0001
lr=0.0001_z=100_bs=64_seed=142,lr=0.0001_z=100_bs=64_seed=142,0.0001,0.0001,100,64,142,lr=0.0001_z=100_bs=64,"LR=0.0001, z=100, batch size=64",96,136.71,2026-06-01 15:19:15.188,lr_experiments\lr=1e-04_z=100_bs=64_seed=142,lr_experiments\lr=1e-04_z=100_bs=64_seed=142\training.log,134,LR=0.0001
lr=0.0001_z=100_bs=64_seed=142,lr=0.0001_z=100_bs=64_seed=142,0.0001,0.0001,100,64,142,lr=0.0001_z=100_bs=64,"LR=0.0001, z=100, batch size=64",97,136.28,2026-06-01 15:20:45.161,lr_experiments\lr=1e-04_z=100_bs=64_seed=142,lr_experiments\lr=1e-04_z=100_bs=64_seed=142\training.log,135,LR=0.0001
lr=0.0001_z=100_bs=64_seed=142,lr=0.0001_z=100_bs=64_seed=142,0.0001,0.0001,100,64,142,lr=0.0001_z=100_bs=64,"LR=0.0001, z=100, batch size=64",98,140.28,2026-06-01 15:22:17.205,lr_experiments\lr=1e-04_z=100_bs=64_seed=142,lr_experiments\lr=1e-04_z=100_bs=64_seed=142\training.log,136,LR=0.0001
lr=0.0001_z=100_bs=64_seed=142,lr=0.0001_z=100_bs=64_seed=142,0.0001,0.0001,100,64,142,lr=0.0001_z=100_bs=64,"LR=0.0001, z=100, batch size=64",99,137.36,2026-06-01 15:23:54.087,lr_experiments\lr=1e-04_z=100_bs=64_seed=142,lr_experiments\lr=1e-04_z=100_bs=64_seed=142\training.log,137,LR=0.0001
lr=0.0001_z=100_bs=64_seed=142,lr=0.0001_z=100_bs=64_seed=142,0.0001,0.0001,100,64,142,lr=0.0001_z=100_bs=64,"LR=0.0001, z=100, batch size=64",100,140.95,2026-06-01 15:25:22.572,lr_experiments\lr=1e-04_z=100_bs=64_seed=142,lr_experiments\lr=1e-04_z=100_bs=64_seed=142\training.log,138,LR=0.0001
lr=0.0001_z=100_bs=64_seed=242,lr=0.0001_z=100_bs=64_seed=242,0.0001,0.0001,100,64,242,lr=0.0001_z=100_bs=64,"LR=0.0001, z=100, batch size=64",1,274.57,2026-06-01 15:35:31.316,lr_experiments\lr=1e-04_z=100_bs=64_seed=142,lr_experiments\lr=1e-04_z=100_bs=64_seed=142\training.log,146,LR=0.0001
lr=0.0001_z=100_bs=64_seed=242,lr=0.0001_z=100_bs=64_seed=242,0.0001,0.0001,100,64,242,lr=0.0001_z=100_bs=64,"LR=0.0001, z=100, batch size=64",2,280.78,2026-06-01 15:37:22.632,lr_experiments\lr=1e-04_z=100_bs=64_seed=142,lr_experiments\lr=1e-04_z=100_bs=64_seed=142\training.log,147,LR=0.0001
lr=0.0001_z=100_bs=64_seed=242,lr=0.0001_z=100_bs=64_seed=242,0.0001,0.0001,100,64,242,lr=0.0001_z=100_bs=64,"LR=0.0001, z=100, batch size=64",3,303.81,2026-06-01 15:39:14.623,lr_experiments\lr=1e-04_z=100_bs=64_seed=142,lr_experiments\lr=1e-04_z=100_bs=64_seed=142\training.log,148,LR=0.0001
lr=0.0001_z=100_bs=64_seed=242,lr=0.0001_z=100_bs=64_seed=242,0.0001,0.0001,100,64,242,lr=0.0001_z=100_bs=64,"LR=0.0001, z=100, batch size=64",4,318.95,2026-06-01 15:40:43.275,lr_experiments\lr=1e-04_z=100_bs=64_seed=142,lr_experiments\lr=1e-04_z=100_bs=64_seed=142\training.log,149,LR=0.0001
lr=0.0001_z=100_bs=64_seed=242,lr=0.0001_z=100_bs=64_seed=242,0.0001,0.0001,100,64,242,lr=0.0001_z=100_bs=64,"LR=0.0001, z=100, batch size=64",5,324.41,2026-06-01 15:42:29.539,lr_experiments\lr=1e-04_z=100_bs=64_seed=142,lr_experiments\lr=1e-04_z=100_bs=64_seed=142\training.log,150,LR=0.0001
lr=0.0001_z=100_bs=64_seed=242,lr=0.0001_z=100_bs=64_seed=242,0.0001,0.0001,100,64,242,lr=0.0001_z=100_bs=64,"LR=0.0001, z=100, batch size=64",6,328.69,2026-06-01 15:43:59.961,lr_experiments\lr=1e-04_z=100_bs=64_seed=142,lr_experiments\lr=1e-04_z=100_bs=64_seed=142\training.log,151,LR=0.0001
lr=0.0001_z=100_bs=64_seed=242,lr=0.0001_z=100_bs=64_seed=242,0.0001,0.0001,100,64,242,lr=0.0001_z=100_bs=64,"LR=0.0001, z=100, batch size=64",7,319.04,2026-06-01 15:45:31.304,lr_experiments\lr=1e-04_z=100_bs=64_seed=142,lr_experiments\lr=1e-04_z=100_bs=64_seed=142\training.log,152,LR=0.0001
lr=0.0001_z=100_bs=64_seed=242,lr=0.0001_z=100_bs=64_seed=242,0.0001,0.0001,100,64,242,lr=0.0001_z=100_bs=64,"LR=0.0001, z=100, batch size=64",8,285.1,2026-06-01 15:47:25.274,lr_experiments\lr=1e-04_z=100_bs=64_seed=142,lr_experiments\lr=1e-04_z=100_bs=64_seed=142\training.log,153,LR=0.0001
lr=0.0001_z=100_bs=64_seed=242,lr=0.0001_z=100_bs=64_seed=242,0.0001,0.0001,100,64,242,lr=0.0001_z=100_bs=64,"LR=0.0001, z=100, batch size=64",9,307.0,2026-06-01 15:48:57.609,lr_experiments\lr=1e-04_z=100_bs=64_seed=142,lr_experiments\lr=1e-04_z=100_bs=64_seed=142\training.log,154,LR=0.0001
lr=0.0001_z=100_bs=64_seed=242,lr=0.0001_z=100_bs=64_seed=242,0.0001,0.0001,100,64,242,lr=0.0001_z=100_bs=64,"LR=0.0001, z=100, batch size=64",10,284.78,2026-06-01 15:50:37.812,lr_experiments\lr=1e-04_z=100_bs=64_seed=142,lr_experiments\lr=1e-04_z=100_bs=64_seed=142\training.log,155,LR=0.0001
lr=0.0001_z=100_bs=64_seed=242,lr=0.0001_z=100_bs=64_seed=242,0.0001,0.0001,100,64,242,lr=0.0001_z=100_bs=64,"LR=0.0001, z=100, batch size=64",11,280.77,2026-06-01 15:52:10.739,lr_experiments\lr=1e-04_z=100_bs=64_seed=142,lr_experiments\lr=1e-04_z=100_bs=64_seed=142\training.log,156,LR=0.0001
lr=0.0001_z=100_bs=64_seed=242,lr=0.0001_z=100_bs=64_seed=242,0.0001,0.0001,100,64,242,lr=0.0001_z=100_bs=64,"LR=0.0001, z=100, batch size=64",12,277.33,2026-06-01 15:53:38.841,lr_experiments\lr=1e-04_z=100_bs=64_seed=142,lr_experiments\lr=1e-04_z=100_bs=64_seed=142\training.log,157,LR=0.0001
lr=0.0001_z=100_bs=64_seed=242,lr=0.0001_z=100_bs=64_seed=242,0.0001,0.0001,100,64,242,lr=0.0001_z=100_bs=64,"LR=0.0001, z=100, batch size=64",13,245.11,2026-06-01 15:55:06.130,lr_experiments\lr=1e-04_z=100_bs=64_seed=142,lr_experiments\lr=1e-04_z=100_bs=64_seed=142\training.log,159,LR=0.0001
lr=0.0001_z=100_bs=64_seed=242,lr=0.0001_z=100_bs=64_seed=242,0.0001,0.0001,100,64,242,lr=0.0001_z=100_bs=64,"LR=0.0001, z=100, batch size=64",14,251.33,2026-06-01 15:56:39.024,lr_experiments\lr=1e-04_z=100_bs=64_seed=142,lr_experiments\lr=1e-04_z=100_bs=64_seed=142\training.log,160,LR=0.0001
lr=0.0001_z=100_bs=64_seed=242,lr=0.0001_z=100_bs=64_seed=242,0.0001,0.0001,100,64,242,lr=0.0001_z=100_bs=64,"LR=0.0001, z=100, batch size=64",15,293.8,2026-06-01 15:58:24.266,lr_experiments\lr=1e-04_z=100_bs=64_seed=142,lr_experiments\lr=1e-04_z=100_bs=64_seed=142\training.log,161,LR=0.0001
lr=0.0001_z=100_bs=64_seed=242,lr=0.0001_z=100_bs=64_seed=242,0.0001,0.0001,100,64,242,lr=0.0001_z=100_bs=64,"LR=0.0001, z=100, batch size=64",16,259.1,2026-06-01 15:59:51.911,lr_experiments\lr=1e-04_z=100_bs=64_seed=142,lr_experiments\lr=1e-04_z=100_bs=64_seed=142\training.log,162,LR=0.0001
lr=0.0001_z=100_bs=64_seed=242,lr=0.0001_z=100_bs=64_seed=242,0.0001,0.0001,100,64,242,lr=0.0001_z=100_bs=64,"LR=0.0001, z=100, batch size=64",17,281.22,2026-06-01 16:01:29.848,lr_experiments\lr=1e-04_z=100_bs=64_seed=142,lr_experiments\lr=1e-04_z=100_bs=64_seed=142\training.log,163,LR=0.0001
lr=0.0001_z=100_bs=64_seed=242,lr=0.0001_z=100_bs=64_seed=242,0.0001,0.0001,100,64,242,lr=0.0001_z=100_bs=64,"LR=0.0001, z=100, batch size=64",18,244.0,2026-06-01 16:03:00.270,lr_experiments\lr=1e-04_z=100_bs=64_seed=142,lr_experiments\lr=1e-04_z=100_bs=64_seed=142\training.log,165,LR=0.0001
lr=0.0001_z=100_bs=64_seed=242,lr=0.0001_z=100_bs=64_seed=242,0.0001,0.0001,100,64,242,lr=0.0001_z=100_bs=64,"LR=0.0001, z=100, batch size=64",19,232.72,2026-06-01 16:04:31.056,lr_experiments\lr=1e-04_z=100_bs=64_seed=142,lr_experiments\lr=1e-04_z=100_bs=64_seed=142\training.log,167,LR=0.0001
lr=0.0001_z=100_bs=64_seed=242,lr=0.0001_z=100_bs=64_seed=242,0.0001,0.0001,100,64,242,lr=0.0001_z=100_bs=64,"LR=0.0001, z=100, batch size=64",20,225.27,2026-06-01 16:06:21.032,lr_experiments\lr=1e-04_z=100_bs=64_seed=142,lr_experiments\lr=1e-04_z=100_bs=64_seed=142\training.log,169,LR=0.0001
lr=0.0001_z=100_bs=64_seed=242,lr=0.0001_z=100_bs=64_seed=242,0.0001,0.0001,100,64,242,lr=0.0001_z=100_bs=64,"LR=0.0001, z=100, batch size=64",21,218.12,2026-06-01 16:07:51.190,lr_experiments\lr=1e-04_z=100_bs=64_seed=142,lr_experiments\lr=1e-04_z=100_bs=64_seed=142\training.log,171,LR=0.0001
lr=0.0001_z=100_bs=64_seed=242,lr=0.0001_z=100_bs=64_seed=242,0.0001,0.0001,100,64,242,lr=0.0001_z=100_bs=64,"LR=0.0001, z=100, batch size=64",22,216.22,2026-06-01 16:09:39.120,lr_experiments\lr=1e-04_z=100_bs=64_seed=142,lr_experiments\lr=1e-04_z=100_bs=64_seed=142\training.log,173,LR=0.0001
lr=0.0001_z=100_bs=64_seed=242,lr=0.0001_z=100_bs=64_seed=242,0.0001,0.0001,100,64,242,lr=0.0001_z=100_bs=64,"LR=0.0001, z=100, batch size=64",23,217.79,2026-06-01 16:11:15.416,lr_experiments\lr=1e-04_z=100_bs=64_seed=142,lr_experiments\lr=1e-04_z=100_bs=64_seed=142\training.log,174,LR=0.0001
lr=0.0001_z=100_bs=64_seed=242,lr=0.0001_z=100_bs=64_seed=242,0.0001,0.0001,100,64,242,lr=0.0001_z=100_bs=64,"LR=0.0001, z=100, batch size=64",24,215.77,2026-06-01 16:12:53.221,lr_experiments\lr=1e-04_z=100_bs=64_seed=142,lr_experiments\lr=1e-04_z=100_bs=64_seed=142\training.log,176,LR=0.0001
lr=0.0001_z=100_bs=64_seed=242,lr=0.0001_z=100_bs=64_seed=242,0.0001,0.0001,100,64,242,lr=0.0001_z=100_bs=64,"LR=0.0001, z=100, batch size=64",25,229.61,2026-06-01 16:14:30.959,lr_experiments\lr=1e-04_z=100_bs=64_seed=142,lr_experiments\lr=1e-04_z=100_bs=64_seed=142\training.log,177,LR=0.0001
lr=0.0001_z=100_bs=64_seed=242,lr=0.0001_z=100_bs=64_seed=242,0.0001,0.0001,100,64,242,lr=0.0001_z=100_bs=64,"LR=0.0001, z=100, batch size=64",26,223.13,2026-06-01 16:16:05.212,lr_experiments\lr=1e-04_z=100_bs=64_seed=142,lr_experiments\lr=1e-04_z=100_bs=64_seed=142\training.log,178,LR=0.0001
lr=0.0001_z=100_bs=64_seed=242,lr=0.0001_z=100_bs=64_seed=242,0.0001,0.0001,100,64,242,lr=0.0001_z=100_bs=64,"LR=0.0001, z=100, batch size=64",27,209.76,2026-06-01 16:17:45.072,lr_experiments\lr=1e-04_z=100_bs=64_seed=142,lr_experiments\lr=1e-04_z=100_bs=64_seed=142\training.log,180,LR=0.0001
lr=0.0001_z=100_bs=64_seed=242,lr=0.0001_z=100_bs=64_seed=242,0.0001,0.0001,100,64,242,lr=0.0001_z=100_bs=64,"LR=0.0001, z=100, batch size=64",28,213.37,2026-06-01 16:19:18.217,lr_experiments\lr=1e-04_z=100_bs=64_seed=142,lr_experiments\lr=1e-04_z=100_bs=64_seed=142\training.log,181,LR=0.0001
lr=0.0001_z=100_bs=64_seed=242,lr=0.0001_z=100_bs=64_seed=242,0.0001,0.0001,100,64,242,lr=0.0001_z=100_bs=64,"LR=0.0001, z=100, batch size=64",29,207.99,2026-06-01 16:21:07.449,lr_experiments\lr=1e-04_z=100_bs=64_seed=142,lr_experiments\lr=1e-04_z=100_bs=64_seed=142\training.log,183,LR=0.0001
lr=0.0001_z=100_bs=64_seed=242,lr=0.0001_z=100_bs=64_seed=242,0.0001,0.0001,100,64,242,lr=0.0001_z=100_bs=64,"LR=0.0001, z=100, batch size=64",30,200.02,2026-06-01 16:22:48.649,lr_experiments\lr=1e-04_z=100_bs=64_seed=142,lr_experiments\lr=1e-04_z=100_bs=64_seed=142\training.log,185,LR=0.0001
lr=0.0001_z=100_bs=64_seed=242,lr=0.0001_z=100_bs=64_seed=242,0.0001,0.0001,100,64,242,lr=0.0001_z=100_bs=64,"LR=0.0001, z=100, batch size=64",31,206.14,2026-06-01 16:24:21.584,lr_experiments\lr=1e-04_z=100_bs=64_seed=142,lr_experiments\lr=1e-04_z=100_bs=64_seed=142\training.log,186,LR=0.0001
lr=0.0001_z=100_bs=64_seed=242,lr=0.0001_z=100_bs=64_seed=242,0.0001,0.0001,100,64,242,lr=0.0001_z=100_bs=64,"LR=0.0001, z=100, batch size=64",32,203.47,2026-06-01 16:25:59.725,lr_experiments\lr=1e-04_z=100_bs=64_seed=142,lr_experiments\lr=1e-04_z=100_bs=64_seed=142\training.log,187,LR=0.0001
lr=0.0001_z=100_bs=64_seed=242,lr=0.0001_z=100_bs=64_seed=242,0.0001,0.0001,100,64,242,lr=0.0001_z=100_bs=64,"LR=0.0001, z=100, batch size=64",33,196.75,2026-06-01 16:27:28.582,lr_experiments\lr=1e-04_z=100_bs=64_seed=142,lr_experiments\lr=1e-04_z=100_bs=64_seed=142\training.log,189,LR=0.0001
lr=0.0001_z=100_bs=64_seed=242,lr=0.0001_z=100_bs=64_seed=242,0.0001,0.0001,100,64,242,lr=0.0001_z=100_bs=64,"LR=0.0001, z=100, batch size=64",34,196.09,2026-06-01 16:29:22.598,lr_experiments\lr=1e-04_z=100_bs=64_seed=142,lr_experiments\lr=1e-04_z=100_bs=64_seed=142\training.log,191,LR=0.0001
lr=0.0001_z=100_bs=64_seed=242,lr=0.0001_z=100_bs=64_seed=242,0.0001,0.0001,100,64,242,lr=0.0001_z=100_bs=64,"LR=0.0001, z=100, batch size=64",35,186.08,2026-06-01 16:30:57.387,lr_experiments\lr=1e-04_z=100_bs=64_seed=142,lr_experiments\lr=1e-04_z=100_bs=64_seed=142\training.log,193,LR=0.0001
lr=0.0001_z=100_bs=64_seed=242,lr=0.0001_z=100_bs=64_seed=242,0.0001,0.0001,100,64,242,lr=0.0001_z=100_bs=64,"LR=0.0001, z=100, batch size=64",36,194.65,2026-06-01 16:32:47.541,lr_experiments\lr=1e-04_z=100_bs=64_seed=142,lr_experiments\lr=1e-04_z=100_bs=64_seed=142\training.log,194,LR=0.0001
lr=0.0001_z=100_bs=64_seed=242,lr=0.0001_z=100_bs=64_seed=242,0.0001,0.0001,100,64,242,lr=0.0001_z=100_bs=64,"LR=0.0001, z=100, batch size=64",37,191.22,2026-06-01 16:34:15.797,lr_experiments\lr=1e-04_z=100_bs=64_seed=142,lr_experiments\lr=1e-04_z=100_bs=64_seed=142\training.log,195,LR=0.0001
lr=0.0001_z=100_bs=64_seed=242,lr=0.0001_z=100_bs=64_seed=242,0.0001,0.0001,100,64,242,lr=0.0001_z=100_bs=64,"LR=0.0001, z=100, batch size=64",38,199.8,2026-06-01 16:35:43.969,lr_experiments\lr=1e-04_z=100_bs=64_seed=142,lr_experiments\lr=1e-04_z=100_bs=64_seed=142\training.log,196,LR=0.0001
lr=0.0001_z=100_bs=64_seed=242,lr=0.0001_z=100_bs=64_seed=242,0.0001,0.0001,100,64,242,lr=0.0001_z=100_bs=64,"LR=0.0001, z=100, batch size=64",39,189.67,2026-06-01 16:37:26.594,lr_experiments\lr=1e-04_z=100_bs=64_seed=142,lr_experiments\lr=1e-04_z=100_bs=64_seed=142\training.log,197,LR=0.0001
lr=0.0001_z=100_bs=64_seed=242,lr=0.0001_z=100_bs=64_seed=242,0.0001,0.0001,100,64,242,lr=0.0001_z=100_bs=64,"LR=0.0001, z=100, batch size=64",40,190.08,2026-06-01 16:38:59.620,lr_experiments\lr=1e-04_z=100_bs=64_seed=142,lr_experiments\lr=1e-04_z=100_bs=64_seed=142\training.log,198,LR=0.0001
lr=0.0001_z=100_bs=64_seed=242,lr=0.0001_z=100_bs=64_seed=242,0.0001,0.0001,100,64,242,lr=0.0001_z=100_bs=64,"LR=0.0001, z=100, batch size=64",41,183.19,2026-06-01 16:40:38.333,lr_experiments\lr=1e-04_z=100_bs=64_seed=142,lr_experiments\lr=1e-04_z=100_bs=64_seed=142\training.log,200,LR=0.0001
lr=0.0001_z=100_bs=64_seed=242,lr=0.0001_z=100_bs=64_seed=242,0.0001,0.0001,100,64,242,lr=0.0001_z=100_bs=64,"LR=0.0001, z=100, batch size=64",42,171.25,2026-06-01 16:42:14.500,lr_experiments\lr=1e-04_z=100_bs=64_seed=142,lr_experiments\lr=1e-04_z=100_bs=64_seed=142\training.log,202,LR=0.0001
lr=0.0001_z=100_bs=64_seed=242,lr=0.0001_z=100_bs=64_seed=242,0.0001,0.0001,100,64,242,lr=0.0001_z=100_bs=64,"LR=0.0001, z=100, batch size=64",43,179.81,2026-06-01 16:43:57.939,lr_experiments\lr=1e-04_z=100_bs=64_seed=142,lr_experiments\lr=1e-04_z=100_bs=64_seed=142\training.log,203,LR=0.0001
lr=0.0001_z=100_bs=64_seed=242,lr=0.0001_z=100_bs=64_seed=242,0.0001,0.0001,100,64,242,lr=0.0001_z=100_bs=64,"LR=0.0001, z=100, batch size=64",44,179.27,2026-06-01 16:45:52.743,lr_experiments\lr=1e-04_z=100_bs=64_seed=142,lr_experiments\lr=1e-04_z=100_bs=64_seed=142\training.log,204,LR=0.0001
lr=0.0001_z=100_bs=64_seed=242,lr=0.0001_z=100_bs=64_seed=242,0.0001,0.0001,100,64,242,lr=0.0001_z=100_bs=64,"LR=0.0001, z=100, batch size=64",45,169.42,2026-06-01 16:47:25.304,lr_experiments\lr=1e-04_z=100_bs=64_seed=142,lr_experiments\lr=1e-04_z=100_bs=64_seed=142\training.log,206,LR=0.0001
lr=0.0001_z=100_bs=64_seed=242,lr=0.0001_z=100_bs=64_seed=242,0.0001,0.0001,100,64,242,lr=0.0001_z=100_bs=64,"LR=0.0001, z=100, batch size=64",46,180.15,2026-06-01 16:49:20.693,lr_experiments\lr=1e-04_z=100_bs=64_seed=142,lr_experiments\lr=1e-04_z=100_bs=64_seed=142\training.log,207,LR=0.0001
lr=0.0001_z=100_bs=64_seed=242,lr=0.0001_z=100_bs=64_seed=242,0.0001,0.0001,100,64,242,lr=0.0001_z=100_bs=64,"LR=0.0001, z=100, batch size=64",47,172.08,2026-06-01 16:51:04.950,lr_experiments\lr=1e-04_z=100_bs=64_seed=142,lr_experiments\lr=1e-04_z=100_bs=64_seed=142\training.log,208,LR=0.0001
lr=0.0001_z=100_bs=64_seed=242,lr=0.0001_z=100_bs=64_seed=242,0.0001,0.0001,100,64,242,lr=0.0001_z=100_bs=64,"LR=0.0001, z=100, batch size=64",48,173.17,2026-06-01 16:52:37.120,lr_experiments\lr=1e-04_z=100_bs=64_seed=142,lr_experiments\lr=1e-04_z=100_bs=64_seed=142\training.log,209,LR=0.0001
lr=0.0001_z=100_bs=64_seed=242,lr=0.0001_z=100_bs=64_seed=242,0.0001,0.0001,100,64,242,lr=0.0001_z=100_bs=64,"LR=0.0001, z=100, batch size=64",49,173.44,2026-06-01 16:54:16.779,lr_experiments\lr=1e-04_z=100_bs=64_seed=142,lr_experiments\lr=1e-04_z=100_bs=64_seed=142\training.log,210,LR=0.0001
lr=0.0001_z=100_bs=64_seed=242,lr=0.0001_z=100_bs=64_seed=242,0.0001,0.0001,100,64,242,lr=0.0001_z=100_bs=64,"LR=0.0001, z=100, batch size=64",50,173.3,2026-06-01 16:55:57.727,lr_experiments\lr=1e-04_z=100_bs=64_seed=142,lr_experiments\lr=1e-04_z=100_bs=64_seed=142\training.log,211,LR=0.0001
lr=0.0001_z=100_bs=64_seed=242,lr=0.0001_z=100_bs=64_seed=242,0.0001,0.0001,100,64,242,lr=0.0001_z=100_bs=64,"LR=0.0001, z=100, batch size=64",51,165.05,2026-06-01 16:57:45.547,lr_experiments\lr=1e-04_z=100_bs=64_seed=142,lr_experiments\lr=1e-04_z=100_bs=64_seed=142\training.log,213,LR=0.0001
lr=0.0001_z=100_bs=64_seed=242,lr=0.0001_z=100_bs=64_seed=242,0.0001,0.0001,100,64,242,lr=0.0001_z=100_bs=64,"LR=0.0001, z=100, batch size=64",52,169.07,2026-06-01 16:59:23.952,lr_experiments\lr=1e-04_z=100_bs=64_seed=142,lr_experiments\lr=1e-04_z=100_bs=64_seed=142\training.log,214,LR=0.0001
lr=0.0001_z=100_bs=64_seed=242,lr=0.0001_z=100_bs=64_seed=242,0.0001,0.0001,100,64,242,lr=0.0001_z=100_bs=64,"LR=0.0001, z=100, batch size=64",53,163.78,2026-06-01 17:01:02.941,lr_experiments\lr=1e-04_z=100_bs=64_seed=142,lr_experiments\lr=1e-04_z=100_bs=64_seed=142\training.log,216,LR=0.0001
lr=0.0001_z=100_bs=64_seed=242,lr=0.0001_z=100_bs=64_seed=242,0.0001,0.0001,100,64,242,lr=0.0001_z=100_bs=64,"LR=0.0001, z=100, batch size=64",54,165.86,2026-06-01 17:02:32.721,lr_experiments\lr=1e-04_z=100_bs=64_seed=142,lr_experiments\lr=1e-04_z=100_bs=64_seed=142\training.log,217,LR=0.0001
lr=0.0001_z=100_bs=64_seed=242,lr=0.0001_z=100_bs=64_seed=242,0.0001,0.0001,100,64,242,lr=0.0001_z=100_bs=64,"LR=0.0001, z=100, batch size=64",55,166.37,2026-06-01 17:04:02.275,lr_experiments\lr=1e-04_z=100_bs=64_seed=142,lr_experiments\lr=1e-04_z=100_bs=64_seed=142\training.log,218,LR=0.0001
lr=0.0001_z=100_bs=64_seed=242,lr=0.0001_z=100_bs=64_seed=242,0.0001,0.0001,100,64,242,lr=0.0001_z=100_bs=64,"LR=0.0001, z=100, batch size=64",56,157.7,2026-06-01 17:05:55.290,lr_experiments\lr=1e-04_z=100_bs=64_seed=142,lr_experiments\lr=1e-04_z=100_bs=64_seed=142\training.log,220,LR=0.0001
lr=0.0001_z=100_bs=64_seed=242,lr=0.0001_z=100_bs=64_seed=242,0.0001,0.0001,100,64,242,lr=0.0001_z=100_bs=64,"LR=0.0001, z=100, batch size=64",57,159.67,2026-06-01 17:07:25.219,lr_experiments\lr=1e-04_z=100_bs=64_seed=142,lr_experiments\lr=1e-04_z=100_bs=64_seed=142\training.log,221,LR=0.0001
lr=0.0001_z=100_bs=64_seed=242,lr=0.0001_z=100_bs=64_seed=242,0.0001,0.0001,100,64,242,lr=0.0001_z=100_bs=64,"LR=0.0001, z=100, batch size=64",58,154.15,2026-06-01 17:09:03.217,lr_experiments\lr=1e-04_z=100_bs=64_seed=142,lr_experiments\lr=1e-04_z=100_bs=64_seed=142\training.log,223,LR=0.0001
lr=0.0001_z=100_bs=64_seed=242,lr=0.0001_z=100_bs=64_seed=242,0.0001,0.0001,100,64,242,lr=0.0001_z=100_bs=64,"LR=0.0001, z=100, batch size=64",59,160.81,2026-06-01 17:10:30.762,lr_experiments\lr=1e-04_z=100_bs=64_seed=142,lr_experiments\lr=1e-04_z=100_bs=64_seed=142\training.log,224,LR=0.0001
lr=0.0001_z=100_bs=64_seed=242,lr=0.0001_z=100_bs=64_seed=242,0.0001,0.0001,100,64,242,lr=0.0001_z=100_bs=64,"LR=0.0001, z=100, batch size=64",60,157.79,2026-06-01 17:12:33.182,lr_experiments\lr=1e-04_z=100_bs=64_seed=142,lr_experiments\lr=1e-04_z=100_bs=64_seed=142\training.log,225,LR=0.0001
lr=0.0001_z=100_bs=64_seed=242,lr=0.0001_z=100_bs=64_seed=242,0.0001,0.0001,100,64,242,lr=0.0001_z=100_bs=64,"LR=0.0001, z=100, batch size=64",61,157.86,2026-06-01 17:14:05.011,lr_experiments\lr=1e-04_z=100_bs=64_seed=142,lr_experiments\lr=1e-04_z=100_bs=64_seed=142\training.log,226,LR=0.0001
lr=0.0001_z=100_bs=64_seed=242,lr=0.0001_z=100_bs=64_seed=242,0.0001,0.0001,100,64,242,lr=0.0001_z=100_bs=64,"LR=0.0001, z=100, batch size=64",62,163.12,2026-06-01 17:15:53.335,lr_experiments\lr=1e-04_z=100_bs=64_seed=142,lr_experiments\lr=1e-04_z=100_bs=64_seed=142\training.log,227,LR=0.0001
lr=0.0001_z=100_bs=64_seed=242,lr=0.0001_z=100_bs=64_seed=242,0.0001,0.0001,100,64,242,lr=0.0001_z=100_bs=64,"LR=0.0001, z=100, batch size=64",63,160.09,2026-06-01 17:17:54.584,lr_experiments\lr=1e-04_z=100_bs=64_seed=142,lr_experiments\lr=1e-04_z=100_bs=64_seed=142\training.log,228,LR=0.0001
lr=0.0001_z=100_bs=64_seed=242,lr=0.0001_z=100_bs=64_seed=242,0.0001,0.0001,100,64,242,lr=0.0001_z=100_bs=64,"LR=0.0001, z=100, batch size=64",64,154.32,2026-06-01 17:19:23.984,lr_experiments\lr=1e-04_z=100_bs=64_seed=142,lr_experiments\lr=1e-04_z=100_bs=64_seed=142\training.log,229,LR=0.0001
lr=0.0001_z=100_bs=64_seed=242,lr=0.0001_z=100_bs=64_seed=242,0.0001,0.0001,100,64,242,lr=0.0001_z=100_bs=64,"LR=0.0001, z=100, batch size=64",65,161.52,2026-06-01 17:21:05.269,lr_experiments\lr=1e-04_z=100_bs=64_seed=142,lr_experiments\lr=1e-04_z=100_bs=64_seed=142\training.log,230,LR=0.0001
lr=0.0001_z=100_bs=64_seed=242,lr=0.0001_z=100_bs=64_seed=242,0.0001,0.0001,100,64,242,lr=0.0001_z=100_bs=64,"LR=0.0001, z=100, batch size=64",66,150.41,2026-06-01 17:22:35.498,lr_experiments\lr=1e-04_z=100_bs=64_seed=142,lr_experiments\lr=1e-04_z=100_bs=64_seed=142\training.log,232,LR=0.0001
lr=0.0001_z=100_bs=64_seed=242,lr=0.0001_z=100_bs=64_seed=242,0.0001,0.0001,100,64,242,lr=0.0001_z=100_bs=64,"LR=0.0001, z=100, batch size=64",67,150.97,2026-06-01 17:24:06.619,lr_experiments\lr=1e-04_z=100_bs=64_seed=142,lr_experiments\lr=1e-04_z=100_bs=64_seed=142\training.log,233,LR=0.0001
lr=0.0001_z=100_bs=64_seed=242,lr=0.0001_z=100_bs=64_seed=242,0.0001,0.0001,100,64,242,lr=0.0001_z=100_bs=64,"LR=0.0001, z=100, batch size=64",68,149.51,2026-06-01 17:25:36.741,lr_experiments\lr=1e-04_z=100_bs=64_seed=142,lr_experiments\lr=1e-04_z=100_bs=64_seed=142\training.log,235,LR=0.0001
lr=0.0001_z=100_bs=64_seed=242,lr=0.0001_z=100_bs=64_seed=242,0.0001,0.0001,100,64,242,lr=0.0001_z=100_bs=64,"LR=0.0001, z=100, batch size=64",69,152.28,2026-06-01 17:27:05.186,lr_experiments\lr=1e-04_z=100_bs=64_seed=142,lr_experiments\lr=1e-04_z=100_bs=64_seed=142\training.log,236,LR=0.0001
lr=0.0001_z=100_bs=64_seed=242,lr=0.0001_z=100_bs=64_seed=242,0.0001,0.0001,100,64,242,lr=0.0001_z=100_bs=64,"LR=0.0001, z=100, batch size=64",70,154.84,2026-06-01 17:28:42.775,lr_experiments\lr=1e-04_z=100_bs=64_seed=142,lr_experiments\lr=1e-04_z=100_bs=64_seed=142\training.log,237,LR=0.0001
lr=0.0001_z=100_bs=64_seed=242,lr=0.0001_z=100_bs=64_seed=242,0.0001,0.0001,100,64,242,lr=0.0001_z=100_bs=64,"LR=0.0001, z=100, batch size=64",71,153.73,2026-06-01 17:30:10.858,lr_experiments\lr=1e-04_z=100_bs=64_seed=142,lr_experiments\lr=1e-04_z=100_bs=64_seed=142\training.log,238,LR=0.0001
lr=0.0001_z=100_bs=64_seed=242,lr=0.0001_z=100_bs=64_seed=242,0.0001,0.0001,100,64,242,lr=0.0001_z=100_bs=64,"LR=0.0001, z=100, batch size=64",72,148.32,2026-06-01 17:31:57.754,lr_experiments\lr=1e-04_z=100_bs=64_seed=142,lr_experiments\lr=1e-04_z=100_bs=64_seed=142\training.log,240,LR=0.0001
lr=0.0001_z=100_bs=64_seed=242,lr=0.0001_z=100_bs=64_seed=242,0.0001,0.0001,100,64,242,lr=0.0001_z=100_bs=64,"LR=0.0001, z=100, batch size=64",73,150.69,2026-06-01 17:33:25.932,lr_experiments\lr=1e-04_z=100_bs=64_seed=142,lr_experiments\lr=1e-04_z=100_bs=64_seed=142\training.log,241,LR=0.0001
lr=0.0001_z=100_bs=64_seed=242,lr=0.0001_z=100_bs=64_seed=242,0.0001,0.0001,100,64,242,lr=0.0001_z=100_bs=64,"LR=0.0001, z=100, batch size=64",74,149.99,2026-06-01 17:34:53.345,lr_experiments\lr=1e-04_z=100_bs=64_seed=142,lr_experiments\lr=1e-04_z=100_bs=64_seed=142\training.log,242,LR=0.0001
lr=0.0001_z=100_bs=64_seed=242,lr=0.0001_z=100_bs=64_seed=242,0.0001,0.0001,100,64,242,lr=0.0001_z=100_bs=64,"LR=0.0001, z=100, batch size=64",75,148.99,2026-06-01 17:36:31.595,lr_experiments\lr=1e-04_z=100_bs=64_seed=142,lr_experiments\lr=1e-04_z=100_bs=64_seed=142\training.log,243,LR=0.0001
lr=0.0001_z=100_bs=64_seed=242,lr=0.0001_z=100_bs=64_seed=242,0.0001,0.0001,100,64,242,lr=0.0001_z=100_bs=64,"LR=0.0001, z=100, batch size=64",76,151.25,2026-06-01 17:37:59.633,lr_experiments\lr=1e-04_z=100_bs=64_seed=142,lr_experiments\lr=1e-04_z=100_bs=64_seed=142\training.log,244,LR=0.0001
lr=0.0001_z=100_bs=64_seed=242,lr=0.0001_z=100_bs=64_seed=242,0.0001,0.0001,100,64,242,lr=0.0001_z=100_bs=64,"LR=0.0001, z=100, batch size=64",77,152.77,2026-06-01 17:39:37.304,lr_experiments\lr=1e-04_z=100_bs=64_seed=142,lr_experiments\lr=1e-04_z=100_bs=64_seed=142\training.log,245,LR=0.0001
lr=0.0001_z=100_bs=64_seed=242,lr=0.0001_z=100_bs=64_seed=242,0.0001,0.0001,100,64,242,lr=0.0001_z=100_bs=64,"LR=0.0001, z=100, batch size=64",78,147.51,2026-06-01 17:41:05.074,lr_experiments\lr=1e-04_z=100_bs=64_seed=142,lr_experiments\lr=1e-04_z=100_bs=64_seed=142\training.log,247,LR=0.0001
lr=0.0001_z=100_bs=64_seed=242,lr=0.0001_z=100_bs=64_seed=242,0.0001,0.0001,100,64,242,lr=0.0001_z=100_bs=64,"LR=0.0001, z=100, batch size=64",79,152.66,2026-06-01 17:42:35.992,lr_experiments\lr=1e-04_z=100_bs=64_seed=142,lr_experiments\lr=1e-04_z=100_bs=64_seed=142\training.log,248,LR=0.0001
lr=0.0001_z=100_bs=64_seed=242,lr=0.0001_z=100_bs=64_seed=242,0.0001,0.0001,100,64,242,lr=0.0001_z=100_bs=64,"LR=0.0001, z=100, batch size=64",80,147.41,2026-06-01 17:44:03.868,lr_experiments\lr=1e-04_z=100_bs=64_seed=142,lr_experiments\lr=1e-04_z=100_bs=64_seed=142\training.log,250,LR=0.0001
lr=0.0001_z=100_bs=64_seed=242,lr=0.0001_z=100_bs=64_seed=242,0.0001,0.0001,100,64,242,lr=0.0001_z=100_bs=64,"LR=0.0001, z=100, batch size=64",81,146.96,2026-06-01 17:45:30.995,lr_experiments\lr=1e-04_z=100_bs=64_seed=142,lr_experiments\lr=1e-04_z=100_bs=64_seed=142\training.log,252,LR=0.0001
lr=0.0001_z=100_bs=64_seed=242,lr=0.0001_z=100_bs=64_seed=242,0.0001,0.0001,100,64,242,lr=0.0001_z=100_bs=64,"LR=0.0001, z=100, batch size=64",82,146.31,2026-06-01 17:47:08.177,lr_experiments\lr=1e-04_z=100_bs=64_seed=142,lr_experiments\lr=1e-04_z=100_bs=64_seed=142\training.log,254,LR=0.0001
lr=0.0001_z=100_bs=64_seed=242,lr=0.0001_z=100_bs=64_seed=242,0.0001,0.0001,100,64,242,lr=0.0001_z=100_bs=64,"LR=0.0001, z=100, batch size=64",83,153.18,2026-06-01 17:48:37.034,lr_experiments\lr=1e-04_z=100_bs=64_seed=142,lr_experiments\lr=1e-04_z=100_bs=64_seed=142\training.log,255,LR=0.0001
lr=0.0001_z=100_bs=64_seed=242,lr=0.0001_z=100_bs=64_seed=242,0.0001,0.0001,100,64,242,lr=0.0001_z=100_bs=64,"LR=0.0001, z=100, batch size=64",84,147.9,2026-06-01 17:50:25.408,lr_experiments\lr=1e-04_z=100_bs=64_seed=142,lr_experiments\lr=1e-04_z=100_bs=64_seed=142\training.log,256,LR=0.0001
lr=0.0001_z=100_bs=64_seed=242,lr=0.0001_z=100_bs=64_seed=242,0.0001,0.0001,100,64,242,lr=0.0001_z=100_bs=64,"LR=0.0001, z=100, batch size=64",85,145.57,2026-06-01 17:51:53.487,lr_experiments\lr=1e-04_z=100_bs=64_seed=142,lr_experiments\lr=1e-04_z=100_bs=64_seed=142\training.log,258,LR=0.0001
lr=0.0001_z=100_bs=64_seed=242,lr=0.0001_z=100_bs=64_seed=242,0.0001,0.0001,100,64,242,lr=0.0001_z=100_bs=64,"LR=0.0001, z=100, batch size=64",86,159.58,2026-06-01 17:53:23.104,lr_experiments\lr=1e-04_z=100_bs=64_seed=142,lr_experiments\lr=1e-04_z=100_bs=64_seed=142\training.log,259,LR=0.0001
lr=0.0001_z=100_bs=64_seed=242,lr=0.0001_z=100_bs=64_seed=242,0.0001,0.0001,100,64,242,lr=0.0001_z=100_bs=64,"LR=0.0001, z=100, batch size=64",87,144.08,2026-06-01 17:55:03.020,lr_experiments\lr=1e-04_z=100_bs=64_seed=142,lr_experiments\lr=1e-04_z=100_bs=64_seed=142\training.log,261,LR=0.0001
lr=0.0001_z=100_bs=64_seed=242,lr=0.0001_z=100_bs=64_seed=242,0.0001,0.0001,100,64,242,lr=0.0001_z=100_bs=64,"LR=0.0001, z=100, batch size=64",88,147.68,2026-06-01 17:56:31.794,lr_experiments\lr=1e-04_z=100_bs=64_seed=142,lr_experiments\lr=1e-04_z=100_bs=64_seed=142\training.log,262,LR=0.0001
lr=0.0001_z=100_bs=64_seed=242,lr=0.0001_z=100_bs=64_seed=242,0.0001,0.0001,100,64,242,lr=0.0001_z=100_bs=64,"LR=0.0001, z=100, batch size=64",89,146.59,2026-06-01 17:58:10.957,lr_experiments\lr=1e-04_z=100_bs=64_seed=142,lr_experiments\lr=1e-04_z=100_bs=64_seed=142\training.log,263,LR=0.0001
lr=0.0001_z=100_bs=64_seed=242,lr=0.0001_z=100_bs=64_seed=242,0.0001,0.0001,100,64,242,lr=0.0001_z=100_bs=64,"LR=0.0001, z=100, batch size=64",90,145.87,2026-06-01 17:59:39.056,lr_experiments\lr=1e-04_z=100_bs=64_seed=142,lr_experiments\lr=1e-04_z=100_bs=64_seed=142\training.log,264,LR=0.0001
lr=0.0001_z=100_bs=64_seed=242,lr=0.0001_z=100_bs=64_seed=242,0.0001,0.0001,100,64,242,lr=0.0001_z=100_bs=64,"LR=0.0001, z=100, batch size=64",91,145.83,2026-06-01 18:01:37.364,lr_experiments\lr=1e-04_z=100_bs=64_seed=142,lr_experiments\lr=1e-04_z=100_bs=64_seed=142\training.log,265,LR=0.0001
lr=0.0001_z=100_bs=64_seed=242,lr=0.0001_z=100_bs=64_seed=242,0.0001,0.0001,100,64,242,lr=0.0001_z=100_bs=64,"LR=0.0001, z=100, batch size=64",92,147.79,2026-06-01 18:03:27.539,lr_experiments\lr=1e-04_z=100_bs=64_seed=142,lr_experiments\lr=1e-04_z=100_bs=64_seed=142\training.log,266,LR=0.0001
lr=0.0001_z=100_bs=64_seed=242,lr=0.0001_z=100_bs=64_seed=242,0.0001,0.0001,100,64,242,lr=0.0001_z=100_bs=64,"LR=0.0001, z=100, batch size=64",93,145.24,2026-06-01 18:04:55.896,lr_experiments\lr=1e-04_z=100_bs=64_seed=142,lr_experiments\lr=1e-04_z=100_bs=64_seed=142\training.log,267,LR=0.0001
lr=0.0001_z=100_bs=64_seed=242,lr=0.0001_z=100_bs=64_seed=242,0.0001,0.0001,100,64,242,lr=0.0001_z=100_bs=64,"LR=0.0001, z=100, batch size=64",94,147.94,2026-06-01 18:06:35.064,lr_experiments\lr=1e-04_z=100_bs=64_seed=142,lr_experiments\lr=1e-04_z=100_bs=64_seed=142\training.log,268,LR=0.0001
lr=0.0001_z=100_bs=64_seed=242,lr=0.0001_z=100_bs=64_seed=242,0.0001,0.0001,100,64,242,lr=0.0001_z=100_bs=64,"LR=0.0001, z=100, batch size=64",95,144.69,2026-06-01 18:08:03.798,lr_experiments\lr=1e-04_z=100_bs=64_seed=142,lr_experiments\lr=1e-04_z=100_bs=64_seed=142\training.log,269,LR=0.0001
lr=0.0001_z=100_bs=64_seed=242,lr=0.0001_z=100_bs=64_seed=242,0.0001,0.0001,100,64,242,lr=0.0001_z=100_bs=64,"LR=0.0001, z=100, batch size=64",96,145.95,2026-06-01 18:09:40.289,lr_experiments\lr=1e-04_z=100_bs=64_seed=142,lr_experiments\lr=1e-04_z=100_bs=64_seed=142\training.log,270,LR=0.0001
lr=0.0001_z=100_bs=64_seed=242,lr=0.0001_z=100_bs=64_seed=242,0.0001,0.0001,100,64,242,lr=0.0001_z=100_bs=64,"LR=0.0001, z=100, batch size=64",97,144.14,2026-06-01 18:11:10.938,lr_experiments\lr=1e-04_z=100_bs=64_seed=142,lr_experiments\lr=1e-04_z=100_bs=64_seed=142\training.log,271,LR=0.0001
lr=0.0001_z=100_bs=64_seed=242,lr=0.0001_z=100_bs=64_seed=242,0.0001,0.0001,100,64,242,lr=0.0001_z=100_bs=64,"LR=0.0001, z=100, batch size=64",98,154.29,2026-06-01 18:12:41.032,lr_experiments\lr=1e-04_z=100_bs=64_seed=142,lr_experiments\lr=1e-04_z=100_bs=64_seed=142\training.log,272,LR=0.0001
lr=0.0001_z=100_bs=64_seed=242,lr=0.0001_z=100_bs=64_seed=242,0.0001,0.0001,100,64,242,lr=0.0001_z=100_bs=64,"LR=0.0001, z=100, batch size=64",99,152.51,2026-06-01 18:14:21.389,lr_experiments\lr=1e-04_z=100_bs=64_seed=142,lr_experiments\lr=1e-04_z=100_bs=64_seed=142\training.log,273,LR=0.0001
lr=0.0001_z=100_bs=64_seed=242,lr=0.0001_z=100_bs=64_seed=242,0.0001,0.0001,100,64,242,lr=0.0001_z=100_bs=64,"LR=0.0001, z=100, batch size=64",100,144.95,2026-06-01 18:15:52.482,lr_experiments\lr=1e-04_z=100_bs=64_seed=142,lr_experiments\lr=1e-04_z=100_bs=64_seed=142\training.log,274,LR=0.0001
lr=0.001_z=100_bs=64_seed=42,lr=0.001_z=100_bs=64_seed=42,0.001,0.001,100,64,42,lr=0.001_z=100_bs=64,"LR=0.001, z=100, batch size=64",1,294.37,2026-06-01 16:55:02.333,lr_experiments\lr=1e-05_z=100_bs=64_seed=242,lr_experiments\lr=1e-05_z=100_bs=64_seed=242\training (1).log,144,LR=0.001
lr=0.001_z=100_bs=64_seed=42,lr=0.001_z=100_bs=64_seed=42,0.001,0.001,100,64,42,lr=0.001_z=100_bs=64,"LR=0.001, z=100, batch size=64",2,300.0,2026-06-01 16:55:35.687,lr_experiments\lr=1e-05_z=100_bs=64_seed=242,lr_experiments\lr=1e-05_z=100_bs=64_seed=242\training (1).log,145,LR=0.001
lr=0.001_z=100_bs=64_seed=42,lr=0.001_z=100_bs=64_seed=42,0.001,0.001,100,64,42,lr=0.001_z=100_bs=64,"LR=0.001, z=100, batch size=64",3,363.23,2026-06-01 16:56:38.406,lr_experiments\lr=1e-05_z=100_bs=64_seed=242,lr_experiments\lr=1e-05_z=100_bs=64_seed=242\training (1).log,146,LR=0.001
lr=0.001_z=100_bs=64_seed=42,lr=0.001_z=100_bs=64_seed=42,0.001,0.001,100,64,42,lr=0.001_z=100_bs=64,"LR=0.001, z=100, batch size=64",4,290.4,2026-06-01 16:57:11.414,lr_experiments\lr=1e-05_z=100_bs=64_seed=242,lr_experiments\lr=1e-05_z=100_bs=64_seed=242\training (1).log,148,LR=0.001
lr=0.001_z=100_bs=64_seed=42,lr=0.001_z=100_bs=64_seed=42,0.001,0.001,100,64,42,lr=0.001_z=100_bs=64,"LR=0.001, z=100, batch size=64",5,285.61,2026-06-01 16:58:14.024,lr_experiments\lr=1e-05_z=100_bs=64_seed=242,lr_experiments\lr=1e-05_z=100_bs=64_seed=242\training (1).log,150,LR=0.001
lr=0.001_z=100_bs=64_seed=42,lr=0.001_z=100_bs=64_seed=42,0.001,0.001,100,64,42,lr=0.001_z=100_bs=64,"LR=0.001, z=100, batch size=64",6,280.13,2026-06-01 16:58:47.964,lr_experiments\lr=1e-05_z=100_bs=64_seed=242,lr_experiments\lr=1e-05_z=100_bs=64_seed=242\training (1).log,152,LR=0.001
lr=0.001_z=100_bs=64_seed=42,lr=0.001_z=100_bs=64_seed=42,0.001,0.001,100,64,42,lr=0.001_z=100_bs=64,"LR=0.001, z=100, batch size=64",7,308.0,2026-06-01 16:59:50.604,lr_experiments\lr=1e-05_z=100_bs=64_seed=242,lr_experiments\lr=1e-05_z=100_bs=64_seed=242\training (1).log,153,LR=0.001
lr=0.001_z=100_bs=64_seed=42,lr=0.001_z=100_bs=64_seed=42,0.001,0.001,100,64,42,lr=0.001_z=100_bs=64,"LR=0.001, z=100, batch size=64",8,304.77,2026-06-01 17:00:24.003,lr_experiments\lr=1e-05_z=100_bs=64_seed=242,lr_experiments\lr=1e-05_z=100_bs=64_seed=242\training (1).log,154,LR=0.001
lr=0.001_z=100_bs=64_seed=42,lr=0.001_z=100_bs=64_seed=42,0.001,0.001,100,64,42,lr=0.001_z=100_bs=64,"LR=0.001, z=100, batch size=64",9,282.65,2026-06-01 17:01:26.241,lr_experiments\lr=1e-05_z=100_bs=64_seed=242,lr_experiments\lr=1e-05_z=100_bs=64_seed=242\training (1).log,155,LR=0.001
lr=0.001_z=100_bs=64_seed=42,lr=0.001_z=100_bs=64_seed=42,0.001,0.001,100,64,42,lr=0.001_z=100_bs=64,"LR=0.001, z=100, batch size=64",10,263.08,2026-06-01 17:01:59.637,lr_experiments\lr=1e-05_z=100_bs=64_seed=242,lr_experiments\lr=1e-05_z=100_bs=64_seed=242\training (1).log,157,LR=0.001
lr=0.001_z=100_bs=64_seed=42,lr=0.001_z=100_bs=64_seed=42,0.001,0.001,100,64,42,lr=0.001_z=100_bs=64,"LR=0.001, z=100, batch size=64",11,245.36,2026-06-01 17:03:02.431,lr_experiments\lr=1e-05_z=100_bs=64_seed=242,lr_experiments\lr=1e-05_z=100_bs=64_seed=242\training (1).log,159,LR=0.001
lr=0.001_z=100_bs=64_seed=42,lr=0.001_z=100_bs=64_seed=42,0.001,0.001,100,64,42,lr=0.001_z=100_bs=64,"LR=0.001, z=100, batch size=64",12,226.92,2026-06-01 17:03:35.785,lr_experiments\lr=1e-05_z=100_bs=64_seed=242,lr_experiments\lr=1e-05_z=100_bs=64_seed=242\training (1).log,161,LR=0.001
lr=0.001_z=100_bs=64_seed=42,lr=0.001_z=100_bs=64_seed=42,0.001,0.001,100,64,42,lr=0.001_z=100_bs=64,"LR=0.001, z=100, batch size=64",13,227.22,2026-06-01 17:04:38.507,lr_experiments\lr=1e-05_z=100_bs=64_seed=242,lr_experiments\lr=1e-05_z=100_bs=64_seed=242\training (1).log,162,LR=0.001
lr=0.001_z=100_bs=64_seed=42,lr=0.001_z=100_bs=64_seed=42,0.001,0.001,100,64,42,lr=0.001_z=100_bs=64,"LR=0.001, z=100, batch size=64",14,202.65,2026-06-01 17:05:11.576,lr_experiments\lr=1e-05_z=100_bs=64_seed=242,lr_experiments\lr=1e-05_z=100_bs=64_seed=242\training (1).log,164,LR=0.001
lr=0.001_z=100_bs=64_seed=42,lr=0.001_z=100_bs=64_seed=42,0.001,0.001,100,64,42,lr=0.001_z=100_bs=64,"LR=0.001, z=100, batch size=64",15,214.15,2026-06-01 17:06:14.332,lr_experiments\lr=1e-05_z=100_bs=64_seed=242,lr_experiments\lr=1e-05_z=100_bs=64_seed=242\training (1).log,165,LR=0.001
lr=0.001_z=100_bs=64_seed=42,lr=0.001_z=100_bs=64_seed=42,0.001,0.001,100,64,42,lr=0.001_z=100_bs=64,"LR=0.001, z=100, batch size=64",16,204.98,2026-06-01 17:06:47.220,lr_experiments\lr=1e-05_z=100_bs=64_seed=242,lr_experiments\lr=1e-05_z=100_bs=64_seed=242\training (1).log,166,LR=0.001
lr=0.001_z=100_bs=64_seed=42,lr=0.001_z=100_bs=64_seed=42,0.001,0.001,100,64,42,lr=0.001_z=100_bs=64,"LR=0.001, z=100, batch size=64",17,196.64,2026-06-01 17:07:50.406,lr_experiments\lr=1e-05_z=100_bs=64_seed=242,lr_experiments\lr=1e-05_z=100_bs=64_seed=242\training (1).log,168,LR=0.001
lr=0.001_z=100_bs=64_seed=42,lr=0.001_z=100_bs=64_seed=42,0.001,0.001,100,64,42,lr=0.001_z=100_bs=64,"LR=0.001, z=100, batch size=64",18,192.82,2026-06-01 17:08:23.341,lr_experiments\lr=1e-05_z=100_bs=64_seed=242,lr_experiments\lr=1e-05_z=100_bs=64_seed=242\training (1).log,170,LR=0.001
lr=0.001_z=100_bs=64_seed=42,lr=0.001_z=100_bs=64_seed=42,0.001,0.001,100,64,42,lr=0.001_z=100_bs=64,"LR=0.001, z=100, batch size=64",19,197.86,2026-06-01 17:09:26.389,lr_experiments\lr=1e-05_z=100_bs=64_seed=242,lr_experiments\lr=1e-05_z=100_bs=64_seed=242\training (1).log,171,LR=0.001
lr=0.001_z=100_bs=64_seed=42,lr=0.001_z=100_bs=64_seed=42,0.001,0.001,100,64,42,lr=0.001_z=100_bs=64,"LR=0.001, z=100, batch size=64",20,187.25,2026-06-01 17:09:59.511,lr_experiments\lr=1e-05_z=100_bs=64_seed=242,lr_experiments\lr=1e-05_z=100_bs=64_seed=242\training (1).log,173,LR=0.001
lr=0.001_z=100_bs=64_seed=42,lr=0.001_z=100_bs=64_seed=42,0.001,0.001,100,64,42,lr=0.001_z=100_bs=64,"LR=0.001, z=100, batch size=64",21,209.44,2026-06-01 17:11:01.908,lr_experiments\lr=1e-05_z=100_bs=64_seed=242,lr_experiments\lr=1e-05_z=100_bs=64_seed=242\training (1).log,174,LR=0.001
lr=0.001_z=100_bs=64_seed=42,lr=0.001_z=100_bs=64_seed=42,0.001,0.001,100,64,42,lr=0.001_z=100_bs=64,"LR=0.001, z=100, batch size=64",22,181.56,2026-06-01 17:11:35.336,lr_experiments\lr=1e-05_z=100_bs=64_seed=242,lr_experiments\lr=1e-05_z=100_bs=64_seed=242\training (1).log,176,LR=0.001
lr=0.001_z=100_bs=64_seed=42,lr=0.001_z=100_bs=64_seed=42,0.001,0.001,100,64,42,lr=0.001_z=100_bs=64,"LR=0.001, z=100, batch size=64",23,177.98,2026-06-01 17:12:38.611,lr_experiments\lr=1e-05_z=100_bs=64_seed=242,lr_experiments\lr=1e-05_z=100_bs=64_seed=242\training (1).log,178,LR=0.001
lr=0.001_z=100_bs=64_seed=42,lr=0.001_z=100_bs=64_seed=42,0.001,0.001,100,64,42,lr=0.001_z=100_bs=64,"LR=0.001, z=100, batch size=64",24,176.33,2026-06-01 17:13:12.039,lr_experiments\lr=1e-05_z=100_bs=64_seed=242,lr_experiments\lr=1e-05_z=100_bs=64_seed=242\training (1).log,180,LR=0.001
lr=0.001_z=100_bs=64_seed=42,lr=0.001_z=100_bs=64_seed=42,0.001,0.001,100,64,42,lr=0.001_z=100_bs=64,"LR=0.001, z=100, batch size=64",25,176.44,2026-06-01 17:14:14.407,lr_experiments\lr=1e-05_z=100_bs=64_seed=242,lr_experiments\lr=1e-05_z=100_bs=64_seed=242\training (1).log,181,LR=0.001
lr=0.001_z=100_bs=64_seed=42,lr=0.001_z=100_bs=64_seed=42,0.001,0.001,100,64,42,lr=0.001_z=100_bs=64,"LR=0.001, z=100, batch size=64",26,160.36,2026-06-01 17:14:47.594,lr_experiments\lr=1e-05_z=100_bs=64_seed=242,lr_experiments\lr=1e-05_z=100_bs=64_seed=242\training (1).log,183,LR=0.001
lr=0.001_z=100_bs=64_seed=42,lr=0.001_z=100_bs=64_seed=42,0.001,0.001,100,64,42,lr=0.001_z=100_bs=64,"LR=0.001, z=100, batch size=64",27,164.21,2026-06-01 17:15:50.611,lr_experiments\lr=1e-05_z=100_bs=64_seed=242,lr_experiments\lr=1e-05_z=100_bs=64_seed=242\training (1).log,184,LR=0.001
lr=0.001_z=100_bs=64_seed=42,lr=0.001_z=100_bs=64_seed=42,0.001,0.001,100,64,42,lr=0.001_z=100_bs=64,"LR=0.001, z=100, batch size=64",28,160.85,2026-06-01 17:16:23.607,lr_experiments\lr=1e-05_z=100_bs=64_seed=242,lr_experiments\lr=1e-05_z=100_bs=64_seed=242\training (1).log,185,LR=0.001
lr=0.001_z=100_bs=64_seed=42,lr=0.001_z=100_bs=64_seed=42,0.001,0.001,100,64,42,lr=0.001_z=100_bs=64,"LR=0.001, z=100, batch size=64",29,164.18,2026-06-01 17:17:26.942,lr_experiments\lr=1e-05_z=100_bs=64_seed=242,lr_experiments\lr=1e-05_z=100_bs=64_seed=242\training (1).log,186,LR=0.001
lr=0.001_z=100_bs=64_seed=42,lr=0.001_z=100_bs=64_seed=42,0.001,0.001,100,64,42,lr=0.001_z=100_bs=64,"LR=0.001, z=100, batch size=64",30,167.73,2026-06-01 17:18:00.306,lr_experiments\lr=1e-05_z=100_bs=64_seed=242,lr_experiments\lr=1e-05_z=100_bs=64_seed=242\training (1).log,187,LR=0.001
lr=0.001_z=100_bs=64_seed=42,lr=0.001_z=100_bs=64_seed=42,0.001,0.001,100,64,42,lr=0.001_z=100_bs=64,"LR=0.001, z=100, batch size=64",31,165.28,2026-06-01 17:19:03.245,lr_experiments\lr=1e-05_z=100_bs=64_seed=242,lr_experiments\lr=1e-05_z=100_bs=64_seed=242\training (1).log,188,LR=0.001
lr=0.001_z=100_bs=64_seed=42,lr=0.001_z=100_bs=64_seed=42,0.001,0.001,100,64,42,lr=0.001_z=100_bs=64,"LR=0.001, z=100, batch size=64",32,164.09,2026-06-01 17:19:36.444,lr_experiments\lr=1e-05_z=100_bs=64_seed=242,lr_experiments\lr=1e-05_z=100_bs=64_seed=242\training (1).log,189,LR=0.001
lr=0.001_z=100_bs=64_seed=42,lr=0.001_z=100_bs=64_seed=42,0.001,0.001,100,64,42,lr=0.001_z=100_bs=64,"LR=0.001, z=100, batch size=64",33,166.44,2026-06-01 17:20:39.343,lr_experiments\lr=1e-05_z=100_bs=64_seed=242,lr_experiments\lr=1e-05_z=100_bs=64_seed=242\training (1).log,190,LR=0.001
lr=0.001_z=100_bs=64_seed=42,lr=0.001_z=100_bs=64_seed=42,0.001,0.001,100,64,42,lr=0.001_z=100_bs=64,"LR=0.001, z=100, batch size=64",34,157.48,2026-06-01 17:21:13.109,lr_experiments\lr=1e-05_z=100_bs=64_seed=242,lr_experiments\lr=1e-05_z=100_bs=64_seed=242\training (1).log,192,LR=0.001
lr=0.001_z=100_bs=64_seed=42,lr=0.001_z=100_bs=64_seed=42,0.001,0.001,100,64,42,lr=0.001_z=100_bs=64,"LR=0.001, z=100, batch size=64",35,159.16,2026-06-01 17:22:15.693,lr_experiments\lr=1e-05_z=100_bs=64_seed=242,lr_experiments\lr=1e-05_z=100_bs=64_seed=242\training (1).log,193,LR=0.001
lr=0.001_z=100_bs=64_seed=42,lr=0.001_z=100_bs=64_seed=42,0.001,0.001,100,64,42,lr=0.001_z=100_bs=64,"LR=0.001, z=100, batch size=64",36,166.38,2026-06-01 17:22:48.845,lr_experiments\lr=1e-05_z=100_bs=64_seed=242,lr_experiments\lr=1e-05_z=100_bs=64_seed=242\training (1).log,194,LR=0.001
lr=0.001_z=100_bs=64_seed=42,lr=0.001_z=100_bs=64_seed=42,0.001,0.001,100,64,42,lr=0.001_z=100_bs=64,"LR=0.001, z=100, batch size=64",37,160.85,2026-06-01 17:23:51.452,lr_experiments\lr=1e-05_z=100_bs=64_seed=242,lr_experiments\lr=1e-05_z=100_bs=64_seed=242\training (1).log,195,LR=0.001
lr=0.001_z=100_bs=64_seed=42,lr=0.001_z=100_bs=64_seed=42,0.001,0.001,100,64,42,lr=0.001_z=100_bs=64,"LR=0.001, z=100, batch size=64",38,152.3,2026-06-01 17:24:24.221,lr_experiments\lr=1e-05_z=100_bs=64_seed=242,lr_experiments\lr=1e-05_z=100_bs=64_seed=242\training (1).log,197,LR=0.001
lr=0.001_z=100_bs=64_seed=42,lr=0.001_z=100_bs=64_seed=42,0.001,0.001,100,64,42,lr=0.001_z=100_bs=64,"LR=0.001, z=100, batch size=64",39,158.33,2026-06-01 17:25:26.739,lr_experiments\lr=1e-05_z=100_bs=64_seed=242,lr_experiments\lr=1e-05_z=100_bs=64_seed=242\training (1).log,198,LR=0.001
lr=0.001_z=100_bs=64_seed=42,lr=0.001_z=100_bs=64_seed=42,0.001,0.001,100,64,42,lr=0.001_z=100_bs=64,"LR=0.001, z=100, batch size=64",40,149.4,2026-06-01 17:25:59.608,lr_experiments\lr=1e-05_z=100_bs=64_seed=242,lr_experiments\lr=1e-05_z=100_bs=64_seed=242\training (1).log,200,LR=0.001
lr=0.001_z=100_bs=64_seed=42,lr=0.001_z=100_bs=64_seed=42,0.001,0.001,100,64,42,lr=0.001_z=100_bs=64,"LR=0.001, z=100, batch size=64",41,158.76,2026-06-01 17:27:02.760,lr_experiments\lr=1e-05_z=100_bs=64_seed=242,lr_experiments\lr=1e-05_z=100_bs=64_seed=242\training (1).log,201,LR=0.001
lr=0.001_z=100_bs=64_seed=42,lr=0.001_z=100_bs=64_seed=42,0.001,0.001,100,64,42,lr=0.001_z=100_bs=64,"LR=0.001, z=100, batch size=64",42,148.37,2026-06-01 17:27:36.255,lr_experiments\lr=1e-05_z=100_bs=64_seed=242,lr_experiments\lr=1e-05_z=100_bs=64_seed=242\training (1).log,203,LR=0.001
lr=0.001_z=100_bs=64_seed=42,lr=0.001_z=100_bs=64_seed=42,0.001,0.001,100,64,42,lr=0.001_z=100_bs=64,"LR=0.001, z=100, batch size=64",43,166.93,2026-06-01 17:28:39.566,lr_experiments\lr=1e-05_z=100_bs=64_seed=242,lr_experiments\lr=1e-05_z=100_bs=64_seed=242\training (1).log,204,LR=0.001
lr=0.001_z=100_bs=64_seed=42,lr=0.001_z=100_bs=64_seed=42,0.001,0.001,100,64,42,lr=0.001_z=100_bs=64,"LR=0.001, z=100, batch size=64",44,150.37,2026-06-01 17:29:12.464,lr_experiments\lr=1e-05_z=100_bs=64_seed=242,lr_experiments\lr=1e-05_z=100_bs=64_seed=242\training (1).log,205,LR=0.001
lr=0.001_z=100_bs=64_seed=42,lr=0.001_z=100_bs=64_seed=42,0.001,0.001,100,64,42,lr=0.001_z=100_bs=64,"LR=0.001, z=100, batch size=64",45,161.49,2026-06-01 17:30:15.958,lr_experiments\lr=1e-05_z=100_bs=64_seed=242,lr_experiments\lr=1e-05_z=100_bs=64_seed=242\training (1).log,206,LR=0.001
lr=0.001_z=100_bs=64_seed=42,lr=0.001_z=100_bs=64_seed=42,0.001,0.001,100,64,42,lr=0.001_z=100_bs=64,"LR=0.001, z=100, batch size=64",46,143.65,2026-06-01 17:30:49.826,lr_experiments\lr=1e-05_z=100_bs=64_seed=242,lr_experiments\lr=1e-05_z=100_bs=64_seed=242\training (1).log,208,LR=0.001
lr=0.001_z=100_bs=64_seed=42,lr=0.001_z=100_bs=64_seed=42,0.001,0.001,100,64,42,lr=0.001_z=100_bs=64,"LR=0.001, z=100, batch size=64",47,158.44,2026-06-01 17:31:52.670,lr_experiments\lr=1e-05_z=100_bs=64_seed=242,lr_experiments\lr=1e-05_z=100_bs=64_seed=242\training (1).log,209,LR=0.001
lr=0.001_z=100_bs=64_seed=42,lr=0.001_z=100_bs=64_seed=42,0.001,0.001,100,64,42,lr=0.001_z=100_bs=64,"LR=0.001, z=100, batch size=64",48,156.48,2026-06-01 17:32:26.389,lr_experiments\lr=1e-05_z=100_bs=64_seed=242,lr_experiments\lr=1e-05_z=100_bs=64_seed=242\training (1).log,210,LR=0.001
lr=0.001_z=100_bs=64_seed=42,lr=0.001_z=100_bs=64_seed=42,0.001,0.001,100,64,42,lr=0.001_z=100_bs=64,"LR=0.001, z=100, batch size=64",49,145.59,2026-06-01 17:33:29.875,lr_experiments\lr=1e-05_z=100_bs=64_seed=242,lr_experiments\lr=1e-05_z=100_bs=64_seed=242\training (1).log,211,LR=0.001
lr=0.001_z=100_bs=64_seed=42,lr=0.001_z=100_bs=64_seed=42,0.001,0.001,100,64,42,lr=0.001_z=100_bs=64,"LR=0.001, z=100, batch size=64",50,155.47,2026-06-01 17:34:02.678,lr_experiments\lr=1e-05_z=100_bs=64_seed=242,lr_experiments\lr=1e-05_z=100_bs=64_seed=242\training (1).log,212,LR=0.001
lr=0.001_z=100_bs=64_seed=42,lr=0.001_z=100_bs=64_seed=42,0.001,0.001,100,64,42,lr=0.001_z=100_bs=64,"LR=0.001, z=100, batch size=64",51,149.12,2026-06-01 17:35:05.123,lr_experiments\lr=1e-05_z=100_bs=64_seed=242,lr_experiments\lr=1e-05_z=100_bs=64_seed=242\training (1).log,213,LR=0.001
lr=0.001_z=100_bs=64_seed=42,lr=0.001_z=100_bs=64_seed=42,0.001,0.001,100,64,42,lr=0.001_z=100_bs=64,"LR=0.001, z=100, batch size=64",52,142.51,2026-06-01 17:35:38.194,lr_experiments\lr=1e-05_z=100_bs=64_seed=242,lr_experiments\lr=1e-05_z=100_bs=64_seed=242\training (1).log,215,LR=0.001
lr=0.001_z=100_bs=64_seed=42,lr=0.001_z=100_bs=64_seed=42,0.001,0.001,100,64,42,lr=0.001_z=100_bs=64,"LR=0.001, z=100, batch size=64",53,160.89,2026-06-01 17:36:40.764,lr_experiments\lr=1e-05_z=100_bs=64_seed=242,lr_experiments\lr=1e-05_z=100_bs=64_seed=242\training (1).log,216,LR=0.001
lr=0.001_z=100_bs=64_seed=42,lr=0.001_z=100_bs=64_seed=42,0.001,0.001,100,64,42,lr=0.001_z=100_bs=64,"LR=0.001, z=100, batch size=64",54,145.6,2026-06-01 17:37:14.129,lr_experiments\lr=1e-05_z=100_bs=64_seed=242,lr_experiments\lr=1e-05_z=100_bs=64_seed=242\training (1).log,217,LR=0.001
lr=0.001_z=100_bs=64_seed=42,lr=0.001_z=100_bs=64_seed=42,0.001,0.001,100,64,42,lr=0.001_z=100_bs=64,"LR=0.001, z=100, batch size=64",55,137.69,2026-06-01 17:38:17.930,lr_experiments\lr=1e-05_z=100_bs=64_seed=242,lr_experiments\lr=1e-05_z=100_bs=64_seed=242\training (1).log,219,LR=0.001
lr=0.001_z=100_bs=64_seed=42,lr=0.001_z=100_bs=64_seed=42,0.001,0.001,100,64,42,lr=0.001_z=100_bs=64,"LR=0.001, z=100, batch size=64",56,152.79,2026-06-01 17:38:52.092,lr_experiments\lr=1e-05_z=100_bs=64_seed=242,lr_experiments\lr=1e-05_z=100_bs=64_seed=242\training (1).log,220,LR=0.001
lr=0.001_z=100_bs=64_seed=42,lr=0.001_z=100_bs=64_seed=42,0.001,0.001,100,64,42,lr=0.001_z=100_bs=64,"LR=0.001, z=100, batch size=64",57,143.62,2026-06-01 17:39:55.088,lr_experiments\lr=1e-05_z=100_bs=64_seed=242,lr_experiments\lr=1e-05_z=100_bs=64_seed=242\training (1).log,221,LR=0.001
lr=0.001_z=100_bs=64_seed=42,lr=0.001_z=100_bs=64_seed=42,0.001,0.001,100,64,42,lr=0.001_z=100_bs=64,"LR=0.001, z=100, batch size=64",58,149.42,2026-06-01 17:40:28.305,lr_experiments\lr=1e-05_z=100_bs=64_seed=242,lr_experiments\lr=1e-05_z=100_bs=64_seed=242\training (1).log,222,LR=0.001
lr=0.001_z=100_bs=64_seed=42,lr=0.001_z=100_bs=64_seed=42,0.001,0.001,100,64,42,lr=0.001_z=100_bs=64,"LR=0.001, z=100, batch size=64",59,140.4,2026-06-01 17:41:31.349,lr_experiments\lr=1e-05_z=100_bs=64_seed=242,lr_experiments\lr=1e-05_z=100_bs=64_seed=242\training (1).log,223,LR=0.001
lr=0.001_z=100_bs=64_seed=42,lr=0.001_z=100_bs=64_seed=42,0.001,0.001,100,64,42,lr=0.001_z=100_bs=64,"LR=0.001, z=100, batch size=64",60,148.67,2026-06-01 17:42:04.137,lr_experiments\lr=1e-05_z=100_bs=64_seed=242,lr_experiments\lr=1e-05_z=100_bs=64_seed=242\training (1).log,224,LR=0.001
lr=0.001_z=100_bs=64_seed=42,lr=0.001_z=100_bs=64_seed=42,0.001,0.001,100,64,42,lr=0.001_z=100_bs=64,"LR=0.001, z=100, batch size=64",61,141.2,2026-06-01 17:43:07.192,lr_experiments\lr=1e-05_z=100_bs=64_seed=242,lr_experiments\lr=1e-05_z=100_bs=64_seed=242\training (1).log,225,LR=0.001
lr=0.001_z=100_bs=64_seed=42,lr=0.001_z=100_bs=64_seed=42,0.001,0.001,100,64,42,lr=0.001_z=100_bs=64,"LR=0.001, z=100, batch size=64",62,151.69,2026-06-01 17:43:40.310,lr_experiments\lr=1e-05_z=100_bs=64_seed=242,lr_experiments\lr=1e-05_z=100_bs=64_seed=242\training (1).log,226,LR=0.001
lr=0.001_z=100_bs=64_seed=42,lr=0.001_z=100_bs=64_seed=42,0.001,0.001,100,64,42,lr=0.001_z=100_bs=64,"LR=0.001, z=100, batch size=64",63,147.25,2026-06-01 17:44:43.872,lr_experiments\lr=1e-05_z=100_bs=64_seed=242,lr_experiments\lr=1e-05_z=100_bs=64_seed=242\training (1).log,227,LR=0.001
lr=0.001_z=100_bs=64_seed=42,lr=0.001_z=100_bs=64_seed=42,0.001,0.001,100,64,42,lr=0.001_z=100_bs=64,"LR=0.001, z=100, batch size=64",64,141.24,2026-06-01 17:45:17.502,lr_experiments\lr=1e-05_z=100_bs=64_seed=242,lr_experiments\lr=1e-05_z=100_bs=64_seed=242\training (1).log,228,LR=0.001
lr=0.001_z=100_bs=64_seed=42,lr=0.001_z=100_bs=64_seed=42,0.001,0.001,100,64,42,lr=0.001_z=100_bs=64,"LR=0.001, z=100, batch size=64",65,142.36,2026-06-01 17:46:21.128,lr_experiments\lr=1e-05_z=100_bs=64_seed=242,lr_experiments\lr=1e-05_z=100_bs=64_seed=242\training (1).log,229,LR=0.001
lr=0.001_z=100_bs=64_seed=42,lr=0.001_z=100_bs=64_seed=42,0.001,0.001,100,64,42,lr=0.001_z=100_bs=64,"LR=0.001, z=100, batch size=64",66,142.24,2026-06-01 17:46:55.266,lr_experiments\lr=1e-05_z=100_bs=64_seed=242,lr_experiments\lr=1e-05_z=100_bs=64_seed=242\training (1).log,230,LR=0.001
lr=0.001_z=100_bs=64_seed=42,lr=0.001_z=100_bs=64_seed=42,0.001,0.001,100,64,42,lr=0.001_z=100_bs=64,"LR=0.001, z=100, batch size=64",67,140.54,2026-06-01 17:47:58.334,lr_experiments\lr=1e-05_z=100_bs=64_seed=242,lr_experiments\lr=1e-05_z=100_bs=64_seed=242\training (1).log,231,LR=0.001
lr=0.001_z=100_bs=64_seed=42,lr=0.001_z=100_bs=64_seed=42,0.001,0.001,100,64,42,lr=0.001_z=100_bs=64,"LR=0.001, z=100, batch size=64",68,147.4,2026-06-01 17:48:32.270,lr_experiments\lr=1e-05_z=100_bs=64_seed=242,lr_experiments\lr=1e-05_z=100_bs=64_seed=242\training (1).log,232,LR=0.001
lr=0.001_z=100_bs=64_seed=42,lr=0.001_z=100_bs=64_seed=42,0.001,0.001,100,64,42,lr=0.001_z=100_bs=64,"LR=0.001, z=100, batch size=64",69,141.72,2026-06-01 17:49:36.689,lr_experiments\lr=1e-05_z=100_bs=64_seed=242,lr_experiments\lr=1e-05_z=100_bs=64_seed=242\training (1).log,233,LR=0.001
lr=0.001_z=100_bs=64_seed=42,lr=0.001_z=100_bs=64_seed=42,0.001,0.001,100,64,42,lr=0.001_z=100_bs=64,"LR=0.001, z=100, batch size=64",70,150.02,2026-06-01 17:50:10.840,lr_experiments\lr=1e-05_z=100_bs=64_seed=242,lr_experiments\lr=1e-05_z=100_bs=64_seed=242\training (1).log,234,LR=0.001
lr=0.001_z=100_bs=64_seed=42,lr=0.001_z=100_bs=64_seed=42,0.001,0.001,100,64,42,lr=0.001_z=100_bs=64,"LR=0.001, z=100, batch size=64",71,151.39,2026-06-01 17:51:14.356,lr_experiments\lr=1e-05_z=100_bs=64_seed=242,lr_experiments\lr=1e-05_z=100_bs=64_seed=242\training (1).log,235,LR=0.001
lr=0.001_z=100_bs=64_seed=42,lr=0.001_z=100_bs=64_seed=42,0.001,0.001,100,64,42,lr=0.001_z=100_bs=64,"LR=0.001, z=100, batch size=64",72,141.75,2026-06-01 17:51:47.826,lr_experiments\lr=1e-05_z=100_bs=64_seed=242,lr_experiments\lr=1e-05_z=100_bs=64_seed=242\training (1).log,236,LR=0.001
lr=0.001_z=100_bs=64_seed=42,lr=0.001_z=100_bs=64_seed=42,0.001,0.001,100,64,42,lr=0.001_z=100_bs=64,"LR=0.001, z=100, batch size=64",73,138.6,2026-06-01 17:52:51.165,lr_experiments\lr=1e-05_z=100_bs=64_seed=242,lr_experiments\lr=1e-05_z=100_bs=64_seed=242\training (1).log,237,LR=0.001
lr=0.001_z=100_bs=64_seed=42,lr=0.001_z=100_bs=64_seed=42,0.001,0.001,100,64,42,lr=0.001_z=100_bs=64,"LR=0.001, z=100, batch size=64",74,141.16,2026-06-01 17:53:24.480,lr_experiments\lr=1e-05_z=100_bs=64_seed=242,lr_experiments\lr=1e-05_z=100_bs=64_seed=242\training (1).log,238,LR=0.001
lr=0.001_z=100_bs=64_seed=42,lr=0.001_z=100_bs=64_seed=42,0.001,0.001,100,64,42,lr=0.001_z=100_bs=64,"LR=0.001, z=100, batch size=64",75,145.4,2026-06-01 18:12:26.037,lr_experiments\lr=1e-05_z=100_bs=64_seed=242,lr_experiments\lr=1e-05_z=100_bs=64_seed=242\training (1).log,239,LR=0.001
lr=0.001_z=100_bs=64_seed=42,lr=0.001_z=100_bs=64_seed=42,0.001,0.001,100,64,42,lr=0.001_z=100_bs=64,"LR=0.001, z=100, batch size=64",76,142.28,2026-06-01 18:12:56.211,lr_experiments\lr=1e-05_z=100_bs=64_seed=242,lr_experiments\lr=1e-05_z=100_bs=64_seed=242\training (1).log,240,LR=0.001
lr=0.001_z=100_bs=64_seed=42,lr=0.001_z=100_bs=64_seed=42,0.001,0.001,100,64,42,lr=0.001_z=100_bs=64,"LR=0.001, z=100, batch size=64",77,140.77,2026-06-01 18:13:26.429,lr_experiments\lr=1e-05_z=100_bs=64_seed=242,lr_experiments\lr=1e-05_z=100_bs=64_seed=242\training (1).log,241,LR=0.001
lr=0.001_z=100_bs=64_seed=42,lr=0.001_z=100_bs=64_seed=42,0.001,0.001,100,64,42,lr=0.001_z=100_bs=64,"LR=0.001, z=100, batch size=64",78,136.54,2026-06-01 18:13:56.967,lr_experiments\lr=1e-05_z=100_bs=64_seed=242,lr_experiments\lr=1e-05_z=100_bs=64_seed=242\training (1).log,243,LR=0.001
lr=0.001_z=100_bs=64_seed=42,lr=0.001_z=100_bs=64_seed=42,0.001,0.001,100,64,42,lr=0.001_z=100_bs=64,"LR=0.001, z=100, batch size=64",79,134.82,2026-06-01 18:14:57.158,lr_experiments\lr=1e-05_z=100_bs=64_seed=242,lr_experiments\lr=1e-05_z=100_bs=64_seed=242\training (1).log,245,LR=0.001
lr=0.001_z=100_bs=64_seed=42,lr=0.001_z=100_bs=64_seed=42,0.001,0.001,100,64,42,lr=0.001_z=100_bs=64,"LR=0.001, z=100, batch size=64",80,147.01,2026-06-01 18:15:27.912,lr_experiments\lr=1e-05_z=100_bs=64_seed=242,lr_experiments\lr=1e-05_z=100_bs=64_seed=242\training (1).log,246,LR=0.001
lr=0.001_z=100_bs=64_seed=42,lr=0.001_z=100_bs=64_seed=42,0.001,0.001,100,64,42,lr=0.001_z=100_bs=64,"LR=0.001, z=100, batch size=64",81,141.7,2026-06-01 18:16:27.167,lr_experiments\lr=1e-05_z=100_bs=64_seed=242,lr_experiments\lr=1e-05_z=100_bs=64_seed=242\training (1).log,247,LR=0.001
lr=0.001_z=100_bs=64_seed=42,lr=0.001_z=100_bs=64_seed=42,0.001,0.001,100,64,42,lr=0.001_z=100_bs=64,"LR=0.001, z=100, batch size=64",82,148.84,2026-06-01 18:16:57.458,lr_experiments\lr=1e-05_z=100_bs=64_seed=242,lr_experiments\lr=1e-05_z=100_bs=64_seed=242\training (1).log,248,LR=0.001
lr=0.001_z=100_bs=64_seed=42,lr=0.001_z=100_bs=64_seed=42,0.001,0.001,100,64,42,lr=0.001_z=100_bs=64,"LR=0.001, z=100, batch size=64",83,129.9,2026-06-01 18:17:57.643,lr_experiments\lr=1e-05_z=100_bs=64_seed=242,lr_experiments\lr=1e-05_z=100_bs=64_seed=242\training (1).log,250,LR=0.001
lr=0.001_z=100_bs=64_seed=42,lr=0.001_z=100_bs=64_seed=42,0.001,0.001,100,64,42,lr=0.001_z=100_bs=64,"LR=0.001, z=100, batch size=64",84,133.01,2026-06-01 18:18:27.615,lr_experiments\lr=1e-05_z=100_bs=64_seed=242,lr_experiments\lr=1e-05_z=100_bs=64_seed=242\training (1).log,251,LR=0.001
lr=0.001_z=100_bs=64_seed=42,lr=0.001_z=100_bs=64_seed=42,0.001,0.001,100,64,42,lr=0.001_z=100_bs=64,"LR=0.001, z=100, batch size=64",85,142.03,2026-06-01 18:19:27.597,lr_experiments\lr=1e-05_z=100_bs=64_seed=242,lr_experiments\lr=1e-05_z=100_bs=64_seed=242\training (1).log,252,LR=0.001
lr=0.001_z=100_bs=64_seed=42,lr=0.001_z=100_bs=64_seed=42,0.001,0.001,100,64,42,lr=0.001_z=100_bs=64,"LR=0.001, z=100, batch size=64",86,138.28,2026-06-01 18:19:57.758,lr_experiments\lr=1e-05_z=100_bs=64_seed=242,lr_experiments\lr=1e-05_z=100_bs=64_seed=242\training (1).log,253,LR=0.001
lr=0.001_z=100_bs=64_seed=42,lr=0.001_z=100_bs=64_seed=42,0.001,0.001,100,64,42,lr=0.001_z=100_bs=64,"LR=0.001, z=100, batch size=64",87,134.71,2026-06-01 18:20:57.238,lr_experiments\lr=1e-05_z=100_bs=64_seed=242,lr_experiments\lr=1e-05_z=100_bs=64_seed=242\training (1).log,254,LR=0.001
lr=0.001_z=100_bs=64_seed=42,lr=0.001_z=100_bs=64_seed=42,0.001,0.001,100,64,42,lr=0.001_z=100_bs=64,"LR=0.001, z=100, batch size=64",88,148.18,2026-06-01 18:21:27.243,lr_experiments\lr=1e-05_z=100_bs=64_seed=242,lr_experiments\lr=1e-05_z=100_bs=64_seed=242\training (1).log,255,LR=0.001
lr=0.001_z=100_bs=64_seed=42,lr=0.001_z=100_bs=64_seed=42,0.001,0.001,100,64,42,lr=0.001_z=100_bs=64,"LR=0.001, z=100, batch size=64",89,150.68,2026-06-01 18:22:27.017,lr_experiments\lr=1e-05_z=100_bs=64_seed=242,lr_experiments\lr=1e-05_z=100_bs=64_seed=242\training (1).log,256,LR=0.001
lr=0.001_z=100_bs=64_seed=42,lr=0.001_z=100_bs=64_seed=42,0.001,0.001,100,64,42,lr=0.001_z=100_bs=64,"LR=0.001, z=100, batch size=64",90,129.19,2026-06-01 18:22:57.451,lr_experiments\lr=1e-05_z=100_bs=64_seed=242,lr_experiments\lr=1e-05_z=100_bs=64_seed=242\training (1).log,258,LR=0.001
lr=0.001_z=100_bs=64_seed=42,lr=0.001_z=100_bs=64_seed=42,0.001,0.001,100,64,42,lr=0.001_z=100_bs=64,"LR=0.001, z=100, batch size=64",91,140.7,2026-06-01 18:23:57.259,lr_experiments\lr=1e-05_z=100_bs=64_seed=242,lr_experiments\lr=1e-05_z=100_bs=64_seed=242\training (1).log,259,LR=0.001
lr=0.001_z=100_bs=64_seed=42,lr=0.001_z=100_bs=64_seed=42,0.001,0.001,100,64,42,lr=0.001_z=100_bs=64,"LR=0.001, z=100, batch size=64",92,143.31,2026-06-01 18:24:27.544,lr_experiments\lr=1e-05_z=100_bs=64_seed=242,lr_experiments\lr=1e-05_z=100_bs=64_seed=242\training (1).log,260,LR=0.001
lr=0.001_z=100_bs=64_seed=42,lr=0.001_z=100_bs=64_seed=42,0.001,0.001,100,64,42,lr=0.001_z=100_bs=64,"LR=0.001, z=100, batch size=64",93,140.28,2026-06-01 18:25:27.678,lr_experiments\lr=1e-05_z=100_bs=64_seed=242,lr_experiments\lr=1e-05_z=100_bs=64_seed=242\training (1).log,261,LR=0.001
lr=0.001_z=100_bs=64_seed=42,lr=0.001_z=100_bs=64_seed=42,0.001,0.001,100,64,42,lr=0.001_z=100_bs=64,"LR=0.001, z=100, batch size=64",94,140.85,2026-06-01 18:25:57.517,lr_experiments\lr=1e-05_z=100_bs=64_seed=242,lr_experiments\lr=1e-05_z=100_bs=64_seed=242\training (1).log,262,LR=0.001
lr=0.001_z=100_bs=64_seed=42,lr=0.001_z=100_bs=64_seed=42,0.001,0.001,100,64,42,lr=0.001_z=100_bs=64,"LR=0.001, z=100, batch size=64",95,137.83,2026-06-01 18:26:57.120,lr_experiments\lr=1e-05_z=100_bs=64_seed=242,lr_experiments\lr=1e-05_z=100_bs=64_seed=242\training (1).log,263,LR=0.001
lr=0.001_z=100_bs=64_seed=42,lr=0.001_z=100_bs=64_seed=42,0.001,0.001,100,64,42,lr=0.001_z=100_bs=64,"LR=0.001, z=100, batch size=64",96,138.62,2026-06-01 18:27:27.045,lr_experiments\lr=1e-05_z=100_bs=64_seed=242,lr_experiments\lr=1e-05_z=100_bs=64_seed=242\training (1).log,264,LR=0.001
lr=0.001_z=100_bs=64_seed=42,lr=0.001_z=100_bs=64_seed=42,0.001,0.001,100,64,42,lr=0.001_z=100_bs=64,"LR=0.001, z=100, batch size=64",97,141.56,2026-06-01 18:28:27.146,lr_experiments\lr=1e-05_z=100_bs=64_seed=242,lr_experiments\lr=1e-05_z=100_bs=64_seed=242\training (1).log,265,LR=0.001
lr=0.001_z=100_bs=64_seed=42,lr=0.001_z=100_bs=64_seed=42,0.001,0.001,100,64,42,lr=0.001_z=100_bs=64,"LR=0.001, z=100, batch size=64",98,122.73,2026-06-01 18:28:57.714,lr_experiments\lr=1e-05_z=100_bs=64_seed=242,lr_experiments\lr=1e-05_z=100_bs=64_seed=242\training (1).log,267,LR=0.001
lr=0.001_z=100_bs=64_seed=42,lr=0.001_z=100_bs=64_seed=42,0.001,0.001,100,64,42,lr=0.001_z=100_bs=64,"LR=0.001, z=100, batch size=64",99,137.73,2026-06-01 18:29:57.334,lr_experiments\lr=1e-05_z=100_bs=64_seed=242,lr_experiments\lr=1e-05_z=100_bs=64_seed=242\training (1).log,268,LR=0.001
lr=0.001_z=100_bs=64_seed=42,lr=0.001_z=100_bs=64_seed=42,0.001,0.001,100,64,42,lr=0.001_z=100_bs=64,"LR=0.001, z=100, batch size=64",100,146.88,2026-06-01 18:30:26.867,lr_experiments\lr=1e-05_z=100_bs=64_seed=242,lr_experiments\lr=1e-05_z=100_bs=64_seed=242\training (1).log,269,LR=0.001
lr=0.001_z=100_bs=64_seed=142,lr=0.001_z=100_bs=64_seed=142,0.001,0.001,100,64,142,lr=0.001_z=100_bs=64,"LR=0.001, z=100, batch size=64",1,310.29,2026-06-01 13:13:50.148,lr_experiments\lr=0.001_z=100_bs=64_seed=142,lr_experiments\lr=0.001_z=100_bs=64_seed=142\training.log,6,LR=0.001
lr=0.001_z=100_bs=64_seed=142,lr=0.001_z=100_bs=64_seed=142,0.001,0.001,100,64,142,lr=0.001_z=100_bs=64,"LR=0.001, z=100, batch size=64",2,295.82,2026-06-01 13:15:00.320,lr_experiments\lr=0.001_z=100_bs=64_seed=142,lr_experiments\lr=0.001_z=100_bs=64_seed=142\training.log,8,LR=0.001
lr=0.001_z=100_bs=64_seed=142,lr=0.001_z=100_bs=64_seed=142,0.001,0.001,100,64,142,lr=0.001_z=100_bs=64,"LR=0.001, z=100, batch size=64",3,293.32,2026-06-01 13:16:11.530,lr_experiments\lr=0.001_z=100_bs=64_seed=142,lr_experiments\lr=0.001_z=100_bs=64_seed=142\training.log,10,LR=0.001
lr=0.001_z=100_bs=64_seed=142,lr=0.001_z=100_bs=64_seed=142,0.001,0.001,100,64,142,lr=0.001_z=100_bs=64,"LR=0.001, z=100, batch size=64",4,339.48,2026-06-01 13:17:34.877,lr_experiments\lr=0.001_z=100_bs=64_seed=142,lr_experiments\lr=0.001_z=100_bs=64_seed=142\training.log,11,LR=0.001
lr=0.001_z=100_bs=64_seed=142,lr=0.001_z=100_bs=64_seed=142,0.001,0.001,100,64,142,lr=0.001_z=100_bs=64,"LR=0.001, z=100, batch size=64",5,275.4,2026-06-01 13:18:45.212,lr_experiments\lr=0.001_z=100_bs=64_seed=142,lr_experiments\lr=0.001_z=100_bs=64_seed=142\training.log,13,LR=0.001
lr=0.001_z=100_bs=64_seed=142,lr=0.001_z=100_bs=64_seed=142,0.001,0.001,100,64,142,lr=0.001_z=100_bs=64,"LR=0.001, z=100, batch size=64",6,298.47,2026-06-01 13:19:56.467,lr_experiments\lr=0.001_z=100_bs=64_seed=142,lr_experiments\lr=0.001_z=100_bs=64_seed=142\training.log,14,LR=0.001
lr=0.001_z=100_bs=64_seed=142,lr=0.001_z=100_bs=64_seed=142,0.001,0.001,100,64,142,lr=0.001_z=100_bs=64,"LR=0.001, z=100, batch size=64",7,276.58,2026-06-01 13:21:26.671,lr_experiments\lr=0.001_z=100_bs=64_seed=142,lr_experiments\lr=0.001_z=100_bs=64_seed=142\training.log,15,LR=0.001
lr=0.001_z=100_bs=64_seed=142,lr=0.001_z=100_bs=64_seed=142,0.001,0.001,100,64,142,lr=0.001_z=100_bs=64,"LR=0.001, z=100, batch size=64",8,287.29,2026-06-01 13:22:37.518,lr_experiments\lr=0.001_z=100_bs=64_seed=142,lr_experiments\lr=0.001_z=100_bs=64_seed=142\training.log,16,LR=0.001
lr=0.001_z=100_bs=64_seed=142,lr=0.001_z=100_bs=64_seed=142,0.001,0.001,100,64,142,lr=0.001_z=100_bs=64,"LR=0.001, z=100, batch size=64",9,285.3,2026-06-01 13:23:59.011,lr_experiments\lr=0.001_z=100_bs=64_seed=142,lr_experiments\lr=0.001_z=100_bs=64_seed=142\training.log,17,LR=0.001
lr=0.001_z=100_bs=64_seed=142,lr=0.001_z=100_bs=64_seed=142,0.001,0.001,100,64,142,lr=0.001_z=100_bs=64,"LR=0.001, z=100, batch size=64",10,240.17,2026-06-01 13:25:11.038,lr_experiments\lr=0.001_z=100_bs=64_seed=142,lr_experiments\lr=0.001_z=100_bs=64_seed=142\training.log,19,LR=0.001
lr=0.001_z=100_bs=64_seed=142,lr=0.001_z=100_bs=64_seed=142,0.001,0.001,100,64,142,lr=0.001_z=100_bs=64,"LR=0.001, z=100, batch size=64",11,247.88,2026-06-01 13:26:21.822,lr_experiments\lr=0.001_z=100_bs=64_seed=142,lr_experiments\lr=0.001_z=100_bs=64_seed=142\training.log,20,LR=0.001
lr=0.001_z=100_bs=64_seed=142,lr=0.001_z=100_bs=64_seed=142,0.001,0.001,100,64,142,lr=0.001_z=100_bs=64,"LR=0.001, z=100, batch size=64",12,269.02,2026-06-01 13:27:33.007,lr_experiments\lr=0.001_z=100_bs=64_seed=142,lr_experiments\lr=0.001_z=100_bs=64_seed=142\training.log,21,LR=0.001
lr=0.001_z=100_bs=64_seed=142,lr=0.001_z=100_bs=64_seed=142,0.001,0.001,100,64,142,lr=0.001_z=100_bs=64,"LR=0.001, z=100, batch size=64",13,224.65,2026-06-01 13:28:44.268,lr_experiments\lr=0.001_z=100_bs=64_seed=142,lr_experiments\lr=0.001_z=100_bs=64_seed=142\training.log,23,LR=0.001
lr=0.001_z=100_bs=64_seed=142,lr=0.001_z=100_bs=64_seed=142,0.001,0.001,100,64,142,lr=0.001_z=100_bs=64,"LR=0.001, z=100, batch size=64",14,222.06,2026-06-01 13:30:07.309,lr_experiments\lr=0.001_z=100_bs=64_seed=142,lr_experiments\lr=0.001_z=100_bs=64_seed=142\training.log,25,LR=0.001
lr=0.001_z=100_bs=64_seed=142,lr=0.001_z=100_bs=64_seed=142,0.001,0.001,100,64,142,lr=0.001_z=100_bs=64,"LR=0.001, z=100, batch size=64",15,210.25,2026-06-01 13:31:19.439,lr_experiments\lr=0.001_z=100_bs=64_seed=142,lr_experiments\lr=0.001_z=100_bs=64_seed=142\training.log,27,LR=0.001
lr=0.001_z=100_bs=64_seed=142,lr=0.001_z=100_bs=64_seed=142,0.001,0.001,100,64,142,lr=0.001_z=100_bs=64,"LR=0.001, z=100, batch size=64",16,203.61,2026-06-01 13:32:41.521,lr_experiments\lr=0.001_z=100_bs=64_seed=142,lr_experiments\lr=0.001_z=100_bs=64_seed=142\training.log,29,LR=0.001
lr=0.001_z=100_bs=64_seed=142,lr=0.001_z=100_bs=64_seed=142,0.001,0.001,100,64,142,lr=0.001_z=100_bs=64,"LR=0.001, z=100, batch size=64",17,200.36,2026-06-01 13:33:53.518,lr_experiments\lr=0.001_z=100_bs=64_seed=142,lr_experiments\lr=0.001_z=100_bs=64_seed=142\training.log,31,LR=0.001
lr=0.001_z=100_bs=64_seed=142,lr=0.001_z=100_bs=64_seed=142,0.001,0.001,100,64,142,lr=0.001_z=100_bs=64,"LR=0.001, z=100, batch size=64",18,203.16,2026-06-01 13:35:05.981,lr_experiments\lr=0.001_z=100_bs=64_seed=142,lr_experiments\lr=0.001_z=100_bs=64_seed=142\training.log,32,LR=0.001
lr=0.001_z=100_bs=64_seed=142,lr=0.001_z=100_bs=64_seed=142,0.001,0.001,100,64,142,lr=0.001_z=100_bs=64,"LR=0.001, z=100, batch size=64",19,207.95,2026-06-01 13:36:38.233,lr_experiments\lr=0.001_z=100_bs=64_seed=142,lr_experiments\lr=0.001_z=100_bs=64_seed=142\training.log,33,LR=0.001
lr=0.001_z=100_bs=64_seed=142,lr=0.001_z=100_bs=64_seed=142,0.001,0.001,100,64,142,lr=0.001_z=100_bs=64,"LR=0.001, z=100, batch size=64",20,192.41,2026-06-01 13:37:50.273,lr_experiments\lr=0.001_z=100_bs=64_seed=142,lr_experiments\lr=0.001_z=100_bs=64_seed=142\training.log,35,LR=0.001
lr=0.001_z=100_bs=64_seed=142,lr=0.001_z=100_bs=64_seed=142,0.001,0.001,100,64,142,lr=0.001_z=100_bs=64,"LR=0.001, z=100, batch size=64",21,183.28,2026-06-01 13:39:12.517,lr_experiments\lr=0.001_z=100_bs=64_seed=142,lr_experiments\lr=0.001_z=100_bs=64_seed=142\training.log,37,LR=0.001
lr=0.001_z=100_bs=64_seed=142,lr=0.001_z=100_bs=64_seed=142,0.001,0.001,100,64,142,lr=0.001_z=100_bs=64,"LR=0.001, z=100, batch size=64",22,186.27,2026-06-01 13:40:24.521,lr_experiments\lr=0.001_z=100_bs=64_seed=142,lr_experiments\lr=0.001_z=100_bs=64_seed=142\training.log,38,LR=0.001
lr=0.001_z=100_bs=64_seed=142,lr=0.001_z=100_bs=64_seed=142,0.001,0.001,100,64,142,lr=0.001_z=100_bs=64,"LR=0.001, z=100, batch size=64",23,181.09,2026-06-01 13:41:55.478,lr_experiments\lr=0.001_z=100_bs=64_seed=142,lr_experiments\lr=0.001_z=100_bs=64_seed=142\training.log,40,LR=0.001
lr=0.001_z=100_bs=64_seed=142,lr=0.001_z=100_bs=64_seed=142,0.001,0.001,100,64,142,lr=0.001_z=100_bs=64,"LR=0.001, z=100, batch size=64",24,175.22,2026-06-01 13:43:07.623,lr_experiments\lr=0.001_z=100_bs=64_seed=142,lr_experiments\lr=0.001_z=100_bs=64_seed=142\training.log,42,LR=0.001
lr=0.001_z=100_bs=64_seed=142,lr=0.001_z=100_bs=64_seed=142,0.001,0.001,100,64,142,lr=0.001_z=100_bs=64,"LR=0.001, z=100, batch size=64",25,174.89,2026-06-01 13:44:20.063,lr_experiments\lr=0.001_z=100_bs=64_seed=142,lr_experiments\lr=0.001_z=100_bs=64_seed=142\training.log,44,LR=0.001
lr=0.001_z=100_bs=64_seed=142,lr=0.001_z=100_bs=64_seed=142,0.001,0.001,100,64,142,lr=0.001_z=100_bs=64,"LR=0.001, z=100, batch size=64",26,177.12,2026-06-01 13:45:41.633,lr_experiments\lr=0.001_z=100_bs=64_seed=142,lr_experiments\lr=0.001_z=100_bs=64_seed=142\training.log,45,LR=0.001
lr=0.001_z=100_bs=64_seed=142,lr=0.001_z=100_bs=64_seed=142,0.001,0.001,100,64,142,lr=0.001_z=100_bs=64,"LR=0.001, z=100, batch size=64",27,175.82,2026-06-01 13:46:53.046,lr_experiments\lr=0.001_z=100_bs=64_seed=142,lr_experiments\lr=0.001_z=100_bs=64_seed=142\training.log,46,LR=0.001
lr=0.001_z=100_bs=64_seed=142,lr=0.001_z=100_bs=64_seed=142,0.001,0.001,100,64,142,lr=0.001_z=100_bs=64,"LR=0.001, z=100, batch size=64",28,176.9,2026-06-01 13:48:14.420,lr_experiments\lr=0.001_z=100_bs=64_seed=142,lr_experiments\lr=0.001_z=100_bs=64_seed=142\training.log,47,LR=0.001
lr=0.001_z=100_bs=64_seed=142,lr=0.001_z=100_bs=64_seed=142,0.001,0.001,100,64,142,lr=0.001_z=100_bs=64,"LR=0.001, z=100, batch size=64",29,167.8,2026-06-01 13:49:26.738,lr_experiments\lr=0.001_z=100_bs=64_seed=142,lr_experiments\lr=0.001_z=100_bs=64_seed=142\training.log,49,LR=0.001
lr=0.001_z=100_bs=64_seed=142,lr=0.001_z=100_bs=64_seed=142,0.001,0.001,100,64,142,lr=0.001_z=100_bs=64,"LR=0.001, z=100, batch size=64",30,166.99,2026-06-01 13:50:38.236,lr_experiments\lr=0.001_z=100_bs=64_seed=142,lr_experiments\lr=0.001_z=100_bs=64_seed=142\training.log,51,LR=0.001
lr=0.001_z=100_bs=64_seed=142,lr=0.001_z=100_bs=64_seed=142,0.001,0.001,100,64,142,lr=0.001_z=100_bs=64,"LR=0.001, z=100, batch size=64",31,160.88,2026-06-01 13:52:09.803,lr_experiments\lr=0.001_z=100_bs=64_seed=142,lr_experiments\lr=0.001_z=100_bs=64_seed=142\training.log,53,LR=0.001
lr=0.001_z=100_bs=64_seed=142,lr=0.001_z=100_bs=64_seed=142,0.001,0.001,100,64,142,lr=0.001_z=100_bs=64,"LR=0.001, z=100, batch size=64",32,167.72,2026-06-01 13:53:21.213,lr_experiments\lr=0.001_z=100_bs=64_seed=142,lr_experiments\lr=0.001_z=100_bs=64_seed=142\training.log,54,LR=0.001
lr=0.001_z=100_bs=64_seed=142,lr=0.001_z=100_bs=64_seed=142,0.001,0.001,100,64,142,lr=0.001_z=100_bs=64,"LR=0.001, z=100, batch size=64",33,163.72,2026-06-01 13:54:43.128,lr_experiments\lr=0.001_z=100_bs=64_seed=142,lr_experiments\lr=0.001_z=100_bs=64_seed=142\training.log,55,LR=0.001
lr=0.001_z=100_bs=64_seed=142,lr=0.001_z=100_bs=64_seed=142,0.001,0.001,100,64,142,lr=0.001_z=100_bs=64,"LR=0.001, z=100, batch size=64",34,166.08,2026-06-01 13:55:55.089,lr_experiments\lr=0.001_z=100_bs=64_seed=142,lr_experiments\lr=0.001_z=100_bs=64_seed=142\training.log,56,LR=0.001
lr=0.001_z=100_bs=64_seed=142,lr=0.001_z=100_bs=64_seed=142,0.001,0.001,100,64,142,lr=0.001_z=100_bs=64,"LR=0.001, z=100, batch size=64",35,164.73,2026-06-01 13:57:26.814,lr_experiments\lr=0.001_z=100_bs=64_seed=142,lr_experiments\lr=0.001_z=100_bs=64_seed=142\training.log,57,LR=0.001
lr=0.001_z=100_bs=64_seed=142,lr=0.001_z=100_bs=64_seed=142,0.001,0.001,100,64,142,lr=0.001_z=100_bs=64,"LR=0.001, z=100, batch size=64",36,159.77,2026-06-01 13:58:39.137,lr_experiments\lr=0.001_z=100_bs=64_seed=142,lr_experiments\lr=0.001_z=100_bs=64_seed=142\training.log,59,LR=0.001
lr=0.001_z=100_bs=64_seed=142,lr=0.001_z=100_bs=64_seed=142,0.001,0.001,100,64,142,lr=0.001_z=100_bs=64,"LR=0.001, z=100, batch size=64",37,164.86,2026-06-01 13:59:50.300,lr_experiments\lr=0.001_z=100_bs=64_seed=142,lr_experiments\lr=0.001_z=100_bs=64_seed=142\training.log,60,LR=0.001
lr=0.001_z=100_bs=64_seed=142,lr=0.001_z=100_bs=64_seed=142,0.001,0.001,100,64,142,lr=0.001_z=100_bs=64,"LR=0.001, z=100, batch size=64",38,147.71,2026-06-01 14:01:12.403,lr_experiments\lr=0.001_z=100_bs=64_seed=142,lr_experiments\lr=0.001_z=100_bs=64_seed=142\training.log,62,LR=0.001
lr=0.001_z=100_bs=64_seed=142,lr=0.001_z=100_bs=64_seed=142,0.001,0.001,100,64,142,lr=0.001_z=100_bs=64,"LR=0.001, z=100, batch size=64",39,167.35,2026-06-01 14:02:24.220,lr_experiments\lr=0.001_z=100_bs=64_seed=142,lr_experiments\lr=0.001_z=100_bs=64_seed=142\training.log,63,LR=0.001
lr=0.001_z=100_bs=64_seed=142,lr=0.001_z=100_bs=64_seed=142,0.001,0.001,100,64,142,lr=0.001_z=100_bs=64,"LR=0.001, z=100, batch size=64",40,148.52,2026-06-01 14:03:45.305,lr_experiments\lr=0.001_z=100_bs=64_seed=142,lr_experiments\lr=0.001_z=100_bs=64_seed=142\training.log,64,LR=0.001
lr=0.001_z=100_bs=64_seed=142,lr=0.001_z=100_bs=64_seed=142,0.001,0.001,100,64,142,lr=0.001_z=100_bs=64,"LR=0.001, z=100, batch size=64",41,159.29,2026-06-01 14:04:57.620,lr_experiments\lr=0.001_z=100_bs=64_seed=142,lr_experiments\lr=0.001_z=100_bs=64_seed=142\training.log,65,LR=0.001
lr=0.001_z=100_bs=64_seed=142,lr=0.001_z=100_bs=64_seed=142,0.001,0.001,100,64,142,lr=0.001_z=100_bs=64,"LR=0.001, z=100, batch size=64",42,149.4,2026-06-01 14:06:08.869,lr_experiments\lr=0.001_z=100_bs=64_seed=142,lr_experiments\lr=0.001_z=100_bs=64_seed=142\training.log,66,LR=0.001
lr=0.001_z=100_bs=64_seed=142,lr=0.001_z=100_bs=64_seed=142,0.001,0.001,100,64,142,lr=0.001_z=100_bs=64,"LR=0.001, z=100, batch size=64",43,156.89,2026-06-01 14:07:40.563,lr_experiments\lr=0.001_z=100_bs=64_seed=142,lr_experiments\lr=0.001_z=100_bs=64_seed=142\training.log,67,LR=0.001
lr=0.001_z=100_bs=64_seed=142,lr=0.001_z=100_bs=64_seed=142,0.001,0.001,100,64,142,lr=0.001_z=100_bs=64,"LR=0.001, z=100, batch size=64",44,146.28,2026-06-01 14:08:51.946,lr_experiments\lr=0.001_z=100_bs=64_seed=142,lr_experiments\lr=0.001_z=100_bs=64_seed=142\training.log,69,LR=0.001
lr=0.001_z=100_bs=64_seed=142,lr=0.001_z=100_bs=64_seed=142,0.001,0.001,100,64,142,lr=0.001_z=100_bs=64,"LR=0.001, z=100, batch size=64",45,144.32,2026-06-01 14:10:16.004,lr_experiments\lr=0.001_z=100_bs=64_seed=142,lr_experiments\lr=0.001_z=100_bs=64_seed=142\training.log,71,LR=0.001
lr=0.001_z=100_bs=64_seed=142,lr=0.001_z=100_bs=64_seed=142,0.001,0.001,100,64,142,lr=0.001_z=100_bs=64,"LR=0.001, z=100, batch size=64",46,160.98,2026-06-01 14:11:27.870,lr_experiments\lr=0.001_z=100_bs=64_seed=142,lr_experiments\lr=0.001_z=100_bs=64_seed=142\training.log,72,LR=0.001
lr=0.001_z=100_bs=64_seed=142,lr=0.001_z=100_bs=64_seed=142,0.001,0.001,100,64,142,lr=0.001_z=100_bs=64,"LR=0.001, z=100, batch size=64",47,151.35,2026-06-01 14:12:39.100,lr_experiments\lr=0.001_z=100_bs=64_seed=142,lr_experiments\lr=0.001_z=100_bs=64_seed=142\training.log,73,LR=0.001
lr=0.001_z=100_bs=64_seed=142,lr=0.001_z=100_bs=64_seed=142,0.001,0.001,100,64,142,lr=0.001_z=100_bs=64,"LR=0.001, z=100, batch size=64",48,151.8,2026-06-01 14:13:50.975,lr_experiments\lr=0.001_z=100_bs=64_seed=142,lr_experiments\lr=0.001_z=100_bs=64_seed=142\training.log,74,LR=0.001
lr=0.001_z=100_bs=64_seed=142,lr=0.001_z=100_bs=64_seed=142,0.001,0.001,100,64,142,lr=0.001_z=100_bs=64,"LR=0.001, z=100, batch size=64",49,156.09,2026-06-01 14:15:11.611,lr_experiments\lr=0.001_z=100_bs=64_seed=142,lr_experiments\lr=0.001_z=100_bs=64_seed=142\training.log,75,LR=0.001
lr=0.001_z=100_bs=64_seed=142,lr=0.001_z=100_bs=64_seed=142,0.001,0.001,100,64,142,lr=0.001_z=100_bs=64,"LR=0.001, z=100, batch size=64",50,141.88,2026-06-01 14:16:23.550,lr_experiments\lr=0.001_z=100_bs=64_seed=142,lr_experiments\lr=0.001_z=100_bs=64_seed=142\training.log,77,LR=0.001
lr=0.001_z=100_bs=64_seed=142,lr=0.001_z=100_bs=64_seed=142,0.001,0.001,100,64,142,lr=0.001_z=100_bs=64,"LR=0.001, z=100, batch size=64",51,153.0,2026-06-01 14:17:34.602,lr_experiments\lr=0.001_z=100_bs=64_seed=142,lr_experiments\lr=0.001_z=100_bs=64_seed=142\training.log,78,LR=0.001
lr=0.001_z=100_bs=64_seed=142,lr=0.001_z=100_bs=64_seed=142,0.001,0.001,100,64,142,lr=0.001_z=100_bs=64,"LR=0.001, z=100, batch size=64",52,160.62,2026-06-01 14:19:04.914,lr_experiments\lr=0.001_z=100_bs=64_seed=142,lr_experiments\lr=0.001_z=100_bs=64_seed=142\training.log,79,LR=0.001
lr=0.001_z=100_bs=64_seed=142,lr=0.001_z=100_bs=64_seed=142,0.001,0.001,100,64,142,lr=0.001_z=100_bs=64,"LR=0.001, z=100, batch size=64",53,145.73,2026-06-01 14:20:16.109,lr_experiments\lr=0.001_z=100_bs=64_seed=142,lr_experiments\lr=0.001_z=100_bs=64_seed=142\training.log,80,LR=0.001
lr=0.001_z=100_bs=64_seed=142,lr=0.001_z=100_bs=64_seed=142,0.001,0.001,100,64,142,lr=0.001_z=100_bs=64,"LR=0.001, z=100, batch size=64",54,148.81,2026-06-01 14:21:36.666,lr_experiments\lr=0.001_z=100_bs=64_seed=142,lr_experiments\lr=0.001_z=100_bs=64_seed=142\training.log,81,LR=0.001
lr=0.001_z=100_bs=64_seed=142,lr=0.001_z=100_bs=64_seed=142,0.001,0.001,100,64,142,lr=0.001_z=100_bs=64,"LR=0.001, z=100, batch size=64",55,161.13,2026-06-01 14:22:47.313,lr_experiments\lr=0.001_z=100_bs=64_seed=142,lr_experiments\lr=0.001_z=100_bs=64_seed=142\training.log,82,LR=0.001
lr=0.001_z=100_bs=64_seed=142,lr=0.001_z=100_bs=64_seed=142,0.001,0.001,100,64,142,lr=0.001_z=100_bs=64,"LR=0.001, z=100, batch size=64",56,153.56,2026-06-01 14:24:18.626,lr_experiments\lr=0.001_z=100_bs=64_seed=142,lr_experiments\lr=0.001_z=100_bs=64_seed=142\training.log,83,LR=0.001
lr=0.001_z=100_bs=64_seed=142,lr=0.001_z=100_bs=64_seed=142,0.001,0.001,100,64,142,lr=0.001_z=100_bs=64,"LR=0.001, z=100, batch size=64",57,155.15,2026-06-01 14:25:29.484,lr_experiments\lr=0.001_z=100_bs=64_seed=142,lr_experiments\lr=0.001_z=100_bs=64_seed=142\training.log,84,LR=0.001
lr=0.001_z=100_bs=64_seed=142,lr=0.001_z=100_bs=64_seed=142,0.001,0.001,100,64,142,lr=0.001_z=100_bs=64,"LR=0.001, z=100, batch size=64",58,144.31,2026-06-01 14:26:40.673,lr_experiments\lr=0.001_z=100_bs=64_seed=142,lr_experiments\lr=0.001_z=100_bs=64_seed=142\training.log,85,LR=0.001
lr=0.001_z=100_bs=64_seed=142,lr=0.001_z=100_bs=64_seed=142,0.001,0.001,100,64,142,lr=0.001_z=100_bs=64,"LR=0.001, z=100, batch size=64",59,142.97,2026-06-01 14:28:02.141,lr_experiments\lr=0.001_z=100_bs=64_seed=142,lr_experiments\lr=0.001_z=100_bs=64_seed=142\training.log,86,LR=0.001
lr=0.001_z=100_bs=64_seed=142,lr=0.001_z=100_bs=64_seed=142,0.001,0.001,100,64,142,lr=0.001_z=100_bs=64,"LR=0.001, z=100, batch size=64",60,150.05,2026-06-01 14:29:14.340,lr_experiments\lr=0.001_z=100_bs=64_seed=142,lr_experiments\lr=0.001_z=100_bs=64_seed=142\training.log,87,LR=0.001
lr=0.001_z=100_bs=64_seed=142,lr=0.001_z=100_bs=64_seed=142,0.001,0.001,100,64,142,lr=0.001_z=100_bs=64,"LR=0.001, z=100, batch size=64",61,141.41,2026-06-01 14:30:35.528,lr_experiments\lr=0.001_z=100_bs=64_seed=142,lr_experiments\lr=0.001_z=100_bs=64_seed=142\training.log,89,LR=0.001
lr=0.001_z=100_bs=64_seed=142,lr=0.001_z=100_bs=64_seed=142,0.001,0.001,100,64,142,lr=0.001_z=100_bs=64,"LR=0.001, z=100, batch size=64",62,155.41,2026-06-01 14:31:47.069,lr_experiments\lr=0.001_z=100_bs=64_seed=142,lr_experiments\lr=0.001_z=100_bs=64_seed=142\training.log,90,LR=0.001
lr=0.001_z=100_bs=64_seed=142,lr=0.001_z=100_bs=64_seed=142,0.001,0.001,100,64,142,lr=0.001_z=100_bs=64,"LR=0.001, z=100, batch size=64",63,151.92,2026-06-01 14:32:57.853,lr_experiments\lr=0.001_z=100_bs=64_seed=142,lr_experiments\lr=0.001_z=100_bs=64_seed=142\training.log,91,LR=0.001
lr=0.001_z=100_bs=64_seed=142,lr=0.001_z=100_bs=64_seed=142,0.001,0.001,100,64,142,lr=0.001_z=100_bs=64,"LR=0.001, z=100, batch size=64",64,151.19,2026-06-01 14:34:28.429,lr_experiments\lr=0.001_z=100_bs=64_seed=142,lr_experiments\lr=0.001_z=100_bs=64_seed=142\training.log,92,LR=0.001
lr=0.001_z=100_bs=64_seed=142,lr=0.001_z=100_bs=64_seed=142,0.001,0.001,100,64,142,lr=0.001_z=100_bs=64,"LR=0.001, z=100, batch size=64",65,157.94,2026-06-01 14:35:39.425,lr_experiments\lr=0.001_z=100_bs=64_seed=142,lr_experiments\lr=0.001_z=100_bs=64_seed=142\training.log,93,LR=0.001
lr=0.001_z=100_bs=64_seed=142,lr=0.001_z=100_bs=64_seed=142,0.001,0.001,100,64,142,lr=0.001_z=100_bs=64,"LR=0.001, z=100, batch size=64",66,151.41,2026-06-01 14:37:00.111,lr_experiments\lr=0.001_z=100_bs=64_seed=142,lr_experiments\lr=0.001_z=100_bs=64_seed=142\training.log,94,LR=0.001
lr=0.001_z=100_bs=64_seed=142,lr=0.001_z=100_bs=64_seed=142,0.001,0.001,100,64,142,lr=0.001_z=100_bs=64,"LR=0.001, z=100, batch size=64",67,143.81,2026-06-01 14:38:12.001,lr_experiments\lr=0.001_z=100_bs=64_seed=142,lr_experiments\lr=0.001_z=100_bs=64_seed=142\training.log,95,LR=0.001
lr=0.001_z=100_bs=64_seed=142,lr=0.001_z=100_bs=64_seed=142,0.001,0.001,100,64,142,lr=0.001_z=100_bs=64,"LR=0.001, z=100, batch size=64",68,146.99,2026-06-01 14:39:23.282,lr_experiments\lr=0.001_z=100_bs=64_seed=142,lr_experiments\lr=0.001_z=100_bs=64_seed=142\training.log,96,LR=0.001
lr=0.001_z=100_bs=64_seed=142,lr=0.001_z=100_bs=64_seed=142,0.001,0.001,100,64,142,lr=0.001_z=100_bs=64,"LR=0.001, z=100, batch size=64",69,145.97,2026-06-01 14:40:35.075,lr_experiments\lr=0.001_z=100_bs=64_seed=142,lr_experiments\lr=0.001_z=100_bs=64_seed=142\training.log,97,LR=0.001
lr=0.001_z=100_bs=64_seed=142,lr=0.001_z=100_bs=64_seed=142,0.001,0.001,100,64,142,lr=0.001_z=100_bs=64,"LR=0.001, z=100, batch size=64",70,152.39,2026-06-01 14:41:46.627,lr_experiments\lr=0.001_z=100_bs=64_seed=142,lr_experiments\lr=0.001_z=100_bs=64_seed=142\training.log,98,LR=0.001
lr=0.001_z=100_bs=64_seed=142,lr=0.001_z=100_bs=64_seed=142,0.001,0.001,100,64,142,lr=0.001_z=100_bs=64,"LR=0.001, z=100, batch size=64",71,148.7,2026-06-01 14:43:07.959,lr_experiments\lr=0.001_z=100_bs=64_seed=142,lr_experiments\lr=0.001_z=100_bs=64_seed=142\training.log,99,LR=0.001
lr=0.001_z=100_bs=64_seed=142,lr=0.001_z=100_bs=64_seed=142,0.001,0.001,100,64,142,lr=0.001_z=100_bs=64,"LR=0.001, z=100, batch size=64",72,146.22,2026-06-01 14:44:19.361,lr_experiments\lr=0.001_z=100_bs=64_seed=142,lr_experiments\lr=0.001_z=100_bs=64_seed=142\training.log,100,LR=0.001
lr=0.001_z=100_bs=64_seed=142,lr=0.001_z=100_bs=64_seed=142,0.001,0.001,100,64,142,lr=0.001_z=100_bs=64,"LR=0.001, z=100, batch size=64",73,134.12,2026-06-01 14:45:51.435,lr_experiments\lr=0.001_z=100_bs=64_seed=142,lr_experiments\lr=0.001_z=100_bs=64_seed=142\training.log,102,LR=0.001
lr=0.001_z=100_bs=64_seed=142,lr=0.001_z=100_bs=64_seed=142,0.001,0.001,100,64,142,lr=0.001_z=100_bs=64,"LR=0.001, z=100, batch size=64",74,142.83,2026-06-01 14:47:03.138,lr_experiments\lr=0.001_z=100_bs=64_seed=142,lr_experiments\lr=0.001_z=100_bs=64_seed=142\training.log,103,LR=0.001
lr=0.001_z=100_bs=64_seed=142,lr=0.001_z=100_bs=64_seed=142,0.001,0.001,100,64,142,lr=0.001_z=100_bs=64,"LR=0.001, z=100, batch size=64",75,146.41,2026-06-01 14:48:14.283,lr_experiments\lr=0.001_z=100_bs=64_seed=142,lr_experiments\lr=0.001_z=100_bs=64_seed=142\training.log,104,LR=0.001
lr=0.001_z=100_bs=64_seed=142,lr=0.001_z=100_bs=64_seed=142,0.001,0.001,100,64,142,lr=0.001_z=100_bs=64,"LR=0.001, z=100, batch size=64",76,145.91,2026-06-01 14:49:37.460,lr_experiments\lr=0.001_z=100_bs=64_seed=142,lr_experiments\lr=0.001_z=100_bs=64_seed=142\training.log,105,LR=0.001
lr=0.001_z=100_bs=64_seed=142,lr=0.001_z=100_bs=64_seed=142,0.001,0.001,100,64,142,lr=0.001_z=100_bs=64,"LR=0.001, z=100, batch size=64",77,141.72,2026-06-01 14:50:48.864,lr_experiments\lr=0.001_z=100_bs=64_seed=142,lr_experiments\lr=0.001_z=100_bs=64_seed=142\training.log,106,LR=0.001
lr=0.001_z=100_bs=64_seed=142,lr=0.001_z=100_bs=64_seed=142,0.001,0.001,100,64,142,lr=0.001_z=100_bs=64,"LR=0.001, z=100, batch size=64",78,153.75,2026-06-01 14:52:10.046,lr_experiments\lr=0.001_z=100_bs=64_seed=142,lr_experiments\lr=0.001_z=100_bs=64_seed=142\training.log,107,LR=0.001
lr=0.001_z=100_bs=64_seed=142,lr=0.001_z=100_bs=64_seed=142,0.001,0.001,100,64,142,lr=0.001_z=100_bs=64,"LR=0.001, z=100, batch size=64",79,153.0,2026-06-01 14:53:21.243,lr_experiments\lr=0.001_z=100_bs=64_seed=142,lr_experiments\lr=0.001_z=100_bs=64_seed=142\training.log,108,LR=0.001
lr=0.001_z=100_bs=64_seed=142,lr=0.001_z=100_bs=64_seed=142,0.001,0.001,100,64,142,lr=0.001_z=100_bs=64,"LR=0.001, z=100, batch size=64",80,142.89,2026-06-01 14:54:32.903,lr_experiments\lr=0.001_z=100_bs=64_seed=142,lr_experiments\lr=0.001_z=100_bs=64_seed=142\training.log,109,LR=0.001
lr=0.001_z=100_bs=64_seed=142,lr=0.001_z=100_bs=64_seed=142,0.001,0.001,100,64,142,lr=0.001_z=100_bs=64,"LR=0.001, z=100, batch size=64",81,141.73,2026-06-01 14:56:04.466,lr_experiments\lr=0.001_z=100_bs=64_seed=142,lr_experiments\lr=0.001_z=100_bs=64_seed=142\training.log,110,LR=0.001
lr=0.001_z=100_bs=64_seed=142,lr=0.001_z=100_bs=64_seed=142,0.001,0.001,100,64,142,lr=0.001_z=100_bs=64,"LR=0.001, z=100, batch size=64",82,141.76,2026-06-01 14:57:15.304,lr_experiments\lr=0.001_z=100_bs=64_seed=142,lr_experiments\lr=0.001_z=100_bs=64_seed=142\training.log,111,LR=0.001
lr=0.001_z=100_bs=64_seed=142,lr=0.001_z=100_bs=64_seed=142,0.001,0.001,100,64,142,lr=0.001_z=100_bs=64,"LR=0.001, z=100, batch size=64",83,142.52,2026-06-01 14:58:35.555,lr_experiments\lr=0.001_z=100_bs=64_seed=142,lr_experiments\lr=0.001_z=100_bs=64_seed=142\training.log,112,LR=0.001
lr=0.001_z=100_bs=64_seed=142,lr=0.001_z=100_bs=64_seed=142,0.001,0.001,100,64,142,lr=0.001_z=100_bs=64,"LR=0.001, z=100, batch size=64",84,145.24,2026-06-01 14:59:46.969,lr_experiments\lr=0.001_z=100_bs=64_seed=142,lr_experiments\lr=0.001_z=100_bs=64_seed=142\training.log,113,LR=0.001
lr=0.001_z=100_bs=64_seed=142,lr=0.001_z=100_bs=64_seed=142,0.001,0.001,100,64,142,lr=0.001_z=100_bs=64,"LR=0.001, z=100, batch size=64",85,145.8,2026-06-01 15:00:58.058,lr_experiments\lr=0.001_z=100_bs=64_seed=142,lr_experiments\lr=0.001_z=100_bs=64_seed=142\training.log,114,LR=0.001
lr=0.001_z=100_bs=64_seed=142,lr=0.001_z=100_bs=64_seed=142,0.001,0.001,100,64,142,lr=0.001_z=100_bs=64,"LR=0.001, z=100, batch size=64",86,147.23,2026-06-01 15:02:09.225,lr_experiments\lr=0.001_z=100_bs=64_seed=142,lr_experiments\lr=0.001_z=100_bs=64_seed=142\training.log,115,LR=0.001
lr=0.001_z=100_bs=64_seed=142,lr=0.001_z=100_bs=64_seed=142,0.001,0.001,100,64,142,lr=0.001_z=100_bs=64,"LR=0.001, z=100, batch size=64",87,145.47,2026-06-05 06:52:36.852,lr_experiments\lr=0.001_z=100_bs=64_seed=142,lr_experiments\lr=0.001_z=100_bs=64_seed=142\training.log,151,LR=0.001
lr=0.001_z=100_bs=64_seed=142,lr=0.001_z=100_bs=64_seed=142,0.001,0.001,100,64,142,lr=0.001_z=100_bs=64,"LR=0.001, z=100, batch size=64",88,147.16,2026-06-05 06:53:06.042,lr_experiments\lr=0.001_z=100_bs=64_seed=142,lr_experiments\lr=0.001_z=100_bs=64_seed=142\training.log,152,LR=0.001
lr=0.001_z=100_bs=64_seed=142,lr=0.001_z=100_bs=64_seed=142,0.001,0.001,100,64,142,lr=0.001_z=100_bs=64,"LR=0.001, z=100, batch size=64",89,150.32,2026-06-05 06:53:36.395,lr_experiments\lr=0.001_z=100_bs=64_seed=142,lr_experiments\lr=0.001_z=100_bs=64_seed=142\training.log,153,LR=0.001
lr=0.001_z=100_bs=64_seed=142,lr=0.001_z=100_bs=64_seed=142,0.001,0.001,100,64,142,lr=0.001_z=100_bs=64,"LR=0.001, z=100, batch size=64",90,145.33,2026-06-05 06:54:05.834,lr_experiments\lr=0.001_z=100_bs=64_seed=142,lr_experiments\lr=0.001_z=100_bs=64_seed=142\training.log,155,LR=0.001
lr=0.001_z=100_bs=64_seed=142,lr=0.001_z=100_bs=64_seed=142,0.001,0.001,100,64,142,lr=0.001_z=100_bs=64,"LR=0.001, z=100, batch size=64",91,147.61,2026-06-05 06:54:35.892,lr_experiments\lr=0.001_z=100_bs=64_seed=142,lr_experiments\lr=0.001_z=100_bs=64_seed=142\training.log,156,LR=0.001
lr=0.001_z=100_bs=64_seed=142,lr=0.001_z=100_bs=64_seed=142,0.001,0.001,100,64,142,lr=0.001_z=100_bs=64,"LR=0.001, z=100, batch size=64",92,156.35,2026-06-05 06:55:05.814,lr_experiments\lr=0.001_z=100_bs=64_seed=142,lr_experiments\lr=0.001_z=100_bs=64_seed=142\training.log,157,LR=0.001
lr=0.001_z=100_bs=64_seed=142,lr=0.001_z=100_bs=64_seed=142,0.001,0.001,100,64,142,lr=0.001_z=100_bs=64,"LR=0.001, z=100, batch size=64",93,148.0,2026-06-05 06:55:36.040,lr_experiments\lr=0.001_z=100_bs=64_seed=142,lr_experiments\lr=0.001_z=100_bs=64_seed=142\training.log,158,LR=0.001
lr=0.001_z=100_bs=64_seed=142,lr=0.001_z=100_bs=64_seed=142,0.001,0.001,100,64,142,lr=0.001_z=100_bs=64,"LR=0.001, z=100, batch size=64",94,144.67,2026-06-05 06:56:05.869,lr_experiments\lr=0.001_z=100_bs=64_seed=142,lr_experiments\lr=0.001_z=100_bs=64_seed=142\training.log,160,LR=0.001
lr=0.001_z=100_bs=64_seed=142,lr=0.001_z=100_bs=64_seed=142,0.001,0.001,100,64,142,lr=0.001_z=100_bs=64,"LR=0.001, z=100, batch size=64",95,143.74,2026-06-05 06:56:36.872,lr_experiments\lr=0.001_z=100_bs=64_seed=142,lr_experiments\lr=0.001_z=100_bs=64_seed=142\training.log,162,LR=0.001
lr=0.001_z=100_bs=64_seed=142,lr=0.001_z=100_bs=64_seed=142,0.001,0.001,100,64,142,lr=0.001_z=100_bs=64,"LR=0.001, z=100, batch size=64",96,139.81,2026-06-05 06:57:07.117,lr_experiments\lr=0.001_z=100_bs=64_seed=142,lr_experiments\lr=0.001_z=100_bs=64_seed=142\training.log,164,LR=0.001
lr=0.001_z=100_bs=64_seed=142,lr=0.001_z=100_bs=64_seed=142,0.001,0.001,100,64,142,lr=0.001_z=100_bs=64,"LR=0.001, z=100, batch size=64",97,138.1,2026-06-05 06:57:37.194,lr_experiments\lr=0.001_z=100_bs=64_seed=142,lr_experiments\lr=0.001_z=100_bs=64_seed=142\training.log,166,LR=0.001
lr=0.001_z=100_bs=64_seed=142,lr=0.001_z=100_bs=64_seed=142,0.001,0.001,100,64,142,lr=0.001_z=100_bs=64,"LR=0.001, z=100, batch size=64",98,153.97,2026-06-05 06:58:07.165,lr_experiments\lr=0.001_z=100_bs=64_seed=142,lr_experiments\lr=0.001_z=100_bs=64_seed=142\training.log,167,LR=0.001
lr=0.001_z=100_bs=64_seed=142,lr=0.001_z=100_bs=64_seed=142,0.001,0.001,100,64,142,lr=0.001_z=100_bs=64,"LR=0.001, z=100, batch size=64",99,146.88,2026-06-05 06:58:36.881,lr_experiments\lr=0.001_z=100_bs=64_seed=142,lr_experiments\lr=0.001_z=100_bs=64_seed=142\training.log,168,LR=0.001
lr=0.001_z=100_bs=64_seed=142,lr=0.001_z=100_bs=64_seed=142,0.001,0.001,100,64,142,lr=0.001_z=100_bs=64,"LR=0.001, z=100, batch size=64",100,143.68,2026-06-05 06:59:06.450,lr_experiments\lr=0.001_z=100_bs=64_seed=142,lr_experiments\lr=0.001_z=100_bs=64_seed=142\training.log,169,LR=0.001
lr=0.001_z=100_bs=64_seed=242,lr=0.001_z=100_bs=64_seed=242,0.001,0.001,100,64,242,lr=0.001_z=100_bs=64,"LR=0.001, z=100, batch size=64",1,306.39,2026-06-01 15:10:05.584,lr_experiments\lr=1e-05_z=100_bs=64_seed=242,lr_experiments\lr=1e-05_z=100_bs=64_seed=242\training (1).log,10,LR=0.001
lr=0.001_z=100_bs=64_seed=242,lr=0.001_z=100_bs=64_seed=242,0.001,0.001,100,64,242,lr=0.001_z=100_bs=64,"LR=0.001, z=100, batch size=64",2,357.04,2026-06-01 15:10:35.542,lr_experiments\lr=1e-05_z=100_bs=64_seed=242,lr_experiments\lr=1e-05_z=100_bs=64_seed=242\training (1).log,11,LR=0.001
lr=0.001_z=100_bs=64_seed=242,lr=0.001_z=100_bs=64_seed=242,0.001,0.001,100,64,242,lr=0.001_z=100_bs=64,"LR=0.001, z=100, batch size=64",3,310.09,2026-06-01 15:11:06.538,lr_experiments\lr=1e-05_z=100_bs=64_seed=242,lr_experiments\lr=1e-05_z=100_bs=64_seed=242\training (1).log,12,LR=0.001
lr=0.001_z=100_bs=64_seed=242,lr=0.001_z=100_bs=64_seed=242,0.001,0.001,100,64,242,lr=0.001_z=100_bs=64,"LR=0.001, z=100, batch size=64",4,282.11,2026-06-01 15:11:38.049,lr_experiments\lr=1e-05_z=100_bs=64_seed=242,lr_experiments\lr=1e-05_z=100_bs=64_seed=242\training (1).log,14,LR=0.001
lr=0.001_z=100_bs=64_seed=242,lr=0.001_z=100_bs=64_seed=242,0.001,0.001,100,64,242,lr=0.001_z=100_bs=64,"LR=0.001, z=100, batch size=64",5,274.87,2026-06-01 15:12:10.797,lr_experiments\lr=1e-05_z=100_bs=64_seed=242,lr_experiments\lr=1e-05_z=100_bs=64_seed=242\training (1).log,16,LR=0.001
lr=0.001_z=100_bs=64_seed=242,lr=0.001_z=100_bs=64_seed=242,0.001,0.001,100,64,242,lr=0.001_z=100_bs=64,"LR=0.001, z=100, batch size=64",6,289.98,2026-06-01 15:12:43.655,lr_experiments\lr=1e-05_z=100_bs=64_seed=242,lr_experiments\lr=1e-05_z=100_bs=64_seed=242\training (1).log,17,LR=0.001
lr=0.001_z=100_bs=64_seed=242,lr=0.001_z=100_bs=64_seed=242,0.001,0.001,100,64,242,lr=0.001_z=100_bs=64,"LR=0.001, z=100, batch size=64",7,298.36,2026-06-01 15:13:16.344,lr_experiments\lr=1e-05_z=100_bs=64_seed=242,lr_experiments\lr=1e-05_z=100_bs=64_seed=242\training (1).log,18,LR=0.001
lr=0.001_z=100_bs=64_seed=242,lr=0.001_z=100_bs=64_seed=242,0.001,0.001,100,64,242,lr=0.001_z=100_bs=64,"LR=0.001, z=100, batch size=64",8,267.64,2026-06-01 15:13:48.313,lr_experiments\lr=1e-05_z=100_bs=64_seed=242,lr_experiments\lr=1e-05_z=100_bs=64_seed=242\training (1).log,20,LR=0.001
lr=0.001_z=100_bs=64_seed=242,lr=0.001_z=100_bs=64_seed=242,0.001,0.001,100,64,242,lr=0.001_z=100_bs=64,"LR=0.001, z=100, batch size=64",9,261.36,2026-06-01 15:14:21.171,lr_experiments\lr=1e-05_z=100_bs=64_seed=242,lr_experiments\lr=1e-05_z=100_bs=64_seed=242\training (1).log,22,LR=0.001
lr=0.001_z=100_bs=64_seed=242,lr=0.001_z=100_bs=64_seed=242,0.001,0.001,100,64,242,lr=0.001_z=100_bs=64,"LR=0.001, z=100, batch size=64",10,249.22,2026-06-01 15:14:54.954,lr_experiments\lr=1e-05_z=100_bs=64_seed=242,lr_experiments\lr=1e-05_z=100_bs=64_seed=242\training (1).log,24,LR=0.001
lr=0.001_z=100_bs=64_seed=242,lr=0.001_z=100_bs=64_seed=242,0.001,0.001,100,64,242,lr=0.001_z=100_bs=64,"LR=0.001, z=100, batch size=64",11,227.65,2026-06-01 15:15:28.899,lr_experiments\lr=1e-05_z=100_bs=64_seed=242,lr_experiments\lr=1e-05_z=100_bs=64_seed=242\training (1).log,26,LR=0.001
lr=0.001_z=100_bs=64_seed=242,lr=0.001_z=100_bs=64_seed=242,0.001,0.001,100,64,242,lr=0.001_z=100_bs=64,"LR=0.001, z=100, batch size=64",12,244.67,2026-06-01 15:16:01.970,lr_experiments\lr=1e-05_z=100_bs=64_seed=242,lr_experiments\lr=1e-05_z=100_bs=64_seed=242\training (1).log,27,LR=0.001
lr=0.001_z=100_bs=64_seed=242,lr=0.001_z=100_bs=64_seed=242,0.001,0.001,100,64,242,lr=0.001_z=100_bs=64,"LR=0.001, z=100, batch size=64",13,225.87,2026-06-01 15:16:34.470,lr_experiments\lr=1e-05_z=100_bs=64_seed=242,lr_experiments\lr=1e-05_z=100_bs=64_seed=242\training (1).log,29,LR=0.001
lr=0.001_z=100_bs=64_seed=242,lr=0.001_z=100_bs=64_seed=242,0.001,0.001,100,64,242,lr=0.001_z=100_bs=64,"LR=0.001, z=100, batch size=64",14,208.86,2026-06-01 15:17:06.951,lr_experiments\lr=1e-05_z=100_bs=64_seed=242,lr_experiments\lr=1e-05_z=100_bs=64_seed=242\training (1).log,31,LR=0.001
lr=0.001_z=100_bs=64_seed=242,lr=0.001_z=100_bs=64_seed=242,0.001,0.001,100,64,242,lr=0.001_z=100_bs=64,"LR=0.001, z=100, batch size=64",15,201.41,2026-06-01 15:17:40.042,lr_experiments\lr=1e-05_z=100_bs=64_seed=242,lr_experiments\lr=1e-05_z=100_bs=64_seed=242\training (1).log,33,LR=0.001
lr=0.001_z=100_bs=64_seed=242,lr=0.001_z=100_bs=64_seed=242,0.001,0.001,100,64,242,lr=0.001_z=100_bs=64,"LR=0.001, z=100, batch size=64",16,192.28,2026-06-01 15:18:13.420,lr_experiments\lr=1e-05_z=100_bs=64_seed=242,lr_experiments\lr=1e-05_z=100_bs=64_seed=242\training (1).log,35,LR=0.001
lr=0.001_z=100_bs=64_seed=242,lr=0.001_z=100_bs=64_seed=242,0.001,0.001,100,64,242,lr=0.001_z=100_bs=64,"LR=0.001, z=100, batch size=64",17,190.14,2026-06-01 15:18:46.817,lr_experiments\lr=1e-05_z=100_bs=64_seed=242,lr_experiments\lr=1e-05_z=100_bs=64_seed=242\training (1).log,37,LR=0.001
lr=0.001_z=100_bs=64_seed=242,lr=0.001_z=100_bs=64_seed=242,0.001,0.001,100,64,242,lr=0.001_z=100_bs=64,"LR=0.001, z=100, batch size=64",18,180.95,2026-06-01 15:19:19.489,lr_experiments\lr=1e-05_z=100_bs=64_seed=242,lr_experiments\lr=1e-05_z=100_bs=64_seed=242\training (1).log,39,LR=0.001
lr=0.001_z=100_bs=64_seed=242,lr=0.001_z=100_bs=64_seed=242,0.001,0.001,100,64,242,lr=0.001_z=100_bs=64,"LR=0.001, z=100, batch size=64",19,182.78,2026-06-01 15:19:51.985,lr_experiments\lr=1e-05_z=100_bs=64_seed=242,lr_experiments\lr=1e-05_z=100_bs=64_seed=242\training (1).log,40,LR=0.001
lr=0.001_z=100_bs=64_seed=242,lr=0.001_z=100_bs=64_seed=242,0.001,0.001,100,64,242,lr=0.001_z=100_bs=64,"LR=0.001, z=100, batch size=64",20,181.27,2026-06-01 15:20:24.380,lr_experiments\lr=1e-05_z=100_bs=64_seed=242,lr_experiments\lr=1e-05_z=100_bs=64_seed=242\training (1).log,41,LR=0.001
lr=0.001_z=100_bs=64_seed=242,lr=0.001_z=100_bs=64_seed=242,0.001,0.001,100,64,242,lr=0.001_z=100_bs=64,"LR=0.001, z=100, batch size=64",21,168.91,2026-06-01 15:20:57.626,lr_experiments\lr=1e-05_z=100_bs=64_seed=242,lr_experiments\lr=1e-05_z=100_bs=64_seed=242\training (1).log,43,LR=0.001
lr=0.001_z=100_bs=64_seed=242,lr=0.001_z=100_bs=64_seed=242,0.001,0.001,100,64,242,lr=0.001_z=100_bs=64,"LR=0.001, z=100, batch size=64",22,168.64,2026-06-01 15:21:31.161,lr_experiments\lr=1e-05_z=100_bs=64_seed=242,lr_experiments\lr=1e-05_z=100_bs=64_seed=242\training (1).log,45,LR=0.001
lr=0.001_z=100_bs=64_seed=242,lr=0.001_z=100_bs=64_seed=242,0.001,0.001,100,64,242,lr=0.001_z=100_bs=64,"LR=0.001, z=100, batch size=64",23,154.8,2026-06-01 15:22:04.669,lr_experiments\lr=1e-05_z=100_bs=64_seed=242,lr_experiments\lr=1e-05_z=100_bs=64_seed=242\training (1).log,47,LR=0.001
lr=0.001_z=100_bs=64_seed=242,lr=0.001_z=100_bs=64_seed=242,0.001,0.001,100,64,242,lr=0.001_z=100_bs=64,"LR=0.001, z=100, batch size=64",24,162.66,2026-06-01 15:22:37.133,lr_experiments\lr=1e-05_z=100_bs=64_seed=242,lr_experiments\lr=1e-05_z=100_bs=64_seed=242\training (1).log,48,LR=0.001
lr=0.001_z=100_bs=64_seed=242,lr=0.001_z=100_bs=64_seed=242,0.001,0.001,100,64,242,lr=0.001_z=100_bs=64,"LR=0.001, z=100, batch size=64",25,163.11,2026-06-01 15:23:08.794,lr_experiments\lr=1e-05_z=100_bs=64_seed=242,lr_experiments\lr=1e-05_z=100_bs=64_seed=242\training (1).log,49,LR=0.001
lr=0.001_z=100_bs=64_seed=242,lr=0.001_z=100_bs=64_seed=242,0.001,0.001,100,64,242,lr=0.001_z=100_bs=64,"LR=0.001, z=100, batch size=64",26,156.7,2026-06-01 15:23:41.325,lr_experiments\lr=1e-05_z=100_bs=64_seed=242,lr_experiments\lr=1e-05_z=100_bs=64_seed=242\training (1).log,50,LR=0.001
lr=0.001_z=100_bs=64_seed=242,lr=0.001_z=100_bs=64_seed=242,0.001,0.001,100,64,242,lr=0.001_z=100_bs=64,"LR=0.001, z=100, batch size=64",27,156.79,2026-06-01 15:24:14.963,lr_experiments\lr=1e-05_z=100_bs=64_seed=242,lr_experiments\lr=1e-05_z=100_bs=64_seed=242\training (1).log,51,LR=0.001
lr=0.001_z=100_bs=64_seed=242,lr=0.001_z=100_bs=64_seed=242,0.001,0.001,100,64,242,lr=0.001_z=100_bs=64,"LR=0.001, z=100, batch size=64",28,163.29,2026-06-01 15:24:47.893,lr_experiments\lr=1e-05_z=100_bs=64_seed=242,lr_experiments\lr=1e-05_z=100_bs=64_seed=242\training (1).log,52,LR=0.001
lr=0.001_z=100_bs=64_seed=242,lr=0.001_z=100_bs=64_seed=242,0.001,0.001,100,64,242,lr=0.001_z=100_bs=64,"LR=0.001, z=100, batch size=64",29,151.86,2026-06-01 15:25:49.859,lr_experiments\lr=1e-05_z=100_bs=64_seed=242,lr_experiments\lr=1e-05_z=100_bs=64_seed=242\training (1).log,54,LR=0.001
lr=0.001_z=100_bs=64_seed=242,lr=0.001_z=100_bs=64_seed=242,0.001,0.001,100,64,242,lr=0.001_z=100_bs=64,"LR=0.001, z=100, batch size=64",30,150.86,2026-06-01 15:26:23.154,lr_experiments\lr=1e-05_z=100_bs=64_seed=242,lr_experiments\lr=1e-05_z=100_bs=64_seed=242\training (1).log,56,LR=0.001
lr=0.001_z=100_bs=64_seed=242,lr=0.001_z=100_bs=64_seed=242,0.001,0.001,100,64,242,lr=0.001_z=100_bs=64,"LR=0.001, z=100, batch size=64",31,151.64,2026-06-01 15:27:26.047,lr_experiments\lr=1e-05_z=100_bs=64_seed=242,lr_experiments\lr=1e-05_z=100_bs=64_seed=242\training (1).log,57,LR=0.001
lr=0.001_z=100_bs=64_seed=242,lr=0.001_z=100_bs=64_seed=242,0.001,0.001,100,64,242,lr=0.001_z=100_bs=64,"LR=0.001, z=100, batch size=64",32,142.95,2026-06-01 15:27:59.364,lr_experiments\lr=1e-05_z=100_bs=64_seed=242,lr_experiments\lr=1e-05_z=100_bs=64_seed=242\training (1).log,59,LR=0.001
lr=0.001_z=100_bs=64_seed=242,lr=0.001_z=100_bs=64_seed=242,0.001,0.001,100,64,242,lr=0.001_z=100_bs=64,"LR=0.001, z=100, batch size=64",33,142.04,2026-06-01 15:29:02.973,lr_experiments\lr=1e-05_z=100_bs=64_seed=242,lr_experiments\lr=1e-05_z=100_bs=64_seed=242\training (1).log,61,LR=0.001
lr=0.001_z=100_bs=64_seed=242,lr=0.001_z=100_bs=64_seed=242,0.001,0.001,100,64,242,lr=0.001_z=100_bs=64,"LR=0.001, z=100, batch size=64",34,143.18,2026-06-01 15:29:36.371,lr_experiments\lr=1e-05_z=100_bs=64_seed=242,lr_experiments\lr=1e-05_z=100_bs=64_seed=242\training (1).log,62,LR=0.001
lr=0.001_z=100_bs=64_seed=242,lr=0.001_z=100_bs=64_seed=242,0.001,0.001,100,64,242,lr=0.001_z=100_bs=64,"LR=0.001, z=100, batch size=64",35,145.72,2026-06-01 15:30:39.038,lr_experiments\lr=1e-05_z=100_bs=64_seed=242,lr_experiments\lr=1e-05_z=100_bs=64_seed=242\training (1).log,63,LR=0.001
lr=0.001_z=100_bs=64_seed=242,lr=0.001_z=100_bs=64_seed=242,0.001,0.001,100,64,242,lr=0.001_z=100_bs=64,"LR=0.001, z=100, batch size=64",36,133.19,2026-06-01 15:31:11.549,lr_experiments\lr=1e-05_z=100_bs=64_seed=242,lr_experiments\lr=1e-05_z=100_bs=64_seed=242\training (1).log,65,LR=0.001
lr=0.001_z=100_bs=64_seed=242,lr=0.001_z=100_bs=64_seed=242,0.001,0.001,100,64,242,lr=0.001_z=100_bs=64,"LR=0.001, z=100, batch size=64",37,141.25,2026-06-01 15:32:14.598,lr_experiments\lr=1e-05_z=100_bs=64_seed=242,lr_experiments\lr=1e-05_z=100_bs=64_seed=242\training (1).log,66,LR=0.001
lr=0.001_z=100_bs=64_seed=242,lr=0.001_z=100_bs=64_seed=242,0.001,0.001,100,64,242,lr=0.001_z=100_bs=64,"LR=0.001, z=100, batch size=64",38,137.33,2026-06-01 15:32:47.242,lr_experiments\lr=1e-05_z=100_bs=64_seed=242,lr_experiments\lr=1e-05_z=100_bs=64_seed=242\training (1).log,67,LR=0.001
lr=0.001_z=100_bs=64_seed=242,lr=0.001_z=100_bs=64_seed=242,0.001,0.001,100,64,242,lr=0.001_z=100_bs=64,"LR=0.001, z=100, batch size=64",39,139.67,2026-06-01 15:33:49.810,lr_experiments\lr=1e-05_z=100_bs=64_seed=242,lr_experiments\lr=1e-05_z=100_bs=64_seed=242\training (1).log,68,LR=0.001
lr=0.001_z=100_bs=64_seed=242,lr=0.001_z=100_bs=64_seed=242,0.001,0.001,100,64,242,lr=0.001_z=100_bs=64,"LR=0.001, z=100, batch size=64",40,150.56,2026-06-01 15:34:22.446,lr_experiments\lr=1e-05_z=100_bs=64_seed=242,lr_experiments\lr=1e-05_z=100_bs=64_seed=242\training (1).log,69,LR=0.001
lr=0.001_z=100_bs=64_seed=242,lr=0.001_z=100_bs=64_seed=242,0.001,0.001,100,64,242,lr=0.001_z=100_bs=64,"LR=0.001, z=100, batch size=64",41,140.35,2026-06-01 15:35:24.850,lr_experiments\lr=1e-05_z=100_bs=64_seed=242,lr_experiments\lr=1e-05_z=100_bs=64_seed=242\training (1).log,70,LR=0.001
lr=0.001_z=100_bs=64_seed=242,lr=0.001_z=100_bs=64_seed=242,0.001,0.001,100,64,242,lr=0.001_z=100_bs=64,"LR=0.001, z=100, batch size=64",42,152.83,2026-06-01 15:35:57.792,lr_experiments\lr=1e-05_z=100_bs=64_seed=242,lr_experiments\lr=1e-05_z=100_bs=64_seed=242\training (1).log,71,LR=0.001
lr=0.001_z=100_bs=64_seed=242,lr=0.001_z=100_bs=64_seed=242,0.001,0.001,100,64,242,lr=0.001_z=100_bs=64,"LR=0.001, z=100, batch size=64",43,135.36,2026-06-01 15:37:01.500,lr_experiments\lr=1e-05_z=100_bs=64_seed=242,lr_experiments\lr=1e-05_z=100_bs=64_seed=242\training (1).log,72,LR=0.001
lr=0.001_z=100_bs=64_seed=242,lr=0.001_z=100_bs=64_seed=242,0.001,0.001,100,64,242,lr=0.001_z=100_bs=64,"LR=0.001, z=100, batch size=64",44,138.27,2026-06-01 15:37:34.659,lr_experiments\lr=1e-05_z=100_bs=64_seed=242,lr_experiments\lr=1e-05_z=100_bs=64_seed=242\training (1).log,73,LR=0.001
lr=0.001_z=100_bs=64_seed=242,lr=0.001_z=100_bs=64_seed=242,0.001,0.001,100,64,242,lr=0.001_z=100_bs=64,"LR=0.001, z=100, batch size=64",45,133.03,2026-06-01 15:38:37.347,lr_experiments\lr=1e-05_z=100_bs=64_seed=242,lr_experiments\lr=1e-05_z=100_bs=64_seed=242\training (1).log,75,LR=0.001
lr=0.001_z=100_bs=64_seed=242,lr=0.001_z=100_bs=64_seed=242,0.001,0.001,100,64,242,lr=0.001_z=100_bs=64,"LR=0.001, z=100, batch size=64",46,132.15,2026-06-01 15:39:11.469,lr_experiments\lr=1e-05_z=100_bs=64_seed=242,lr_experiments\lr=1e-05_z=100_bs=64_seed=242\training (1).log,77,LR=0.001
lr=0.001_z=100_bs=64_seed=242,lr=0.001_z=100_bs=64_seed=242,0.001,0.001,100,64,242,lr=0.001_z=100_bs=64,"LR=0.001, z=100, batch size=64",47,139.67,2026-06-01 15:40:14.894,lr_experiments\lr=1e-05_z=100_bs=64_seed=242,lr_experiments\lr=1e-05_z=100_bs=64_seed=242\training (1).log,78,LR=0.001
lr=0.001_z=100_bs=64_seed=242,lr=0.001_z=100_bs=64_seed=242,0.001,0.001,100,64,242,lr=0.001_z=100_bs=64,"LR=0.001, z=100, batch size=64",48,135.81,2026-06-01 15:40:47.638,lr_experiments\lr=1e-05_z=100_bs=64_seed=242,lr_experiments\lr=1e-05_z=100_bs=64_seed=242\training (1).log,79,LR=0.001
lr=0.001_z=100_bs=64_seed=242,lr=0.001_z=100_bs=64_seed=242,0.001,0.001,100,64,242,lr=0.001_z=100_bs=64,"LR=0.001, z=100, batch size=64",49,135.98,2026-06-01 15:41:50.211,lr_experiments\lr=1e-05_z=100_bs=64_seed=242,lr_experiments\lr=1e-05_z=100_bs=64_seed=242\training (1).log,80,LR=0.001
lr=0.001_z=100_bs=64_seed=242,lr=0.001_z=100_bs=64_seed=242,0.001,0.001,100,64,242,lr=0.001_z=100_bs=64,"LR=0.001, z=100, batch size=64",50,133.94,2026-06-01 15:42:24.194,lr_experiments\lr=1e-05_z=100_bs=64_seed=242,lr_experiments\lr=1e-05_z=100_bs=64_seed=242\training (1).log,81,LR=0.001
lr=0.001_z=100_bs=64_seed=242,lr=0.001_z=100_bs=64_seed=242,0.001,0.001,100,64,242,lr=0.001_z=100_bs=64,"LR=0.001, z=100, batch size=64",51,133.03,2026-06-01 15:43:26.129,lr_experiments\lr=1e-05_z=100_bs=64_seed=242,lr_experiments\lr=1e-05_z=100_bs=64_seed=242\training (1).log,82,LR=0.001
lr=0.001_z=100_bs=64_seed=242,lr=0.001_z=100_bs=64_seed=242,0.001,0.001,100,64,242,lr=0.001_z=100_bs=64,"LR=0.001, z=100, batch size=64",52,125.89,2026-06-01 15:43:59.849,lr_experiments\lr=1e-05_z=100_bs=64_seed=242,lr_experiments\lr=1e-05_z=100_bs=64_seed=242\training (1).log,84,LR=0.001
lr=0.001_z=100_bs=64_seed=242,lr=0.001_z=100_bs=64_seed=242,0.001,0.001,100,64,242,lr=0.001_z=100_bs=64,"LR=0.001, z=100, batch size=64",53,134.85,2026-06-01 15:45:03.825,lr_experiments\lr=1e-05_z=100_bs=64_seed=242,lr_experiments\lr=1e-05_z=100_bs=64_seed=242\training (1).log,85,LR=0.001
lr=0.001_z=100_bs=64_seed=242,lr=0.001_z=100_bs=64_seed=242,0.001,0.001,100,64,242,lr=0.001_z=100_bs=64,"LR=0.001, z=100, batch size=64",54,135.39,2026-06-01 15:45:38.266,lr_experiments\lr=1e-05_z=100_bs=64_seed=242,lr_experiments\lr=1e-05_z=100_bs=64_seed=242\training (1).log,86,LR=0.001
lr=0.001_z=100_bs=64_seed=242,lr=0.001_z=100_bs=64_seed=242,0.001,0.001,100,64,242,lr=0.001_z=100_bs=64,"LR=0.001, z=100, batch size=64",55,141.66,2026-06-01 15:46:40.733,lr_experiments\lr=1e-05_z=100_bs=64_seed=242,lr_experiments\lr=1e-05_z=100_bs=64_seed=242\training (1).log,87,LR=0.001
lr=0.001_z=100_bs=64_seed=242,lr=0.001_z=100_bs=64_seed=242,0.001,0.001,100,64,242,lr=0.001_z=100_bs=64,"LR=0.001, z=100, batch size=64",56,137.73,2026-06-01 15:47:14.768,lr_experiments\lr=1e-05_z=100_bs=64_seed=242,lr_experiments\lr=1e-05_z=100_bs=64_seed=242\training (1).log,88,LR=0.001
lr=0.001_z=100_bs=64_seed=242,lr=0.001_z=100_bs=64_seed=242,0.001,0.001,100,64,242,lr=0.001_z=100_bs=64,"LR=0.001, z=100, batch size=64",57,129.59,2026-06-01 15:48:18.221,lr_experiments\lr=1e-05_z=100_bs=64_seed=242,lr_experiments\lr=1e-05_z=100_bs=64_seed=242\training (1).log,89,LR=0.001
lr=0.001_z=100_bs=64_seed=242,lr=0.001_z=100_bs=64_seed=242,0.001,0.001,100,64,242,lr=0.001_z=100_bs=64,"LR=0.001, z=100, batch size=64",58,132.47,2026-06-01 15:48:51.838,lr_experiments\lr=1e-05_z=100_bs=64_seed=242,lr_experiments\lr=1e-05_z=100_bs=64_seed=242\training (1).log,90,LR=0.001
lr=0.001_z=100_bs=64_seed=242,lr=0.001_z=100_bs=64_seed=242,0.001,0.001,100,64,242,lr=0.001_z=100_bs=64,"LR=0.001, z=100, batch size=64",59,128.67,2026-06-01 15:49:54.324,lr_experiments\lr=1e-05_z=100_bs=64_seed=242,lr_experiments\lr=1e-05_z=100_bs=64_seed=242\training (1).log,91,LR=0.001
lr=0.001_z=100_bs=64_seed=242,lr=0.001_z=100_bs=64_seed=242,0.001,0.001,100,64,242,lr=0.001_z=100_bs=64,"LR=0.001, z=100, batch size=64",60,130.39,2026-06-01 15:50:27.277,lr_experiments\lr=1e-05_z=100_bs=64_seed=242,lr_experiments\lr=1e-05_z=100_bs=64_seed=242\training (1).log,92,LR=0.001
lr=0.001_z=100_bs=64_seed=242,lr=0.001_z=100_bs=64_seed=242,0.001,0.001,100,64,242,lr=0.001_z=100_bs=64,"LR=0.001, z=100, batch size=64",61,145.31,2026-06-01 15:51:29.179,lr_experiments\lr=1e-05_z=100_bs=64_seed=242,lr_experiments\lr=1e-05_z=100_bs=64_seed=242\training (1).log,93,LR=0.001
lr=0.001_z=100_bs=64_seed=242,lr=0.001_z=100_bs=64_seed=242,0.001,0.001,100,64,242,lr=0.001_z=100_bs=64,"LR=0.001, z=100, batch size=64",62,125.64,2026-06-01 15:52:02.531,lr_experiments\lr=1e-05_z=100_bs=64_seed=242,lr_experiments\lr=1e-05_z=100_bs=64_seed=242\training (1).log,95,LR=0.001
lr=0.001_z=100_bs=64_seed=242,lr=0.001_z=100_bs=64_seed=242,0.001,0.001,100,64,242,lr=0.001_z=100_bs=64,"LR=0.001, z=100, batch size=64",63,125.6,2026-06-01 15:53:06.329,lr_experiments\lr=1e-05_z=100_bs=64_seed=242,lr_experiments\lr=1e-05_z=100_bs=64_seed=242\training (1).log,97,LR=0.001
lr=0.001_z=100_bs=64_seed=242,lr=0.001_z=100_bs=64_seed=242,0.001,0.001,100,64,242,lr=0.001_z=100_bs=64,"LR=0.001, z=100, batch size=64",64,136.13,2026-06-01 15:53:40.038,lr_experiments\lr=1e-05_z=100_bs=64_seed=242,lr_experiments\lr=1e-05_z=100_bs=64_seed=242\training (1).log,98,LR=0.001
lr=0.001_z=100_bs=64_seed=242,lr=0.001_z=100_bs=64_seed=242,0.001,0.001,100,64,242,lr=0.001_z=100_bs=64,"LR=0.001, z=100, batch size=64",65,143.08,2026-06-01 15:54:43.522,lr_experiments\lr=1e-05_z=100_bs=64_seed=242,lr_experiments\lr=1e-05_z=100_bs=64_seed=242\training (1).log,99,LR=0.001
lr=0.001_z=100_bs=64_seed=242,lr=0.001_z=100_bs=64_seed=242,0.001,0.001,100,64,242,lr=0.001_z=100_bs=64,"LR=0.001, z=100, batch size=64",66,127.56,2026-06-01 15:55:17.629,lr_experiments\lr=1e-05_z=100_bs=64_seed=242,lr_experiments\lr=1e-05_z=100_bs=64_seed=242\training (1).log,100,LR=0.001
lr=0.001_z=100_bs=64_seed=242,lr=0.001_z=100_bs=64_seed=242,0.001,0.001,100,64,242,lr=0.001_z=100_bs=64,"LR=0.001, z=100, batch size=64",67,129.76,2026-06-01 15:56:20.600,lr_experiments\lr=1e-05_z=100_bs=64_seed=242,lr_experiments\lr=1e-05_z=100_bs=64_seed=242\training (1).log,101,LR=0.001
lr=0.001_z=100_bs=64_seed=242,lr=0.001_z=100_bs=64_seed=242,0.001,0.001,100,64,242,lr=0.001_z=100_bs=64,"LR=0.001, z=100, batch size=64",68,127.37,2026-06-01 15:56:54.287,lr_experiments\lr=1e-05_z=100_bs=64_seed=242,lr_experiments\lr=1e-05_z=100_bs=64_seed=242\training (1).log,102,LR=0.001
lr=0.001_z=100_bs=64_seed=242,lr=0.001_z=100_bs=64_seed=242,0.001,0.001,100,64,242,lr=0.001_z=100_bs=64,"LR=0.001, z=100, batch size=64",69,153.32,2026-06-01 15:57:56.997,lr_experiments\lr=1e-05_z=100_bs=64_seed=242,lr_experiments\lr=1e-05_z=100_bs=64_seed=242\training (1).log,103,LR=0.001
lr=0.001_z=100_bs=64_seed=242,lr=0.001_z=100_bs=64_seed=242,0.001,0.001,100,64,242,lr=0.001_z=100_bs=64,"LR=0.001, z=100, batch size=64",70,121.17,2026-06-01 15:58:30.594,lr_experiments\lr=1e-05_z=100_bs=64_seed=242,lr_experiments\lr=1e-05_z=100_bs=64_seed=242\training (1).log,105,LR=0.001
lr=0.001_z=100_bs=64_seed=242,lr=0.001_z=100_bs=64_seed=242,0.001,0.001,100,64,242,lr=0.001_z=100_bs=64,"LR=0.001, z=100, batch size=64",71,136.9,2026-06-01 15:59:33.791,lr_experiments\lr=1e-05_z=100_bs=64_seed=242,lr_experiments\lr=1e-05_z=100_bs=64_seed=242\training (1).log,106,LR=0.001
lr=0.001_z=100_bs=64_seed=242,lr=0.001_z=100_bs=64_seed=242,0.001,0.001,100,64,242,lr=0.001_z=100_bs=64,"LR=0.001, z=100, batch size=64",72,126.26,2026-06-01 16:00:06.555,lr_experiments\lr=1e-05_z=100_bs=64_seed=242,lr_experiments\lr=1e-05_z=100_bs=64_seed=242\training (1).log,107,LR=0.001
lr=0.001_z=100_bs=64_seed=242,lr=0.001_z=100_bs=64_seed=242,0.001,0.001,100,64,242,lr=0.001_z=100_bs=64,"LR=0.001, z=100, batch size=64",73,131.38,2026-06-01 16:01:10.428,lr_experiments\lr=1e-05_z=100_bs=64_seed=242,lr_experiments\lr=1e-05_z=100_bs=64_seed=242\training (1).log,108,LR=0.001
lr=0.001_z=100_bs=64_seed=242,lr=0.001_z=100_bs=64_seed=242,0.001,0.001,100,64,242,lr=0.001_z=100_bs=64,"LR=0.001, z=100, batch size=64",74,136.35,2026-06-01 16:01:43.776,lr_experiments\lr=1e-05_z=100_bs=64_seed=242,lr_experiments\lr=1e-05_z=100_bs=64_seed=242\training (1).log,109,LR=0.001
lr=0.001_z=100_bs=64_seed=242,lr=0.001_z=100_bs=64_seed=242,0.001,0.001,100,64,242,lr=0.001_z=100_bs=64,"LR=0.001, z=100, batch size=64",75,121.99,2026-06-01 16:02:47.227,lr_experiments\lr=1e-05_z=100_bs=64_seed=242,lr_experiments\lr=1e-05_z=100_bs=64_seed=242\training (1).log,110,LR=0.001
lr=0.001_z=100_bs=64_seed=242,lr=0.001_z=100_bs=64_seed=242,0.001,0.001,100,64,242,lr=0.001_z=100_bs=64,"LR=0.001, z=100, batch size=64",76,126.54,2026-06-01 16:03:21.442,lr_experiments\lr=1e-05_z=100_bs=64_seed=242,lr_experiments\lr=1e-05_z=100_bs=64_seed=242\training (1).log,111,LR=0.001
lr=0.001_z=100_bs=64_seed=242,lr=0.001_z=100_bs=64_seed=242,0.001,0.001,100,64,242,lr=0.001_z=100_bs=64,"LR=0.001, z=100, batch size=64",77,141.98,2026-06-01 16:04:25.429,lr_experiments\lr=1e-05_z=100_bs=64_seed=242,lr_experiments\lr=1e-05_z=100_bs=64_seed=242\training (1).log,112,LR=0.001
lr=0.001_z=100_bs=64_seed=242,lr=0.001_z=100_bs=64_seed=242,0.001,0.001,100,64,242,lr=0.001_z=100_bs=64,"LR=0.001, z=100, batch size=64",78,126.09,2026-06-01 16:04:59.983,lr_experiments\lr=1e-05_z=100_bs=64_seed=242,lr_experiments\lr=1e-05_z=100_bs=64_seed=242\training (1).log,113,LR=0.001
lr=0.001_z=100_bs=64_seed=242,lr=0.001_z=100_bs=64_seed=242,0.001,0.001,100,64,242,lr=0.001_z=100_bs=64,"LR=0.001, z=100, batch size=64",79,126.37,2026-06-01 16:06:02.997,lr_experiments\lr=1e-05_z=100_bs=64_seed=242,lr_experiments\lr=1e-05_z=100_bs=64_seed=242\training (1).log,114,LR=0.001
lr=0.001_z=100_bs=64_seed=242,lr=0.001_z=100_bs=64_seed=242,0.001,0.001,100,64,242,lr=0.001_z=100_bs=64,"LR=0.001, z=100, batch size=64",80,126.18,2026-06-01 16:06:37.217,lr_experiments\lr=1e-05_z=100_bs=64_seed=242,lr_experiments\lr=1e-05_z=100_bs=64_seed=242\training (1).log,115,LR=0.001
lr=0.001_z=100_bs=64_seed=242,lr=0.001_z=100_bs=64_seed=242,0.001,0.001,100,64,242,lr=0.001_z=100_bs=64,"LR=0.001, z=100, batch size=64",81,132.95,2026-06-01 16:07:11.716,lr_experiments\lr=1e-05_z=100_bs=64_seed=242,lr_experiments\lr=1e-05_z=100_bs=64_seed=242\training (1).log,116,LR=0.001
lr=0.001_z=100_bs=64_seed=242,lr=0.001_z=100_bs=64_seed=242,0.001,0.001,100,64,242,lr=0.001_z=100_bs=64,"LR=0.001, z=100, batch size=64",82,128.84,2026-06-01 16:07:45.404,lr_experiments\lr=1e-05_z=100_bs=64_seed=242,lr_experiments\lr=1e-05_z=100_bs=64_seed=242\training (1).log,117,LR=0.001
lr=0.001_z=100_bs=64_seed=242,lr=0.001_z=100_bs=64_seed=242,0.001,0.001,100,64,242,lr=0.001_z=100_bs=64,"LR=0.001, z=100, batch size=64",83,125.61,2026-06-01 16:08:48.080,lr_experiments\lr=1e-05_z=100_bs=64_seed=242,lr_experiments\lr=1e-05_z=100_bs=64_seed=242\training (1).log,118,LR=0.001
lr=0.001_z=100_bs=64_seed=242,lr=0.001_z=100_bs=64_seed=242,0.001,0.001,100,64,242,lr=0.001_z=100_bs=64,"LR=0.001, z=100, batch size=64",84,143.55,2026-06-01 16:09:21.713,lr_experiments\lr=1e-05_z=100_bs=64_seed=242,lr_experiments\lr=1e-05_z=100_bs=64_seed=242\training (1).log,119,LR=0.001
lr=0.001_z=100_bs=64_seed=242,lr=0.001_z=100_bs=64_seed=242,0.001,0.001,100,64,242,lr=0.001_z=100_bs=64,"LR=0.001, z=100, batch size=64",85,132.16,2026-06-01 16:10:25.636,lr_experiments\lr=1e-05_z=100_bs=64_seed=242,lr_experiments\lr=1e-05_z=100_bs=64_seed=242\training (1).log,120,LR=0.001
lr=0.001_z=100_bs=64_seed=242,lr=0.001_z=100_bs=64_seed=242,0.001,0.001,100,64,242,lr=0.001_z=100_bs=64,"LR=0.001, z=100, batch size=64",86,132.48,2026-06-01 16:10:59.097,lr_experiments\lr=1e-05_z=100_bs=64_seed=242,lr_experiments\lr=1e-05_z=100_bs=64_seed=242\training (1).log,121,LR=0.001
lr=0.001_z=100_bs=64_seed=242,lr=0.001_z=100_bs=64_seed=242,0.001,0.001,100,64,242,lr=0.001_z=100_bs=64,"LR=0.001, z=100, batch size=64",87,134.55,2026-06-01 16:12:02.797,lr_experiments\lr=1e-05_z=100_bs=64_seed=242,lr_experiments\lr=1e-05_z=100_bs=64_seed=242\training (1).log,122,LR=0.001
lr=0.001_z=100_bs=64_seed=242,lr=0.001_z=100_bs=64_seed=242,0.001,0.001,100,64,242,lr=0.001_z=100_bs=64,"LR=0.001, z=100, batch size=64",88,137.42,2026-06-01 16:12:36.271,lr_experiments\lr=1e-05_z=100_bs=64_seed=242,lr_experiments\lr=1e-05_z=100_bs=64_seed=242\training (1).log,123,LR=0.001
lr=0.001_z=100_bs=64_seed=242,lr=0.001_z=100_bs=64_seed=242,0.001,0.001,100,64,242,lr=0.001_z=100_bs=64,"LR=0.001, z=100, batch size=64",89,135.81,2026-06-01 16:13:39.281,lr_experiments\lr=1e-05_z=100_bs=64_seed=242,lr_experiments\lr=1e-05_z=100_bs=64_seed=242\training (1).log,124,LR=0.001
lr=0.001_z=100_bs=64_seed=242,lr=0.001_z=100_bs=64_seed=242,0.001,0.001,100,64,242,lr=0.001_z=100_bs=64,"LR=0.001, z=100, batch size=64",90,125.35,2026-06-01 16:14:12.708,lr_experiments\lr=1e-05_z=100_bs=64_seed=242,lr_experiments\lr=1e-05_z=100_bs=64_seed=242\training (1).log,125,LR=0.001
lr=0.001_z=100_bs=64_seed=242,lr=0.001_z=100_bs=64_seed=242,0.001,0.001,100,64,242,lr=0.001_z=100_bs=64,"LR=0.001, z=100, batch size=64",91,124.38,2026-06-01 16:15:16.814,lr_experiments\lr=1e-05_z=100_bs=64_seed=242,lr_experiments\lr=1e-05_z=100_bs=64_seed=242\training (1).log,126,LR=0.001
lr=0.001_z=100_bs=64_seed=242,lr=0.001_z=100_bs=64_seed=242,0.001,0.001,100,64,242,lr=0.001_z=100_bs=64,"LR=0.001, z=100, batch size=64",92,138.07,2026-06-01 16:15:50.843,lr_experiments\lr=1e-05_z=100_bs=64_seed=242,lr_experiments\lr=1e-05_z=100_bs=64_seed=242\training (1).log,127,LR=0.001
lr=0.001_z=100_bs=64_seed=242,lr=0.001_z=100_bs=64_seed=242,0.001,0.001,100,64,242,lr=0.001_z=100_bs=64,"LR=0.001, z=100, batch size=64",93,127.22,2026-06-01 16:16:55.476,lr_experiments\lr=1e-05_z=100_bs=64_seed=242,lr_experiments\lr=1e-05_z=100_bs=64_seed=242\training (1).log,128,LR=0.001
lr=0.001_z=100_bs=64_seed=242,lr=0.001_z=100_bs=64_seed=242,0.001,0.001,100,64,242,lr=0.001_z=100_bs=64,"LR=0.001, z=100, batch size=64",94,126.98,2026-06-01 16:17:28.680,lr_experiments\lr=1e-05_z=100_bs=64_seed=242,lr_experiments\lr=1e-05_z=100_bs=64_seed=242\training (1).log,129,LR=0.001
lr=0.001_z=100_bs=64_seed=242,lr=0.001_z=100_bs=64_seed=242,0.001,0.001,100,64,242,lr=0.001_z=100_bs=64,"LR=0.001, z=100, batch size=64",95,136.91,2026-06-01 16:18:31.582,lr_experiments\lr=1e-05_z=100_bs=64_seed=242,lr_experiments\lr=1e-05_z=100_bs=64_seed=242\training (1).log,130,LR=0.001
lr=0.001_z=100_bs=64_seed=242,lr=0.001_z=100_bs=64_seed=242,0.001,0.001,100,64,242,lr=0.001_z=100_bs=64,"LR=0.001, z=100, batch size=64",96,132.15,2026-06-01 16:19:04.738,lr_experiments\lr=1e-05_z=100_bs=64_seed=242,lr_experiments\lr=1e-05_z=100_bs=64_seed=242\training (1).log,131,LR=0.001
lr=0.001_z=100_bs=64_seed=242,lr=0.001_z=100_bs=64_seed=242,0.001,0.001,100,64,242,lr=0.001_z=100_bs=64,"LR=0.001, z=100, batch size=64",97,121.03,2026-06-01 16:20:08.798,lr_experiments\lr=1e-05_z=100_bs=64_seed=242,lr_experiments\lr=1e-05_z=100_bs=64_seed=242\training (1).log,133,LR=0.001
lr=0.001_z=100_bs=64_seed=242,lr=0.001_z=100_bs=64_seed=242,0.001,0.001,100,64,242,lr=0.001_z=100_bs=64,"LR=0.001, z=100, batch size=64",98,122.42,2026-06-01 16:20:42.990,lr_experiments\lr=1e-05_z=100_bs=64_seed=242,lr_experiments\lr=1e-05_z=100_bs=64_seed=242\training (1).log,134,LR=0.001
lr=0.001_z=100_bs=64_seed=242,lr=0.001_z=100_bs=64_seed=242,0.001,0.001,100,64,242,lr=0.001_z=100_bs=64,"LR=0.001, z=100, batch size=64",99,132.5,2026-06-01 16:21:46.099,lr_experiments\lr=1e-05_z=100_bs=64_seed=242,lr_experiments\lr=1e-05_z=100_bs=64_seed=242\training (1).log,135,LR=0.001
lr=0.001_z=100_bs=64_seed=242,lr=0.001_z=100_bs=64_seed=242,0.001,0.001,100,64,242,lr=0.001_z=100_bs=64,"LR=0.001, z=100, batch size=64",100,121.14,2026-06-01 16:22:21.180,lr_experiments\lr=1e-05_z=100_bs=64_seed=242,lr_experiments\lr=1e-05_z=100_bs=64_seed=242\training (1).log,136,LR=0.001
lr=1e-05_z=100_bs=64_seed=42,lr=1e-5_z=100_bs=64_seed=42,1e-05,1e-5,100,64,42,lr=1e-5_z=100_bs=64,"LR=1e-5, z=100, batch size=64",1,446.46,2026-06-05 07:30:40.149,lr_experiments\lr=1e-05_z=100_bs=64_seed=242,lr_experiments\lr=1e-05_z=100_bs=64_seed=242\training (1).log,408,LR=1e-5
lr=1e-05_z=100_bs=64_seed=42,lr=1e-5_z=100_bs=64_seed=42,1e-05,1e-5,100,64,42,lr=1e-5_z=100_bs=64,"LR=1e-5, z=100, batch size=64",2,418.1,2026-06-05 07:31:08.554,lr_experiments\lr=1e-05_z=100_bs=64_seed=242,lr_experiments\lr=1e-05_z=100_bs=64_seed=242\training (1).log,410,LR=1e-5
lr=1e-05_z=100_bs=64_seed=42,lr=1e-5_z=100_bs=64_seed=42,1e-05,1e-5,100,64,42,lr=1e-5_z=100_bs=64,"LR=1e-5, z=100, batch size=64",3,428.17,2026-06-05 07:31:38.010,lr_experiments\lr=1e-05_z=100_bs=64_seed=242,lr_experiments\lr=1e-05_z=100_bs=64_seed=242\training (1).log,411,LR=1e-5
lr=1e-05_z=100_bs=64_seed=42,lr=1e-5_z=100_bs=64_seed=42,1e-05,1e-5,100,64,42,lr=1e-5_z=100_bs=64,"LR=1e-5, z=100, batch size=64",4,413.32,2026-06-05 07:32:47.068,lr_experiments\lr=1e-05_z=100_bs=64_seed=242,lr_experiments\lr=1e-05_z=100_bs=64_seed=242\training (1).log,413,LR=1e-5
lr=1e-05_z=100_bs=64_seed=42,lr=1e-5_z=100_bs=64_seed=42,1e-05,1e-5,100,64,42,lr=1e-5_z=100_bs=64,"LR=1e-5, z=100, batch size=64",5,450.24,2026-06-05 07:33:57.536,lr_experiments\lr=1e-05_z=100_bs=64_seed=242,lr_experiments\lr=1e-05_z=100_bs=64_seed=242\training (1).log,414,LR=1e-5
lr=1e-05_z=100_bs=64_seed=42,lr=1e-5_z=100_bs=64_seed=42,1e-05,1e-5,100,64,42,lr=1e-5_z=100_bs=64,"LR=1e-5, z=100, batch size=64",6,414.34,2026-06-05 07:34:27.443,lr_experiments\lr=1e-05_z=100_bs=64_seed=242,lr_experiments\lr=1e-05_z=100_bs=64_seed=242\training (1).log,415,LR=1e-5
lr=1e-05_z=100_bs=64_seed=42,lr=1e-5_z=100_bs=64_seed=42,1e-05,1e-5,100,64,42,lr=1e-5_z=100_bs=64,"LR=1e-5, z=100, batch size=64",7,439.62,2026-06-05 07:34:57.736,lr_experiments\lr=1e-05_z=100_bs=64_seed=242,lr_experiments\lr=1e-05_z=100_bs=64_seed=242\training (1).log,416,LR=1e-5
lr=1e-05_z=100_bs=64_seed=42,lr=1e-5_z=100_bs=64_seed=42,1e-05,1e-5,100,64,42,lr=1e-5_z=100_bs=64,"LR=1e-5, z=100, batch size=64",8,353.63,2026-06-05 07:35:27.660,lr_experiments\lr=1e-05_z=100_bs=64_seed=242,lr_experiments\lr=1e-05_z=100_bs=64_seed=242\training (1).log,418,LR=1e-5
lr=1e-05_z=100_bs=64_seed=42,lr=1e-5_z=100_bs=64_seed=42,1e-05,1e-5,100,64,42,lr=1e-5_z=100_bs=64,"LR=1e-5, z=100, batch size=64",9,436.96,2026-06-05 07:35:58.317,lr_experiments\lr=1e-05_z=100_bs=64_seed=242,lr_experiments\lr=1e-05_z=100_bs=64_seed=242\training (1).log,419,LR=1e-5
lr=1e-05_z=100_bs=64_seed=42,lr=1e-5_z=100_bs=64_seed=42,1e-05,1e-5,100,64,42,lr=1e-5_z=100_bs=64,"LR=1e-5, z=100, batch size=64",10,424.89,2026-06-05 07:36:28.391,lr_experiments\lr=1e-05_z=100_bs=64_seed=242,lr_experiments\lr=1e-05_z=100_bs=64_seed=242\training (1).log,420,LR=1e-5
lr=1e-05_z=100_bs=64_seed=42,lr=1e-5_z=100_bs=64_seed=42,1e-05,1e-5,100,64,42,lr=1e-5_z=100_bs=64,"LR=1e-5, z=100, batch size=64",11,424.18,2026-06-05 07:36:58.310,lr_experiments\lr=1e-05_z=100_bs=64_seed=242,lr_experiments\lr=1e-05_z=100_bs=64_seed=242\training (1).log,421,LR=1e-5
lr=1e-05_z=100_bs=64_seed=42,lr=1e-5_z=100_bs=64_seed=42,1e-05,1e-5,100,64,42,lr=1e-5_z=100_bs=64,"LR=1e-5, z=100, batch size=64",12,449.48,2026-06-05 07:37:29.271,lr_experiments\lr=1e-05_z=100_bs=64_seed=242,lr_experiments\lr=1e-05_z=100_bs=64_seed=242\training (1).log,422,LR=1e-5
lr=1e-05_z=100_bs=64_seed=42,lr=1e-5_z=100_bs=64_seed=42,1e-05,1e-5,100,64,42,lr=1e-5_z=100_bs=64,"LR=1e-5, z=100, batch size=64",13,468.25,2026-06-05 07:37:59.802,lr_experiments\lr=1e-05_z=100_bs=64_seed=242,lr_experiments\lr=1e-05_z=100_bs=64_seed=242\training (1).log,423,LR=1e-5
lr=1e-05_z=100_bs=64_seed=42,lr=1e-5_z=100_bs=64_seed=42,1e-05,1e-5,100,64,42,lr=1e-5_z=100_bs=64,"LR=1e-5, z=100, batch size=64",14,338.17,2026-06-05 07:38:29.648,lr_experiments\lr=1e-05_z=100_bs=64_seed=242,lr_experiments\lr=1e-05_z=100_bs=64_seed=242\training (1).log,425,LR=1e-5
lr=1e-05_z=100_bs=64_seed=42,lr=1e-5_z=100_bs=64_seed=42,1e-05,1e-5,100,64,42,lr=1e-5_z=100_bs=64,"LR=1e-5, z=100, batch size=64",15,341.64,2026-06-05 07:39:00.414,lr_experiments\lr=1e-05_z=100_bs=64_seed=242,lr_experiments\lr=1e-05_z=100_bs=64_seed=242\training (1).log,426,LR=1e-5
lr=1e-05_z=100_bs=64_seed=42,lr=1e-5_z=100_bs=64_seed=42,1e-05,1e-5,100,64,42,lr=1e-5_z=100_bs=64,"LR=1e-5, z=100, batch size=64",16,318.47,2026-06-05 07:39:31.185,lr_experiments\lr=1e-05_z=100_bs=64_seed=242,lr_experiments\lr=1e-05_z=100_bs=64_seed=242\training (1).log,428,LR=1e-5
lr=1e-05_z=100_bs=64_seed=42,lr=1e-5_z=100_bs=64_seed=42,1e-05,1e-5,100,64,42,lr=1e-5_z=100_bs=64,"LR=1e-5, z=100, batch size=64",17,318.14,2026-06-05 07:40:01.734,lr_experiments\lr=1e-05_z=100_bs=64_seed=242,lr_experiments\lr=1e-05_z=100_bs=64_seed=242\training (1).log,430,LR=1e-5
lr=1e-05_z=100_bs=64_seed=42,lr=1e-5_z=100_bs=64_seed=42,1e-05,1e-5,100,64,42,lr=1e-5_z=100_bs=64,"LR=1e-5, z=100, batch size=64",18,359.3,2026-06-05 07:40:32.314,lr_experiments\lr=1e-05_z=100_bs=64_seed=242,lr_experiments\lr=1e-05_z=100_bs=64_seed=242\training (1).log,431,LR=1e-5
lr=1e-05_z=100_bs=64_seed=42,lr=1e-5_z=100_bs=64_seed=42,1e-05,1e-5,100,64,42,lr=1e-5_z=100_bs=64,"LR=1e-5, z=100, batch size=64",19,348.59,2026-06-05 07:41:02.419,lr_experiments\lr=1e-05_z=100_bs=64_seed=242,lr_experiments\lr=1e-05_z=100_bs=64_seed=242\training (1).log,432,LR=1e-5
lr=1e-05_z=100_bs=64_seed=42,lr=1e-5_z=100_bs=64_seed=42,1e-05,1e-5,100,64,42,lr=1e-5_z=100_bs=64,"LR=1e-5, z=100, batch size=64",20,348.43,2026-06-05 07:41:32.086,lr_experiments\lr=1e-05_z=100_bs=64_seed=242,lr_experiments\lr=1e-05_z=100_bs=64_seed=242\training (1).log,433,LR=1e-5
lr=1e-05_z=100_bs=64_seed=42,lr=1e-5_z=100_bs=64_seed=42,1e-05,1e-5,100,64,42,lr=1e-5_z=100_bs=64,"LR=1e-5, z=100, batch size=64",21,320.91,2026-06-05 07:42:02.258,lr_experiments\lr=1e-05_z=100_bs=64_seed=242,lr_experiments\lr=1e-05_z=100_bs=64_seed=242\training (1).log,434,LR=1e-5
lr=1e-05_z=100_bs=64_seed=42,lr=1e-5_z=100_bs=64_seed=42,1e-05,1e-5,100,64,42,lr=1e-5_z=100_bs=64,"LR=1e-5, z=100, batch size=64",22,291.19,2026-06-05 07:42:32.534,lr_experiments\lr=1e-05_z=100_bs=64_seed=242,lr_experiments\lr=1e-05_z=100_bs=64_seed=242\training (1).log,436,LR=1e-5
lr=1e-05_z=100_bs=64_seed=42,lr=1e-5_z=100_bs=64_seed=42,1e-05,1e-5,100,64,42,lr=1e-5_z=100_bs=64,"LR=1e-5, z=100, batch size=64",23,259.64,2026-06-05 07:43:03.561,lr_experiments\lr=1e-05_z=100_bs=64_seed=242,lr_experiments\lr=1e-05_z=100_bs=64_seed=242\training (1).log,438,LR=1e-5
lr=1e-05_z=100_bs=64_seed=42,lr=1e-5_z=100_bs=64_seed=42,1e-05,1e-5,100,64,42,lr=1e-5_z=100_bs=64,"LR=1e-5, z=100, batch size=64",24,302.32,2026-06-05 07:43:33.396,lr_experiments\lr=1e-05_z=100_bs=64_seed=242,lr_experiments\lr=1e-05_z=100_bs=64_seed=242\training (1).log,439,LR=1e-5
lr=1e-05_z=100_bs=64_seed=42,lr=1e-5_z=100_bs=64_seed=42,1e-05,1e-5,100,64,42,lr=1e-5_z=100_bs=64,"LR=1e-5, z=100, batch size=64",25,321.97,2026-06-05 07:44:03.264,lr_experiments\lr=1e-05_z=100_bs=64_seed=242,lr_experiments\lr=1e-05_z=100_bs=64_seed=242\training (1).log,440,LR=1e-5
lr=1e-05_z=100_bs=64_seed=42,lr=1e-5_z=100_bs=64_seed=42,1e-05,1e-5,100,64,42,lr=1e-5_z=100_bs=64,"LR=1e-5, z=100, batch size=64",26,282.81,2026-06-05 07:44:45.193,lr_experiments\lr=1e-05_z=100_bs=64_seed=242,lr_experiments\lr=1e-05_z=100_bs=64_seed=242\training (1).log,441,LR=1e-5
lr=1e-05_z=100_bs=64_seed=42,lr=1e-5_z=100_bs=64_seed=42,1e-05,1e-5,100,64,42,lr=1e-5_z=100_bs=64,"LR=1e-5, z=100, batch size=64",27,293.38,2026-06-05 07:45:15.615,lr_experiments\lr=1e-05_z=100_bs=64_seed=242,lr_experiments\lr=1e-05_z=100_bs=64_seed=242\training (1).log,442,LR=1e-5
lr=1e-05_z=100_bs=64_seed=42,lr=1e-5_z=100_bs=64_seed=42,1e-05,1e-5,100,64,42,lr=1e-5_z=100_bs=64,"LR=1e-5, z=100, batch size=64",28,290.24,2026-06-05 07:45:45.669,lr_experiments\lr=1e-05_z=100_bs=64_seed=242,lr_experiments\lr=1e-05_z=100_bs=64_seed=242\training (1).log,443,LR=1e-5
lr=1e-05_z=100_bs=64_seed=42,lr=1e-5_z=100_bs=64_seed=42,1e-05,1e-5,100,64,42,lr=1e-5_z=100_bs=64,"LR=1e-5, z=100, batch size=64",29,277.36,2026-06-05 07:46:16.164,lr_experiments\lr=1e-05_z=100_bs=64_seed=242,lr_experiments\lr=1e-05_z=100_bs=64_seed=242\training (1).log,444,LR=1e-5
lr=1e-05_z=100_bs=64_seed=42,lr=1e-5_z=100_bs=64_seed=42,1e-05,1e-5,100,64,42,lr=1e-5_z=100_bs=64,"LR=1e-5, z=100, batch size=64",30,359.49,2026-06-05 07:46:46.250,lr_experiments\lr=1e-05_z=100_bs=64_seed=242,lr_experiments\lr=1e-05_z=100_bs=64_seed=242\training (1).log,445,LR=1e-5
lr=1e-05_z=100_bs=64_seed=42,lr=1e-5_z=100_bs=64_seed=42,1e-05,1e-5,100,64,42,lr=1e-5_z=100_bs=64,"LR=1e-5, z=100, batch size=64",31,275.28,2026-06-05 07:47:15.909,lr_experiments\lr=1e-05_z=100_bs=64_seed=242,lr_experiments\lr=1e-05_z=100_bs=64_seed=242\training (1).log,446,LR=1e-5
lr=1e-05_z=100_bs=64_seed=42,lr=1e-5_z=100_bs=64_seed=42,1e-05,1e-5,100,64,42,lr=1e-5_z=100_bs=64,"LR=1e-5, z=100, batch size=64",32,292.85,2026-06-05 07:47:45.870,lr_experiments\lr=1e-05_z=100_bs=64_seed=242,lr_experiments\lr=1e-05_z=100_bs=64_seed=242\training (1).log,447,LR=1e-5
lr=1e-05_z=100_bs=64_seed=42,lr=1e-5_z=100_bs=64_seed=42,1e-05,1e-5,100,64,42,lr=1e-5_z=100_bs=64,"LR=1e-5, z=100, batch size=64",33,344.84,2026-06-05 07:48:15.756,lr_experiments\lr=1e-05_z=100_bs=64_seed=242,lr_experiments\lr=1e-05_z=100_bs=64_seed=242\training (1).log,448,LR=1e-5
lr=1e-05_z=100_bs=64_seed=42,lr=1e-5_z=100_bs=64_seed=42,1e-05,1e-5,100,64,42,lr=1e-5_z=100_bs=64,"LR=1e-5, z=100, batch size=64",34,311.43,2026-06-05 07:48:58.658,lr_experiments\lr=1e-05_z=100_bs=64_seed=242,lr_experiments\lr=1e-05_z=100_bs=64_seed=242\training (1).log,449,LR=1e-5
lr=1e-05_z=100_bs=64_seed=42,lr=1e-5_z=100_bs=64_seed=42,1e-05,1e-5,100,64,42,lr=1e-5_z=100_bs=64,"LR=1e-5, z=100, batch size=64",35,290.85,2026-06-05 07:49:28.524,lr_experiments\lr=1e-05_z=100_bs=64_seed=242,lr_experiments\lr=1e-05_z=100_bs=64_seed=242\training (1).log,450,LR=1e-5
lr=1e-05_z=100_bs=64_seed=42,lr=1e-5_z=100_bs=64_seed=42,1e-05,1e-5,100,64,42,lr=1e-5_z=100_bs=64,"LR=1e-5, z=100, batch size=64",36,295.02,2026-06-05 07:50:09.836,lr_experiments\lr=1e-05_z=100_bs=64_seed=242,lr_experiments\lr=1e-05_z=100_bs=64_seed=242\training (1).log,451,LR=1e-5
lr=1e-05_z=100_bs=64_seed=42,lr=1e-5_z=100_bs=64_seed=42,1e-05,1e-5,100,64,42,lr=1e-5_z=100_bs=64,"LR=1e-5, z=100, batch size=64",37,338.91,2026-06-05 07:51:18.634,lr_experiments\lr=1e-05_z=100_bs=64_seed=242,lr_experiments\lr=1e-05_z=100_bs=64_seed=242\training (1).log,452,LR=1e-5
lr=1e-05_z=100_bs=64_seed=42,lr=1e-5_z=100_bs=64_seed=42,1e-05,1e-5,100,64,42,lr=1e-5_z=100_bs=64,"LR=1e-5, z=100, batch size=64",38,330.37,2026-06-05 07:51:48.372,lr_experiments\lr=1e-05_z=100_bs=64_seed=242,lr_experiments\lr=1e-05_z=100_bs=64_seed=242\training (1).log,453,LR=1e-5
lr=1e-05_z=100_bs=64_seed=42,lr=1e-5_z=100_bs=64_seed=42,1e-05,1e-5,100,64,42,lr=1e-5_z=100_bs=64,"LR=1e-5, z=100, batch size=64",39,292.44,2026-06-05 07:52:57.793,lr_experiments\lr=1e-05_z=100_bs=64_seed=242,lr_experiments\lr=1e-05_z=100_bs=64_seed=242\training (1).log,454,LR=1e-5
lr=1e-05_z=100_bs=64_seed=42,lr=1e-5_z=100_bs=64_seed=42,1e-05,1e-5,100,64,42,lr=1e-5_z=100_bs=64,"LR=1e-5, z=100, batch size=64",40,309.7,2026-06-05 07:53:27.739,lr_experiments\lr=1e-05_z=100_bs=64_seed=242,lr_experiments\lr=1e-05_z=100_bs=64_seed=242\training (1).log,455,LR=1e-5
lr=1e-05_z=100_bs=64_seed=42,lr=1e-5_z=100_bs=64_seed=42,1e-05,1e-5,100,64,42,lr=1e-5_z=100_bs=64,"LR=1e-5, z=100, batch size=64",41,322.94,2026-06-05 07:54:37.220,lr_experiments\lr=1e-05_z=100_bs=64_seed=242,lr_experiments\lr=1e-05_z=100_bs=64_seed=242\training (1).log,456,LR=1e-5
lr=1e-05_z=100_bs=64_seed=42,lr=1e-5_z=100_bs=64_seed=42,1e-05,1e-5,100,64,42,lr=1e-5_z=100_bs=64,"LR=1e-5, z=100, batch size=64",42,307.89,2026-06-05 07:55:07.310,lr_experiments\lr=1e-05_z=100_bs=64_seed=242,lr_experiments\lr=1e-05_z=100_bs=64_seed=242\training (1).log,457,LR=1e-5
lr=1e-05_z=100_bs=64_seed=42,lr=1e-5_z=100_bs=64_seed=42,1e-05,1e-5,100,64,42,lr=1e-5_z=100_bs=64,"LR=1e-5, z=100, batch size=64",43,299.06,2026-06-05 07:56:16.830,lr_experiments\lr=1e-05_z=100_bs=64_seed=242,lr_experiments\lr=1e-05_z=100_bs=64_seed=242\training (1).log,458,LR=1e-5
lr=1e-05_z=100_bs=64_seed=42,lr=1e-5_z=100_bs=64_seed=42,1e-05,1e-5,100,64,42,lr=1e-5_z=100_bs=64,"LR=1e-5, z=100, batch size=64",44,318.62,2026-06-05 07:56:46.826,lr_experiments\lr=1e-05_z=100_bs=64_seed=242,lr_experiments\lr=1e-05_z=100_bs=64_seed=242\training (1).log,459,LR=1e-5
lr=1e-05_z=100_bs=64_seed=42,lr=1e-5_z=100_bs=64_seed=42,1e-05,1e-5,100,64,42,lr=1e-5_z=100_bs=64,"LR=1e-5, z=100, batch size=64",45,307.75,2026-06-05 07:57:56.265,lr_experiments\lr=1e-05_z=100_bs=64_seed=242,lr_experiments\lr=1e-05_z=100_bs=64_seed=242\training (1).log,460,LR=1e-5
lr=1e-05_z=100_bs=64_seed=42,lr=1e-5_z=100_bs=64_seed=42,1e-05,1e-5,100,64,42,lr=1e-5_z=100_bs=64,"LR=1e-5, z=100, batch size=64",46,307.53,2026-06-05 07:58:25.992,lr_experiments\lr=1e-05_z=100_bs=64_seed=242,lr_experiments\lr=1e-05_z=100_bs=64_seed=242\training (1).log,461,LR=1e-5
lr=1e-05_z=100_bs=64_seed=42,lr=1e-5_z=100_bs=64_seed=42,1e-05,1e-5,100,64,42,lr=1e-5_z=100_bs=64,"LR=1e-5, z=100, batch size=64",47,327.76,2026-06-05 07:58:56.271,lr_experiments\lr=1e-05_z=100_bs=64_seed=242,lr_experiments\lr=1e-05_z=100_bs=64_seed=242\training (1).log,462,LR=1e-5
lr=1e-05_z=100_bs=64_seed=42,lr=1e-5_z=100_bs=64_seed=42,1e-05,1e-5,100,64,42,lr=1e-5_z=100_bs=64,"LR=1e-5, z=100, batch size=64",48,313.12,2026-06-05 07:59:38.735,lr_experiments\lr=1e-05_z=100_bs=64_seed=242,lr_experiments\lr=1e-05_z=100_bs=64_seed=242\training (1).log,463,LR=1e-5
lr=1e-05_z=100_bs=64_seed=42,lr=1e-5_z=100_bs=64_seed=42,1e-05,1e-5,100,64,42,lr=1e-5_z=100_bs=64,"LR=1e-5, z=100, batch size=64",49,287.55,2026-06-05 08:00:47.890,lr_experiments\lr=1e-05_z=100_bs=64_seed=242,lr_experiments\lr=1e-05_z=100_bs=64_seed=242\training (1).log,464,LR=1e-5
lr=1e-05_z=100_bs=64_seed=42,lr=1e-5_z=100_bs=64_seed=42,1e-05,1e-5,100,64,42,lr=1e-5_z=100_bs=64,"LR=1e-5, z=100, batch size=64",50,299.99,2026-06-05 08:01:17.921,lr_experiments\lr=1e-05_z=100_bs=64_seed=242,lr_experiments\lr=1e-05_z=100_bs=64_seed=242\training (1).log,465,LR=1e-5
lr=1e-05_z=100_bs=64_seed=42,lr=1e-5_z=100_bs=64_seed=42,1e-05,1e-5,100,64,42,lr=1e-5_z=100_bs=64,"LR=1e-5, z=100, batch size=64",51,309.37,2026-06-05 08:02:27.268,lr_experiments\lr=1e-05_z=100_bs=64_seed=242,lr_experiments\lr=1e-05_z=100_bs=64_seed=242\training (1).log,466,LR=1e-5
lr=1e-05_z=100_bs=64_seed=42,lr=1e-5_z=100_bs=64_seed=42,1e-05,1e-5,100,64,42,lr=1e-5_z=100_bs=64,"LR=1e-5, z=100, batch size=64",52,316.66,2026-06-05 08:02:57.434,lr_experiments\lr=1e-05_z=100_bs=64_seed=242,lr_experiments\lr=1e-05_z=100_bs=64_seed=242\training (1).log,467,LR=1e-5
lr=1e-05_z=100_bs=64_seed=42,lr=1e-5_z=100_bs=64_seed=42,1e-05,1e-5,100,64,42,lr=1e-5_z=100_bs=64,"LR=1e-5, z=100, batch size=64",53,281.35,2026-06-05 08:04:06.771,lr_experiments\lr=1e-05_z=100_bs=64_seed=242,lr_experiments\lr=1e-05_z=100_bs=64_seed=242\training (1).log,468,LR=1e-5
lr=1e-05_z=100_bs=64_seed=42,lr=1e-5_z=100_bs=64_seed=42,1e-05,1e-5,100,64,42,lr=1e-5_z=100_bs=64,"LR=1e-5, z=100, batch size=64",54,318.68,2026-06-05 08:04:36.969,lr_experiments\lr=1e-05_z=100_bs=64_seed=242,lr_experiments\lr=1e-05_z=100_bs=64_seed=242\training (1).log,469,LR=1e-5
lr=1e-05_z=100_bs=64_seed=42,lr=1e-5_z=100_bs=64_seed=42,1e-05,1e-5,100,64,42,lr=1e-5_z=100_bs=64,"LR=1e-5, z=100, batch size=64",55,291.28,2026-06-05 08:05:46.463,lr_experiments\lr=1e-05_z=100_bs=64_seed=242,lr_experiments\lr=1e-05_z=100_bs=64_seed=242\training (1).log,470,LR=1e-5
lr=1e-05_z=100_bs=64_seed=42,lr=1e-5_z=100_bs=64_seed=42,1e-05,1e-5,100,64,42,lr=1e-5_z=100_bs=64,"LR=1e-5, z=100, batch size=64",56,317.37,2026-06-05 08:06:16.830,lr_experiments\lr=1e-05_z=100_bs=64_seed=242,lr_experiments\lr=1e-05_z=100_bs=64_seed=242\training (1).log,471,LR=1e-5
lr=1e-05_z=100_bs=64_seed=42,lr=1e-5_z=100_bs=64_seed=42,1e-05,1e-5,100,64,42,lr=1e-5_z=100_bs=64,"LR=1e-5, z=100, batch size=64",57,271.15,2026-06-05 08:06:46.964,lr_experiments\lr=1e-05_z=100_bs=64_seed=242,lr_experiments\lr=1e-05_z=100_bs=64_seed=242\training (1).log,472,LR=1e-5
lr=1e-05_z=100_bs=64_seed=42,lr=1e-5_z=100_bs=64_seed=42,1e-05,1e-5,100,64,42,lr=1e-5_z=100_bs=64,"LR=1e-5, z=100, batch size=64",58,293.55,2026-06-05 08:07:28.688,lr_experiments\lr=1e-05_z=100_bs=64_seed=242,lr_experiments\lr=1e-05_z=100_bs=64_seed=242\training (1).log,473,LR=1e-5
lr=1e-05_z=100_bs=64_seed=42,lr=1e-5_z=100_bs=64_seed=42,1e-05,1e-5,100,64,42,lr=1e-5_z=100_bs=64,"LR=1e-5, z=100, batch size=64",59,266.67,2026-06-05 08:08:38.086,lr_experiments\lr=1e-05_z=100_bs=64_seed=242,lr_experiments\lr=1e-05_z=100_bs=64_seed=242\training (1).log,474,LR=1e-5
lr=1e-05_z=100_bs=64_seed=42,lr=1e-5_z=100_bs=64_seed=42,1e-05,1e-5,100,64,42,lr=1e-5_z=100_bs=64,"LR=1e-5, z=100, batch size=64",60,292.73,2026-06-05 08:09:08.601,lr_experiments\lr=1e-05_z=100_bs=64_seed=242,lr_experiments\lr=1e-05_z=100_bs=64_seed=242\training (1).log,475,LR=1e-5
lr=1e-05_z=100_bs=64_seed=42,lr=1e-5_z=100_bs=64_seed=42,1e-05,1e-5,100,64,42,lr=1e-5_z=100_bs=64,"LR=1e-5, z=100, batch size=64",61,295.68,2026-06-05 08:09:39.290,lr_experiments\lr=1e-05_z=100_bs=64_seed=242,lr_experiments\lr=1e-05_z=100_bs=64_seed=242\training (1).log,476,LR=1e-5
lr=1e-05_z=100_bs=64_seed=42,lr=1e-5_z=100_bs=64_seed=42,1e-05,1e-5,100,64,42,lr=1e-5_z=100_bs=64,"LR=1e-5, z=100, batch size=64",62,283.12,2026-06-05 08:10:20.858,lr_experiments\lr=1e-05_z=100_bs=64_seed=242,lr_experiments\lr=1e-05_z=100_bs=64_seed=242\training (1).log,477,LR=1e-5
lr=1e-05_z=100_bs=64_seed=42,lr=1e-5_z=100_bs=64_seed=42,1e-05,1e-5,100,64,42,lr=1e-5_z=100_bs=64,"LR=1e-5, z=100, batch size=64",63,259.62,2026-06-05 08:11:30.862,lr_experiments\lr=1e-05_z=100_bs=64_seed=242,lr_experiments\lr=1e-05_z=100_bs=64_seed=242\training (1).log,479,LR=1e-5
lr=1e-05_z=100_bs=64_seed=42,lr=1e-5_z=100_bs=64_seed=42,1e-05,1e-5,100,64,42,lr=1e-5_z=100_bs=64,"LR=1e-5, z=100, batch size=64",64,297.34,2026-06-05 08:12:01.258,lr_experiments\lr=1e-05_z=100_bs=64_seed=242,lr_experiments\lr=1e-05_z=100_bs=64_seed=242\training (1).log,480,LR=1e-5
lr=1e-05_z=100_bs=64_seed=42,lr=1e-5_z=100_bs=64_seed=42,1e-05,1e-5,100,64,42,lr=1e-5_z=100_bs=64,"LR=1e-5, z=100, batch size=64",65,310.35,2026-06-05 08:13:11.065,lr_experiments\lr=1e-05_z=100_bs=64_seed=242,lr_experiments\lr=1e-05_z=100_bs=64_seed=242\training (1).log,481,LR=1e-5
lr=1e-05_z=100_bs=64_seed=42,lr=1e-5_z=100_bs=64_seed=42,1e-05,1e-5,100,64,42,lr=1e-5_z=100_bs=64,"LR=1e-5, z=100, batch size=64",66,276.94,2026-06-05 08:33:15.350,lr_experiments\lr=1e-05_z=100_bs=64_seed=242,lr_experiments\lr=1e-05_z=100_bs=64_seed=242\training (1).log,497,LR=1e-5
lr=1e-05_z=100_bs=64_seed=42,lr=1e-5_z=100_bs=64_seed=42,1e-05,1e-5,100,64,42,lr=1e-5_z=100_bs=64,"LR=1e-5, z=100, batch size=64",67,304.59,2026-06-05 08:35:36.145,lr_experiments\lr=1e-05_z=100_bs=64_seed=242,lr_experiments\lr=1e-05_z=100_bs=64_seed=242\training (1).log,498,LR=1e-5
lr=1e-05_z=100_bs=64_seed=42,lr=1e-5_z=100_bs=64_seed=42,1e-05,1e-5,100,64,42,lr=1e-5_z=100_bs=64,"LR=1e-5, z=100, batch size=64",68,300.36,2026-06-05 08:38:06.537,lr_experiments\lr=1e-05_z=100_bs=64_seed=242,lr_experiments\lr=1e-05_z=100_bs=64_seed=242\training (1).log,499,LR=1e-5
lr=1e-05_z=100_bs=64_seed=42,lr=1e-5_z=100_bs=64_seed=42,1e-05,1e-5,100,64,42,lr=1e-5_z=100_bs=64,"LR=1e-5, z=100, batch size=64",69,275.71,2026-06-05 08:40:32.939,lr_experiments\lr=1e-05_z=100_bs=64_seed=242,lr_experiments\lr=1e-05_z=100_bs=64_seed=242\training (1).log,501,LR=1e-5
lr=1e-05_z=100_bs=64_seed=42,lr=1e-5_z=100_bs=64_seed=42,1e-05,1e-5,100,64,42,lr=1e-5_z=100_bs=64,"LR=1e-5, z=100, batch size=64",70,268.24,2026-06-05 08:43:15.108,lr_experiments\lr=1e-05_z=100_bs=64_seed=242,lr_experiments\lr=1e-05_z=100_bs=64_seed=242\training (1).log,503,LR=1e-5
lr=1e-05_z=100_bs=64_seed=42,lr=1e-5_z=100_bs=64_seed=42,1e-05,1e-5,100,64,42,lr=1e-5_z=100_bs=64,"LR=1e-5, z=100, batch size=64",71,267.91,2026-06-05 08:45:55.798,lr_experiments\lr=1e-05_z=100_bs=64_seed=242,lr_experiments\lr=1e-05_z=100_bs=64_seed=242\training (1).log,505,LR=1e-5
lr=1e-05_z=100_bs=64_seed=42,lr=1e-5_z=100_bs=64_seed=42,1e-05,1e-5,100,64,42,lr=1e-5_z=100_bs=64,"LR=1e-5, z=100, batch size=64",72,298.68,2026-06-05 08:48:58.734,lr_experiments\lr=1e-05_z=100_bs=64_seed=242,lr_experiments\lr=1e-05_z=100_bs=64_seed=242\training (1).log,506,LR=1e-5
lr=1e-05_z=100_bs=64_seed=42,lr=1e-5_z=100_bs=64_seed=42,1e-05,1e-5,100,64,42,lr=1e-5_z=100_bs=64,"LR=1e-5, z=100, batch size=64",73,285.6,2026-06-05 08:51:54.121,lr_experiments\lr=1e-05_z=100_bs=64_seed=242,lr_experiments\lr=1e-05_z=100_bs=64_seed=242\training (1).log,507,LR=1e-5
lr=1e-05_z=100_bs=64_seed=42,lr=1e-5_z=100_bs=64_seed=42,1e-05,1e-5,100,64,42,lr=1e-5_z=100_bs=64,"LR=1e-5, z=100, batch size=64",74,290.93,2026-06-05 08:54:50.838,lr_experiments\lr=1e-05_z=100_bs=64_seed=242,lr_experiments\lr=1e-05_z=100_bs=64_seed=242\training (1).log,508,LR=1e-5
lr=1e-05_z=100_bs=64_seed=42,lr=1e-5_z=100_bs=64_seed=42,1e-05,1e-5,100,64,42,lr=1e-5_z=100_bs=64,"LR=1e-5, z=100, batch size=64",75,265.0,2026-06-05 08:58:03.673,lr_experiments\lr=1e-05_z=100_bs=64_seed=242,lr_experiments\lr=1e-05_z=100_bs=64_seed=242\training (1).log,510,LR=1e-5
lr=1e-05_z=100_bs=64_seed=42,lr=1e-5_z=100_bs=64_seed=42,1e-05,1e-5,100,64,42,lr=1e-5_z=100_bs=64,"LR=1e-5, z=100, batch size=64",76,277.4,2026-06-05 09:01:15.049,lr_experiments\lr=1e-05_z=100_bs=64_seed=242,lr_experiments\lr=1e-05_z=100_bs=64_seed=242\training (1).log,511,LR=1e-5
lr=1e-05_z=100_bs=64_seed=42,lr=1e-5_z=100_bs=64_seed=42,1e-05,1e-5,100,64,42,lr=1e-5_z=100_bs=64,"LR=1e-5, z=100, batch size=64",77,257.88,2026-06-05 09:04:46.474,lr_experiments\lr=1e-05_z=100_bs=64_seed=242,lr_experiments\lr=1e-05_z=100_bs=64_seed=242\training (1).log,513,LR=1e-5
lr=1e-05_z=100_bs=64_seed=42,lr=1e-5_z=100_bs=64_seed=42,1e-05,1e-5,100,64,42,lr=1e-5_z=100_bs=64,"LR=1e-5, z=100, batch size=64",78,292.05,2026-06-05 09:08:14.717,lr_experiments\lr=1e-05_z=100_bs=64_seed=242,lr_experiments\lr=1e-05_z=100_bs=64_seed=242\training (1).log,514,LR=1e-5
lr=1e-05_z=100_bs=64_seed=42,lr=1e-5_z=100_bs=64_seed=42,1e-05,1e-5,100,64,42,lr=1e-5_z=100_bs=64,"LR=1e-5, z=100, batch size=64",79,271.28,2026-06-05 09:11:37.495,lr_experiments\lr=1e-05_z=100_bs=64_seed=242,lr_experiments\lr=1e-05_z=100_bs=64_seed=242\training (1).log,515,LR=1e-5
lr=1e-05_z=100_bs=64_seed=42,lr=1e-5_z=100_bs=64_seed=42,1e-05,1e-5,100,64,42,lr=1e-5_z=100_bs=64,"LR=1e-5, z=100, batch size=64",80,268.4,2026-06-05 09:15:24.707,lr_experiments\lr=1e-05_z=100_bs=64_seed=242,lr_experiments\lr=1e-05_z=100_bs=64_seed=242\training (1).log,516,LR=1e-5
lr=1e-05_z=100_bs=64_seed=42,lr=1e-5_z=100_bs=64_seed=42,1e-05,1e-5,100,64,42,lr=1e-5_z=100_bs=64,"LR=1e-5, z=100, batch size=64",81,259.93,2026-06-05 09:18:54.927,lr_experiments\lr=1e-05_z=100_bs=64_seed=242,lr_experiments\lr=1e-05_z=100_bs=64_seed=242\training (1).log,517,LR=1e-5
lr=1e-05_z=100_bs=64_seed=42,lr=1e-5_z=100_bs=64_seed=42,1e-05,1e-5,100,64,42,lr=1e-5_z=100_bs=64,"LR=1e-5, z=100, batch size=64",82,310.22,2026-06-05 09:22:33.115,lr_experiments\lr=1e-05_z=100_bs=64_seed=242,lr_experiments\lr=1e-05_z=100_bs=64_seed=242\training (1).log,518,LR=1e-5
lr=1e-05_z=100_bs=64_seed=42,lr=1e-5_z=100_bs=64_seed=42,1e-05,1e-5,100,64,42,lr=1e-5_z=100_bs=64,"LR=1e-5, z=100, batch size=64",83,280.21,2026-06-05 09:26:02.254,lr_experiments\lr=1e-05_z=100_bs=64_seed=242,lr_experiments\lr=1e-05_z=100_bs=64_seed=242\training (1).log,519,LR=1e-5
lr=1e-05_z=100_bs=64_seed=42,lr=1e-5_z=100_bs=64_seed=42,1e-05,1e-5,100,64,42,lr=1e-5_z=100_bs=64,"LR=1e-5, z=100, batch size=64",84,260.67,2026-06-05 09:29:30.786,lr_experiments\lr=1e-05_z=100_bs=64_seed=242,lr_experiments\lr=1e-05_z=100_bs=64_seed=242\training (1).log,520,LR=1e-5
lr=1e-05_z=100_bs=64_seed=42,lr=1e-5_z=100_bs=64_seed=42,1e-05,1e-5,100,64,42,lr=1e-5_z=100_bs=64,"LR=1e-5, z=100, batch size=64",85,255.76,2026-06-05 09:32:57.504,lr_experiments\lr=1e-05_z=100_bs=64_seed=242,lr_experiments\lr=1e-05_z=100_bs=64_seed=242\training (1).log,522,LR=1e-5
lr=1e-05_z=100_bs=64_seed=42,lr=1e-5_z=100_bs=64_seed=42,1e-05,1e-5,100,64,42,lr=1e-5_z=100_bs=64,"LR=1e-5, z=100, batch size=64",86,265.89,2026-06-05 09:36:26.288,lr_experiments\lr=1e-05_z=100_bs=64_seed=242,lr_experiments\lr=1e-05_z=100_bs=64_seed=242\training (1).log,523,LR=1e-5
lr=1e-05_z=100_bs=64_seed=42,lr=1e-5_z=100_bs=64_seed=42,1e-05,1e-5,100,64,42,lr=1e-5_z=100_bs=64,"LR=1e-5, z=100, batch size=64",87,289.27,2026-06-05 09:39:59.084,lr_experiments\lr=1e-05_z=100_bs=64_seed=242,lr_experiments\lr=1e-05_z=100_bs=64_seed=242\training (1).log,524,LR=1e-5
lr=1e-05_z=100_bs=64_seed=42,lr=1e-5_z=100_bs=64_seed=42,1e-05,1e-5,100,64,42,lr=1e-5_z=100_bs=64,"LR=1e-5, z=100, batch size=64",88,284.81,2026-06-05 09:43:27.223,lr_experiments\lr=1e-05_z=100_bs=64_seed=242,lr_experiments\lr=1e-05_z=100_bs=64_seed=242\training (1).log,525,LR=1e-5
lr=1e-05_z=100_bs=64_seed=42,lr=1e-5_z=100_bs=64_seed=42,1e-05,1e-5,100,64,42,lr=1e-5_z=100_bs=64,"LR=1e-5, z=100, batch size=64",89,285.76,2026-06-05 09:47:04.422,lr_experiments\lr=1e-05_z=100_bs=64_seed=242,lr_experiments\lr=1e-05_z=100_bs=64_seed=242\training (1).log,526,LR=1e-5
lr=1e-05_z=100_bs=64_seed=42,lr=1e-5_z=100_bs=64_seed=42,1e-05,1e-5,100,64,42,lr=1e-5_z=100_bs=64,"LR=1e-5, z=100, batch size=64",90,303.55,2026-06-05 09:50:29.934,lr_experiments\lr=1e-05_z=100_bs=64_seed=242,lr_experiments\lr=1e-05_z=100_bs=64_seed=242\training (1).log,527,LR=1e-5
lr=1e-05_z=100_bs=64_seed=42,lr=1e-5_z=100_bs=64_seed=42,1e-05,1e-5,100,64,42,lr=1e-5_z=100_bs=64,"LR=1e-5, z=100, batch size=64",91,277.29,2026-06-05 09:54:03.571,lr_experiments\lr=1e-05_z=100_bs=64_seed=242,lr_experiments\lr=1e-05_z=100_bs=64_seed=242\training (1).log,528,LR=1e-5
lr=1e-05_z=100_bs=64_seed=42,lr=1e-5_z=100_bs=64_seed=42,1e-05,1e-5,100,64,42,lr=1e-5_z=100_bs=64,"LR=1e-5, z=100, batch size=64",92,276.06,2026-06-05 09:57:51.156,lr_experiments\lr=1e-05_z=100_bs=64_seed=242,lr_experiments\lr=1e-05_z=100_bs=64_seed=242\training (1).log,529,LR=1e-5
lr=1e-05_z=100_bs=64_seed=42,lr=1e-5_z=100_bs=64_seed=42,1e-05,1e-5,100,64,42,lr=1e-5_z=100_bs=64,"LR=1e-5, z=100, batch size=64",93,271.49,2026-06-05 10:01:22.409,lr_experiments\lr=1e-05_z=100_bs=64_seed=242,lr_experiments\lr=1e-05_z=100_bs=64_seed=242\training (1).log,530,LR=1e-5
lr=1e-05_z=100_bs=64_seed=42,lr=1e-5_z=100_bs=64_seed=42,1e-05,1e-5,100,64,42,lr=1e-5_z=100_bs=64,"LR=1e-5, z=100, batch size=64",94,254.93,2026-06-05 10:05:01.367,lr_experiments\lr=1e-05_z=100_bs=64_seed=242,lr_experiments\lr=1e-05_z=100_bs=64_seed=242\training (1).log,532,LR=1e-5
lr=1e-05_z=100_bs=64_seed=42,lr=1e-5_z=100_bs=64_seed=42,1e-05,1e-5,100,64,42,lr=1e-5_z=100_bs=64,"LR=1e-5, z=100, batch size=64",95,287.62,2026-06-05 10:08:33.146,lr_experiments\lr=1e-05_z=100_bs=64_seed=242,lr_experiments\lr=1e-05_z=100_bs=64_seed=242\training (1).log,533,LR=1e-5
lr=1e-05_z=100_bs=64_seed=42,lr=1e-5_z=100_bs=64_seed=42,1e-05,1e-5,100,64,42,lr=1e-5_z=100_bs=64,"LR=1e-5, z=100, batch size=64",96,282.63,2026-06-05 10:12:16.637,lr_experiments\lr=1e-05_z=100_bs=64_seed=242,lr_experiments\lr=1e-05_z=100_bs=64_seed=242\training (1).log,534,LR=1e-5
lr=1e-05_z=100_bs=64_seed=42,lr=1e-5_z=100_bs=64_seed=42,1e-05,1e-5,100,64,42,lr=1e-5_z=100_bs=64,"LR=1e-5, z=100, batch size=64",97,257.33,2026-06-05 10:15:44.745,lr_experiments\lr=1e-05_z=100_bs=64_seed=242,lr_experiments\lr=1e-05_z=100_bs=64_seed=242\training (1).log,535,LR=1e-5
lr=1e-05_z=100_bs=64_seed=42,lr=1e-5_z=100_bs=64_seed=42,1e-05,1e-5,100,64,42,lr=1e-5_z=100_bs=64,"LR=1e-5, z=100, batch size=64",98,263.69,2026-06-05 10:19:13.751,lr_experiments\lr=1e-05_z=100_bs=64_seed=242,lr_experiments\lr=1e-05_z=100_bs=64_seed=242\training (1).log,536,LR=1e-5
lr=1e-05_z=100_bs=64_seed=42,lr=1e-5_z=100_bs=64_seed=42,1e-05,1e-5,100,64,42,lr=1e-5_z=100_bs=64,"LR=1e-5, z=100, batch size=64",99,285.03,2026-06-05 10:22:54.014,lr_experiments\lr=1e-05_z=100_bs=64_seed=242,lr_experiments\lr=1e-05_z=100_bs=64_seed=242\training (1).log,537,LR=1e-5
lr=1e-05_z=100_bs=64_seed=42,lr=1e-5_z=100_bs=64_seed=42,1e-05,1e-5,100,64,42,lr=1e-5_z=100_bs=64,"LR=1e-5, z=100, batch size=64",100,274.15,2026-06-05 10:26:25.271,lr_experiments\lr=1e-05_z=100_bs=64_seed=242,lr_experiments\lr=1e-05_z=100_bs=64_seed=242\training (1).log,538,LR=1e-5
lr=1e-05_z=100_bs=64_seed=142,lr=1e-5_z=100_bs=64_seed=142,1e-05,1e-5,100,64,142,lr=1e-5_z=100_bs=64,"LR=1e-5, z=100, batch size=64",1,420.93,2026-06-01 20:59:56.822,lr_experiments\lr=1e-04_z=100_bs=64_seed=142,lr_experiments\lr=1e-04_z=100_bs=64_seed=142\training.log,418,LR=1e-5
lr=1e-05_z=100_bs=64_seed=142,lr=1e-5_z=100_bs=64_seed=142,1e-05,1e-5,100,64,142,lr=1e-5_z=100_bs=64,"LR=1e-5, z=100, batch size=64",2,425.73,2026-06-01 21:01:26.657,lr_experiments\lr=1e-04_z=100_bs=64_seed=142,lr_experiments\lr=1e-04_z=100_bs=64_seed=142\training.log,419,LR=1e-5
lr=1e-05_z=100_bs=64_seed=142,lr=1e-5_z=100_bs=64_seed=142,1e-05,1e-5,100,64,142,lr=1e-5_z=100_bs=64,"LR=1e-5, z=100, batch size=64",3,414.3,2026-06-01 21:02:59.925,lr_experiments\lr=1e-04_z=100_bs=64_seed=142,lr_experiments\lr=1e-04_z=100_bs=64_seed=142\training.log,421,LR=1e-5
lr=1e-05_z=100_bs=64_seed=142,lr=1e-5_z=100_bs=64_seed=142,1e-05,1e-5,100,64,142,lr=1e-5_z=100_bs=64,"LR=1e-5, z=100, batch size=64",4,428.71,2026-06-01 21:04:32.524,lr_experiments\lr=1e-04_z=100_bs=64_seed=142,lr_experiments\lr=1e-04_z=100_bs=64_seed=142\training.log,422,LR=1e-5
lr=1e-05_z=100_bs=64_seed=142,lr=1e-5_z=100_bs=64_seed=142,1e-05,1e-5,100,64,142,lr=1e-5_z=100_bs=64,"LR=1e-5, z=100, batch size=64",5,404.14,2026-06-01 21:06:26.040,lr_experiments\lr=1e-04_z=100_bs=64_seed=142,lr_experiments\lr=1e-04_z=100_bs=64_seed=142\training.log,424,LR=1e-5
lr=1e-05_z=100_bs=64_seed=142,lr=1e-5_z=100_bs=64_seed=142,1e-05,1e-5,100,64,142,lr=1e-5_z=100_bs=64,"LR=1e-5, z=100, batch size=64",6,445.6,2026-06-01 21:07:57.910,lr_experiments\lr=1e-04_z=100_bs=64_seed=142,lr_experiments\lr=1e-04_z=100_bs=64_seed=142\training.log,425,LR=1e-5
lr=1e-05_z=100_bs=64_seed=142,lr=1e-5_z=100_bs=64_seed=142,1e-05,1e-5,100,64,142,lr=1e-5_z=100_bs=64,"LR=1e-5, z=100, batch size=64",7,426.37,2026-06-01 21:09:39.361,lr_experiments\lr=1e-04_z=100_bs=64_seed=142,lr_experiments\lr=1e-04_z=100_bs=64_seed=142\training.log,426,LR=1e-5
lr=1e-05_z=100_bs=64_seed=142,lr=1e-5_z=100_bs=64_seed=142,1e-05,1e-5,100,64,142,lr=1e-5_z=100_bs=64,"LR=1e-5, z=100, batch size=64",8,374.57,2026-06-01 21:11:10.972,lr_experiments\lr=1e-04_z=100_bs=64_seed=142,lr_experiments\lr=1e-04_z=100_bs=64_seed=142\training.log,428,LR=1e-5
lr=1e-05_z=100_bs=64_seed=142,lr=1e-5_z=100_bs=64_seed=142,1e-05,1e-5,100,64,142,lr=1e-5_z=100_bs=64,"LR=1e-5, z=100, batch size=64",9,388.7,2026-06-01 21:12:50.975,lr_experiments\lr=1e-04_z=100_bs=64_seed=142,lr_experiments\lr=1e-04_z=100_bs=64_seed=142\training.log,429,LR=1e-5
lr=1e-05_z=100_bs=64_seed=142,lr=1e-5_z=100_bs=64_seed=142,1e-05,1e-5,100,64,142,lr=1e-5_z=100_bs=64,"LR=1e-5, z=100, batch size=64",10,363.36,2026-06-01 21:14:22.083,lr_experiments\lr=1e-04_z=100_bs=64_seed=142,lr_experiments\lr=1e-04_z=100_bs=64_seed=142\training.log,431,LR=1e-5
lr=1e-05_z=100_bs=64_seed=142,lr=1e-5_z=100_bs=64_seed=142,1e-05,1e-5,100,64,142,lr=1e-5_z=100_bs=64,"LR=1e-5, z=100, batch size=64",11,304.0,2026-06-01 21:15:54.015,lr_experiments\lr=1e-04_z=100_bs=64_seed=142,lr_experiments\lr=1e-04_z=100_bs=64_seed=142\training.log,433,LR=1e-5
lr=1e-05_z=100_bs=64_seed=142,lr=1e-5_z=100_bs=64_seed=142,1e-05,1e-5,100,64,142,lr=1e-5_z=100_bs=64,"LR=1e-5, z=100, batch size=64",12,309.6,2026-06-01 21:17:38.498,lr_experiments\lr=1e-04_z=100_bs=64_seed=142,lr_experiments\lr=1e-04_z=100_bs=64_seed=142\training.log,434,LR=1e-5
lr=1e-05_z=100_bs=64_seed=142,lr=1e-5_z=100_bs=64_seed=142,1e-05,1e-5,100,64,142,lr=1e-5_z=100_bs=64,"LR=1e-5, z=100, batch size=64",13,342.2,2026-06-01 21:19:08.777,lr_experiments\lr=1e-04_z=100_bs=64_seed=142,lr_experiments\lr=1e-04_z=100_bs=64_seed=142\training.log,435,LR=1e-5
lr=1e-05_z=100_bs=64_seed=142,lr=1e-5_z=100_bs=64_seed=142,1e-05,1e-5,100,64,142,lr=1e-5_z=100_bs=64,"LR=1e-5, z=100, batch size=64",14,369.71,2026-06-01 21:20:47.627,lr_experiments\lr=1e-04_z=100_bs=64_seed=142,lr_experiments\lr=1e-04_z=100_bs=64_seed=142\training.log,436,LR=1e-5
lr=1e-05_z=100_bs=64_seed=142,lr=1e-5_z=100_bs=64_seed=142,1e-05,1e-5,100,64,142,lr=1e-5_z=100_bs=64,"LR=1e-5, z=100, batch size=64",15,358.18,2026-06-01 21:22:15.646,lr_experiments\lr=1e-04_z=100_bs=64_seed=142,lr_experiments\lr=1e-04_z=100_bs=64_seed=142\training.log,437,LR=1e-5
lr=1e-05_z=100_bs=64_seed=142,lr=1e-5_z=100_bs=64_seed=142,1e-05,1e-5,100,64,142,lr=1e-5_z=100_bs=64,"LR=1e-5, z=100, batch size=64",16,249.78,2026-06-01 21:23:45.294,lr_experiments\lr=1e-04_z=100_bs=64_seed=142,lr_experiments\lr=1e-04_z=100_bs=64_seed=142\training.log,439,LR=1e-5
lr=1e-05_z=100_bs=64_seed=142,lr=1e-5_z=100_bs=64_seed=142,1e-05,1e-5,100,64,142,lr=1e-5_z=100_bs=64,"LR=1e-5, z=100, batch size=64",17,288.82,2026-06-01 21:25:35.215,lr_experiments\lr=1e-04_z=100_bs=64_seed=142,lr_experiments\lr=1e-04_z=100_bs=64_seed=142\training.log,440,LR=1e-5
lr=1e-05_z=100_bs=64_seed=142,lr=1e-5_z=100_bs=64_seed=142,1e-05,1e-5,100,64,142,lr=1e-5_z=100_bs=64,"LR=1e-5, z=100, batch size=64",18,290.28,2026-06-01 21:27:04.037,lr_experiments\lr=1e-04_z=100_bs=64_seed=142,lr_experiments\lr=1e-04_z=100_bs=64_seed=142\training.log,441,LR=1e-5
lr=1e-05_z=100_bs=64_seed=142,lr=1e-5_z=100_bs=64_seed=142,1e-05,1e-5,100,64,142,lr=1e-5_z=100_bs=64,"LR=1e-5, z=100, batch size=64",19,295.81,2026-06-01 21:28:43.011,lr_experiments\lr=1e-04_z=100_bs=64_seed=142,lr_experiments\lr=1e-04_z=100_bs=64_seed=142\training.log,442,LR=1e-5
lr=1e-05_z=100_bs=64_seed=142,lr=1e-5_z=100_bs=64_seed=142,1e-05,1e-5,100,64,142,lr=1e-5_z=100_bs=64,"LR=1e-5, z=100, batch size=64",20,340.16,2026-06-01 21:30:12.286,lr_experiments\lr=1e-04_z=100_bs=64_seed=142,lr_experiments\lr=1e-04_z=100_bs=64_seed=142\training.log,443,LR=1e-5
lr=1e-05_z=100_bs=64_seed=142,lr=1e-5_z=100_bs=64_seed=142,1e-05,1e-5,100,64,142,lr=1e-5_z=100_bs=64,"LR=1e-5, z=100, batch size=64",21,347.56,2026-06-01 21:31:41.647,lr_experiments\lr=1e-04_z=100_bs=64_seed=142,lr_experiments\lr=1e-04_z=100_bs=64_seed=142\training.log,444,LR=1e-5
lr=1e-05_z=100_bs=64_seed=142,lr=1e-5_z=100_bs=64_seed=142,1e-05,1e-5,100,64,142,lr=1e-5_z=100_bs=64,"LR=1e-5, z=100, batch size=64",22,353.67,2026-06-01 21:33:32.239,lr_experiments\lr=1e-04_z=100_bs=64_seed=142,lr_experiments\lr=1e-04_z=100_bs=64_seed=142\training.log,445,LR=1e-5
lr=1e-05_z=100_bs=64_seed=142,lr=1e-5_z=100_bs=64_seed=142,1e-05,1e-5,100,64,142,lr=1e-5_z=100_bs=64,"LR=1e-5, z=100, batch size=64",23,337.95,2026-06-01 21:35:01.654,lr_experiments\lr=1e-04_z=100_bs=64_seed=142,lr_experiments\lr=1e-04_z=100_bs=64_seed=142\training.log,446,LR=1e-5
lr=1e-05_z=100_bs=64_seed=142,lr=1e-5_z=100_bs=64_seed=142,1e-05,1e-5,100,64,142,lr=1e-5_z=100_bs=64,"LR=1e-5, z=100, batch size=64",24,356.86,2026-06-01 21:36:42.128,lr_experiments\lr=1e-04_z=100_bs=64_seed=142,lr_experiments\lr=1e-04_z=100_bs=64_seed=142\training.log,447,LR=1e-5
lr=1e-05_z=100_bs=64_seed=142,lr=1e-5_z=100_bs=64_seed=142,1e-05,1e-5,100,64,142,lr=1e-5_z=100_bs=64,"LR=1e-5, z=100, batch size=64",25,336.04,2026-06-01 21:38:10.813,lr_experiments\lr=1e-04_z=100_bs=64_seed=142,lr_experiments\lr=1e-04_z=100_bs=64_seed=142\training.log,448,LR=1e-5
lr=1e-05_z=100_bs=64_seed=142,lr=1e-5_z=100_bs=64_seed=142,1e-05,1e-5,100,64,142,lr=1e-5_z=100_bs=64,"LR=1e-5, z=100, batch size=64",26,306.85,2026-06-01 21:39:39.874,lr_experiments\lr=1e-04_z=100_bs=64_seed=142,lr_experiments\lr=1e-04_z=100_bs=64_seed=142\training.log,449,LR=1e-5
lr=1e-05_z=100_bs=64_seed=142,lr=1e-5_z=100_bs=64_seed=142,1e-05,1e-5,100,64,142,lr=1e-5_z=100_bs=64,"LR=1e-5, z=100, batch size=64",27,347.0,2026-06-01 21:41:30.797,lr_experiments\lr=1e-04_z=100_bs=64_seed=142,lr_experiments\lr=1e-04_z=100_bs=64_seed=142\training.log,450,LR=1e-5
lr=1e-05_z=100_bs=64_seed=142,lr=1e-5_z=100_bs=64_seed=142,1e-05,1e-5,100,64,142,lr=1e-5_z=100_bs=64,"LR=1e-5, z=100, batch size=64",28,300.13,2026-06-01 21:42:59.594,lr_experiments\lr=1e-04_z=100_bs=64_seed=142,lr_experiments\lr=1e-04_z=100_bs=64_seed=142\training.log,451,LR=1e-5
lr=1e-05_z=100_bs=64_seed=142,lr=1e-5_z=100_bs=64_seed=142,1e-05,1e-5,100,64,142,lr=1e-5_z=100_bs=64,"LR=1e-5, z=100, batch size=64",29,331.41,2026-06-01 21:47:12.309,lr_experiments\lr=1e-04_z=100_bs=64_seed=142,lr_experiments\lr=1e-04_z=100_bs=64_seed=142\training.log,452,LR=1e-5
lr=1e-05_z=100_bs=64_seed=142,lr=1e-5_z=100_bs=64_seed=142,1e-05,1e-5,100,64,142,lr=1e-5_z=100_bs=64,"LR=1e-5, z=100, batch size=64",30,360.9,2026-06-01 21:48:41.184,lr_experiments\lr=1e-04_z=100_bs=64_seed=142,lr_experiments\lr=1e-04_z=100_bs=64_seed=142\training.log,453,LR=1e-5
lr=1e-05_z=100_bs=64_seed=142,lr=1e-5_z=100_bs=64_seed=142,1e-05,1e-5,100,64,142,lr=1e-5_z=100_bs=64,"LR=1e-5, z=100, batch size=64",31,313.67,2026-06-01 21:50:11.448,lr_experiments\lr=1e-04_z=100_bs=64_seed=142,lr_experiments\lr=1e-04_z=100_bs=64_seed=142\training.log,454,LR=1e-5
lr=1e-05_z=100_bs=64_seed=142,lr=1e-5_z=100_bs=64_seed=142,1e-05,1e-5,100,64,142,lr=1e-5_z=100_bs=64,"LR=1e-5, z=100, batch size=64",32,354.41,2026-06-01 21:51:49.135,lr_experiments\lr=1e-04_z=100_bs=64_seed=142,lr_experiments\lr=1e-04_z=100_bs=64_seed=142\training.log,455,LR=1e-5
lr=1e-05_z=100_bs=64_seed=142,lr=1e-5_z=100_bs=64_seed=142,1e-05,1e-5,100,64,142,lr=1e-5_z=100_bs=64,"LR=1e-5, z=100, batch size=64",33,320.05,2026-06-01 21:53:19.348,lr_experiments\lr=1e-04_z=100_bs=64_seed=142,lr_experiments\lr=1e-04_z=100_bs=64_seed=142\training.log,456,LR=1e-5
lr=1e-05_z=100_bs=64_seed=142,lr=1e-5_z=100_bs=64_seed=142,1e-05,1e-5,100,64,142,lr=1e-5_z=100_bs=64,"LR=1e-5, z=100, batch size=64",34,267.04,2026-06-01 21:54:57.458,lr_experiments\lr=1e-04_z=100_bs=64_seed=142,lr_experiments\lr=1e-04_z=100_bs=64_seed=142\training.log,457,LR=1e-5
lr=1e-05_z=100_bs=64_seed=142,lr=1e-5_z=100_bs=64_seed=142,1e-05,1e-5,100,64,142,lr=1e-5_z=100_bs=64,"LR=1e-5, z=100, batch size=64",35,291.68,2026-06-01 21:56:26.330,lr_experiments\lr=1e-04_z=100_bs=64_seed=142,lr_experiments\lr=1e-04_z=100_bs=64_seed=142\training.log,458,LR=1e-5
lr=1e-05_z=100_bs=64_seed=142,lr=1e-5_z=100_bs=64_seed=142,1e-05,1e-5,100,64,142,lr=1e-5_z=100_bs=64,"LR=1e-5, z=100, batch size=64",36,306.64,2026-06-01 21:57:55.147,lr_experiments\lr=1e-04_z=100_bs=64_seed=142,lr_experiments\lr=1e-04_z=100_bs=64_seed=142\training.log,459,LR=1e-5
lr=1e-05_z=100_bs=64_seed=142,lr=1e-5_z=100_bs=64_seed=142,1e-05,1e-5,100,64,142,lr=1e-5_z=100_bs=64,"LR=1e-5, z=100, batch size=64",37,311.25,2026-06-01 21:59:25.474,lr_experiments\lr=1e-04_z=100_bs=64_seed=142,lr_experiments\lr=1e-04_z=100_bs=64_seed=142\training.log,460,LR=1e-5
lr=1e-05_z=100_bs=64_seed=142,lr=1e-5_z=100_bs=64_seed=142,1e-05,1e-5,100,64,142,lr=1e-5_z=100_bs=64,"LR=1e-5, z=100, batch size=64",38,353.97,2026-06-01 22:00:54.671,lr_experiments\lr=1e-04_z=100_bs=64_seed=142,lr_experiments\lr=1e-04_z=100_bs=64_seed=142\training.log,461,LR=1e-5
lr=1e-05_z=100_bs=64_seed=142,lr=1e-5_z=100_bs=64_seed=142,1e-05,1e-5,100,64,142,lr=1e-5_z=100_bs=64,"LR=1e-5, z=100, batch size=64",39,325.21,2026-06-01 22:02:34.174,lr_experiments\lr=1e-04_z=100_bs=64_seed=142,lr_experiments\lr=1e-04_z=100_bs=64_seed=142\training.log,462,LR=1e-5
lr=1e-05_z=100_bs=64_seed=142,lr=1e-5_z=100_bs=64_seed=142,1e-05,1e-5,100,64,142,lr=1e-5_z=100_bs=64,"LR=1e-5, z=100, batch size=64",40,303.79,2026-06-01 22:04:02.776,lr_experiments\lr=1e-04_z=100_bs=64_seed=142,lr_experiments\lr=1e-04_z=100_bs=64_seed=142\training.log,463,LR=1e-5
lr=1e-05_z=100_bs=64_seed=142,lr=1e-5_z=100_bs=64_seed=142,1e-05,1e-5,100,64,142,lr=1e-5_z=100_bs=64,"LR=1e-5, z=100, batch size=64",41,312.82,2026-06-01 22:05:45.199,lr_experiments\lr=1e-04_z=100_bs=64_seed=142,lr_experiments\lr=1e-04_z=100_bs=64_seed=142\training.log,464,LR=1e-5
lr=1e-05_z=100_bs=64_seed=142,lr=1e-5_z=100_bs=64_seed=142,1e-05,1e-5,100,64,142,lr=1e-5_z=100_bs=64,"LR=1e-5, z=100, batch size=64",42,324.8,2026-06-01 22:07:17.281,lr_experiments\lr=1e-04_z=100_bs=64_seed=142,lr_experiments\lr=1e-04_z=100_bs=64_seed=142\training.log,465,LR=1e-5
lr=1e-05_z=100_bs=64_seed=142,lr=1e-5_z=100_bs=64_seed=142,1e-05,1e-5,100,64,142,lr=1e-5_z=100_bs=64,"LR=1e-5, z=100, batch size=64",43,326.95,2026-06-01 22:08:47.156,lr_experiments\lr=1e-04_z=100_bs=64_seed=142,lr_experiments\lr=1e-04_z=100_bs=64_seed=142\training.log,466,LR=1e-5
lr=1e-05_z=100_bs=64_seed=142,lr=1e-5_z=100_bs=64_seed=142,1e-05,1e-5,100,64,142,lr=1e-5_z=100_bs=64,"LR=1e-5, z=100, batch size=64",44,292.61,2026-06-01 22:10:36.833,lr_experiments\lr=1e-04_z=100_bs=64_seed=142,lr_experiments\lr=1e-04_z=100_bs=64_seed=142\training.log,467,LR=1e-5
lr=1e-05_z=100_bs=64_seed=142,lr=1e-5_z=100_bs=64_seed=142,1e-05,1e-5,100,64,142,lr=1e-5_z=100_bs=64,"LR=1e-5, z=100, batch size=64",45,297.25,2026-06-01 22:12:07.689,lr_experiments\lr=1e-04_z=100_bs=64_seed=142,lr_experiments\lr=1e-04_z=100_bs=64_seed=142\training.log,468,LR=1e-5
lr=1e-05_z=100_bs=64_seed=142,lr=1e-5_z=100_bs=64_seed=142,1e-05,1e-5,100,64,142,lr=1e-5_z=100_bs=64,"LR=1e-5, z=100, batch size=64",46,326.4,2026-06-01 22:13:47.233,lr_experiments\lr=1e-04_z=100_bs=64_seed=142,lr_experiments\lr=1e-04_z=100_bs=64_seed=142\training.log,469,LR=1e-5
lr=1e-05_z=100_bs=64_seed=142,lr=1e-5_z=100_bs=64_seed=142,1e-05,1e-5,100,64,142,lr=1e-5_z=100_bs=64,"LR=1e-5, z=100, batch size=64",47,289.63,2026-06-01 22:15:17.648,lr_experiments\lr=1e-04_z=100_bs=64_seed=142,lr_experiments\lr=1e-04_z=100_bs=64_seed=142\training.log,470,LR=1e-5
lr=1e-05_z=100_bs=64_seed=142,lr=1e-5_z=100_bs=64_seed=142,1e-05,1e-5,100,64,142,lr=1e-5_z=100_bs=64,"LR=1e-5, z=100, batch size=64",48,309.94,2026-06-01 22:16:46.440,lr_experiments\lr=1e-04_z=100_bs=64_seed=142,lr_experiments\lr=1e-04_z=100_bs=64_seed=142\training.log,471,LR=1e-5
lr=1e-05_z=100_bs=64_seed=142,lr=1e-5_z=100_bs=64_seed=142,1e-05,1e-5,100,64,142,lr=1e-5_z=100_bs=64,"LR=1e-5, z=100, batch size=64",49,307.73,2026-06-01 22:18:14.842,lr_experiments\lr=1e-04_z=100_bs=64_seed=142,lr_experiments\lr=1e-04_z=100_bs=64_seed=142\training.log,472,LR=1e-5
lr=1e-05_z=100_bs=64_seed=142,lr=1e-5_z=100_bs=64_seed=142,1e-05,1e-5,100,64,142,lr=1e-5_z=100_bs=64,"LR=1e-5, z=100, batch size=64",50,295.14,2026-06-01 22:19:44.578,lr_experiments\lr=1e-04_z=100_bs=64_seed=142,lr_experiments\lr=1e-04_z=100_bs=64_seed=142\training.log,473,LR=1e-5
lr=1e-05_z=100_bs=64_seed=142,lr=1e-5_z=100_bs=64_seed=142,1e-05,1e-5,100,64,142,lr=1e-5_z=100_bs=64,"LR=1e-5, z=100, batch size=64",51,299.99,2026-06-01 22:21:25.330,lr_experiments\lr=1e-04_z=100_bs=64_seed=142,lr_experiments\lr=1e-04_z=100_bs=64_seed=142\training.log,474,LR=1e-5
lr=1e-05_z=100_bs=64_seed=142,lr=1e-5_z=100_bs=64_seed=142,1e-05,1e-5,100,64,142,lr=1e-5_z=100_bs=64,"LR=1e-5, z=100, batch size=64",52,308.91,2026-06-01 22:22:54.381,lr_experiments\lr=1e-04_z=100_bs=64_seed=142,lr_experiments\lr=1e-04_z=100_bs=64_seed=142\training.log,475,LR=1e-5
lr=1e-05_z=100_bs=64_seed=142,lr=1e-5_z=100_bs=64_seed=142,1e-05,1e-5,100,64,142,lr=1e-5_z=100_bs=64,"LR=1e-5, z=100, batch size=64",53,285.87,2026-06-01 22:24:37.492,lr_experiments\lr=1e-04_z=100_bs=64_seed=142,lr_experiments\lr=1e-04_z=100_bs=64_seed=142\training.log,476,LR=1e-5
lr=1e-05_z=100_bs=64_seed=142,lr=1e-5_z=100_bs=64_seed=142,1e-05,1e-5,100,64,142,lr=1e-5_z=100_bs=64,"LR=1e-5, z=100, batch size=64",54,302.05,2026-06-01 22:26:09.894,lr_experiments\lr=1e-04_z=100_bs=64_seed=142,lr_experiments\lr=1e-04_z=100_bs=64_seed=142\training.log,477,LR=1e-5
lr=1e-05_z=100_bs=64_seed=142,lr=1e-5_z=100_bs=64_seed=142,1e-05,1e-5,100,64,142,lr=1e-5_z=100_bs=64,"LR=1e-5, z=100, batch size=64",55,308.17,2026-06-01 22:27:41.191,lr_experiments\lr=1e-04_z=100_bs=64_seed=142,lr_experiments\lr=1e-04_z=100_bs=64_seed=142\training.log,478,LR=1e-5
lr=1e-05_z=100_bs=64_seed=142,lr=1e-5_z=100_bs=64_seed=142,1e-05,1e-5,100,64,142,lr=1e-5_z=100_bs=64,"LR=1e-5, z=100, batch size=64",56,320.27,2026-06-01 22:29:32.175,lr_experiments\lr=1e-04_z=100_bs=64_seed=142,lr_experiments\lr=1e-04_z=100_bs=64_seed=142\training.log,479,LR=1e-5
lr=1e-05_z=100_bs=64_seed=142,lr=1e-5_z=100_bs=64_seed=142,1e-05,1e-5,100,64,142,lr=1e-5_z=100_bs=64,"LR=1e-5, z=100, batch size=64",57,310.92,2026-06-01 22:31:02.718,lr_experiments\lr=1e-04_z=100_bs=64_seed=142,lr_experiments\lr=1e-04_z=100_bs=64_seed=142\training.log,480,LR=1e-5
lr=1e-05_z=100_bs=64_seed=142,lr=1e-5_z=100_bs=64_seed=142,1e-05,1e-5,100,64,142,lr=1e-5_z=100_bs=64,"LR=1e-5, z=100, batch size=64",58,309.9,2026-06-01 22:32:43.835,lr_experiments\lr=1e-04_z=100_bs=64_seed=142,lr_experiments\lr=1e-04_z=100_bs=64_seed=142\training.log,481,LR=1e-5
lr=1e-05_z=100_bs=64_seed=142,lr=1e-5_z=100_bs=64_seed=142,1e-05,1e-5,100,64,142,lr=1e-5_z=100_bs=64,"LR=1e-5, z=100, batch size=64",59,328.8,2026-06-01 22:34:13.951,lr_experiments\lr=1e-04_z=100_bs=64_seed=142,lr_experiments\lr=1e-04_z=100_bs=64_seed=142\training.log,482,LR=1e-5
lr=1e-05_z=100_bs=64_seed=142,lr=1e-5_z=100_bs=64_seed=142,1e-05,1e-5,100,64,142,lr=1e-5_z=100_bs=64,"LR=1e-5, z=100, batch size=64",60,293.55,2026-06-01 22:35:45.112,lr_experiments\lr=1e-04_z=100_bs=64_seed=142,lr_experiments\lr=1e-04_z=100_bs=64_seed=142\training.log,483,LR=1e-5
lr=1e-05_z=100_bs=64_seed=142,lr=1e-5_z=100_bs=64_seed=142,1e-05,1e-5,100,64,142,lr=1e-5_z=100_bs=64,"LR=1e-5, z=100, batch size=64",61,268.45,2026-06-01 22:37:35.287,lr_experiments\lr=1e-04_z=100_bs=64_seed=142,lr_experiments\lr=1e-04_z=100_bs=64_seed=142\training.log,484,LR=1e-5
lr=1e-05_z=100_bs=64_seed=142,lr=1e-5_z=100_bs=64_seed=142,1e-05,1e-5,100,64,142,lr=1e-5_z=100_bs=64,"LR=1e-5, z=100, batch size=64",62,310.22,2026-06-01 22:39:04.528,lr_experiments\lr=1e-04_z=100_bs=64_seed=142,lr_experiments\lr=1e-04_z=100_bs=64_seed=142\training.log,485,LR=1e-5
lr=1e-05_z=100_bs=64_seed=142,lr=1e-5_z=100_bs=64_seed=142,1e-05,1e-5,100,64,142,lr=1e-5_z=100_bs=64,"LR=1e-5, z=100, batch size=64",63,297.57,2026-06-01 22:40:45.451,lr_experiments\lr=1e-04_z=100_bs=64_seed=142,lr_experiments\lr=1e-04_z=100_bs=64_seed=142\training.log,486,LR=1e-5
lr=1e-05_z=100_bs=64_seed=142,lr=1e-5_z=100_bs=64_seed=142,1e-05,1e-5,100,64,142,lr=1e-5_z=100_bs=64,"LR=1e-5, z=100, batch size=64",64,283.96,2026-06-01 22:42:14.978,lr_experiments\lr=1e-04_z=100_bs=64_seed=142,lr_experiments\lr=1e-04_z=100_bs=64_seed=142\training.log,487,LR=1e-5
lr=1e-05_z=100_bs=64_seed=142,lr=1e-5_z=100_bs=64_seed=142,1e-05,1e-5,100,64,142,lr=1e-5_z=100_bs=64,"LR=1e-5, z=100, batch size=64",65,257.23,2026-06-01 22:43:46.465,lr_experiments\lr=1e-04_z=100_bs=64_seed=142,lr_experiments\lr=1e-04_z=100_bs=64_seed=142\training.log,488,LR=1e-5
lr=1e-05_z=100_bs=64_seed=142,lr=1e-5_z=100_bs=64_seed=142,1e-05,1e-5,100,64,142,lr=1e-5_z=100_bs=64,"LR=1e-5, z=100, batch size=64",66,262.0,2026-06-01 22:45:15.968,lr_experiments\lr=1e-04_z=100_bs=64_seed=142,lr_experiments\lr=1e-04_z=100_bs=64_seed=142\training.log,489,LR=1e-5
lr=1e-05_z=100_bs=64_seed=142,lr=1e-5_z=100_bs=64_seed=142,1e-05,1e-5,100,64,142,lr=1e-5_z=100_bs=64,"LR=1e-5, z=100, batch size=64",67,294.02,2026-06-01 22:46:46.217,lr_experiments\lr=1e-04_z=100_bs=64_seed=142,lr_experiments\lr=1e-04_z=100_bs=64_seed=142\training.log,490,LR=1e-5
lr=1e-05_z=100_bs=64_seed=142,lr=1e-5_z=100_bs=64_seed=142,1e-05,1e-5,100,64,142,lr=1e-5_z=100_bs=64,"LR=1e-5, z=100, batch size=64",68,285.52,2026-06-01 22:48:24.887,lr_experiments\lr=1e-04_z=100_bs=64_seed=142,lr_experiments\lr=1e-04_z=100_bs=64_seed=142\training.log,491,LR=1e-5
lr=1e-05_z=100_bs=64_seed=142,lr=1e-5_z=100_bs=64_seed=142,1e-05,1e-5,100,64,142,lr=1e-5_z=100_bs=64,"LR=1e-5, z=100, batch size=64",69,262.26,2026-06-01 22:49:54.842,lr_experiments\lr=1e-04_z=100_bs=64_seed=142,lr_experiments\lr=1e-04_z=100_bs=64_seed=142\training.log,492,LR=1e-5
lr=1e-05_z=100_bs=64_seed=142,lr=1e-5_z=100_bs=64_seed=142,1e-05,1e-5,100,64,142,lr=1e-5_z=100_bs=64,"LR=1e-5, z=100, batch size=64",70,263.8,2026-06-01 22:51:34.989,lr_experiments\lr=1e-04_z=100_bs=64_seed=142,lr_experiments\lr=1e-04_z=100_bs=64_seed=142\training.log,493,LR=1e-5
lr=1e-05_z=100_bs=64_seed=142,lr=1e-5_z=100_bs=64_seed=142,1e-05,1e-5,100,64,142,lr=1e-5_z=100_bs=64,"LR=1e-5, z=100, batch size=64",71,300.88,2026-06-01 22:53:05.317,lr_experiments\lr=1e-04_z=100_bs=64_seed=142,lr_experiments\lr=1e-04_z=100_bs=64_seed=142\training.log,494,LR=1e-5
lr=1e-05_z=100_bs=64_seed=142,lr=1e-5_z=100_bs=64_seed=142,1e-05,1e-5,100,64,142,lr=1e-5_z=100_bs=64,"LR=1e-5, z=100, batch size=64",72,272.34,2026-06-01 22:54:34.740,lr_experiments\lr=1e-04_z=100_bs=64_seed=142,lr_experiments\lr=1e-04_z=100_bs=64_seed=142\training.log,495,LR=1e-5
lr=1e-05_z=100_bs=64_seed=142,lr=1e-5_z=100_bs=64_seed=142,1e-05,1e-5,100,64,142,lr=1e-5_z=100_bs=64,"LR=1e-5, z=100, batch size=64",73,284.19,2026-06-01 22:56:26.473,lr_experiments\lr=1e-04_z=100_bs=64_seed=142,lr_experiments\lr=1e-04_z=100_bs=64_seed=142\training.log,496,LR=1e-5
lr=1e-05_z=100_bs=64_seed=142,lr=1e-5_z=100_bs=64_seed=142,1e-05,1e-5,100,64,142,lr=1e-5_z=100_bs=64,"LR=1e-5, z=100, batch size=64",74,274.5,2026-06-01 22:57:56.403,lr_experiments\lr=1e-04_z=100_bs=64_seed=142,lr_experiments\lr=1e-04_z=100_bs=64_seed=142\training.log,497,LR=1e-5
lr=1e-05_z=100_bs=64_seed=142,lr=1e-5_z=100_bs=64_seed=142,1e-05,1e-5,100,64,142,lr=1e-5_z=100_bs=64,"LR=1e-5, z=100, batch size=64",75,284.71,2026-06-01 22:59:36.868,lr_experiments\lr=1e-04_z=100_bs=64_seed=142,lr_experiments\lr=1e-04_z=100_bs=64_seed=142\training.log,498,LR=1e-5
lr=1e-05_z=100_bs=64_seed=142,lr=1e-5_z=100_bs=64_seed=142,1e-05,1e-5,100,64,142,lr=1e-5_z=100_bs=64,"LR=1e-5, z=100, batch size=64",76,298.09,2026-06-01 23:01:08.234,lr_experiments\lr=1e-04_z=100_bs=64_seed=142,lr_experiments\lr=1e-04_z=100_bs=64_seed=142\training.log,499,LR=1e-5
lr=1e-05_z=100_bs=64_seed=142,lr=1e-5_z=100_bs=64_seed=142,1e-05,1e-5,100,64,142,lr=1e-5_z=100_bs=64,"LR=1e-5, z=100, batch size=64",77,265.14,2026-06-01 23:02:39.912,lr_experiments\lr=1e-04_z=100_bs=64_seed=142,lr_experiments\lr=1e-04_z=100_bs=64_seed=142\training.log,500,LR=1e-5
lr=1e-05_z=100_bs=64_seed=142,lr=1e-5_z=100_bs=64_seed=142,1e-05,1e-5,100,64,142,lr=1e-5_z=100_bs=64,"LR=1e-5, z=100, batch size=64",78,266.08,2026-06-01 23:04:09.069,lr_experiments\lr=1e-04_z=100_bs=64_seed=142,lr_experiments\lr=1e-04_z=100_bs=64_seed=142\training.log,501,LR=1e-5
lr=1e-05_z=100_bs=64_seed=142,lr=1e-5_z=100_bs=64_seed=142,1e-05,1e-5,100,64,142,lr=1e-5_z=100_bs=64,"LR=1e-5, z=100, batch size=64",79,301.61,2026-06-01 23:05:39.295,lr_experiments\lr=1e-04_z=100_bs=64_seed=142,lr_experiments\lr=1e-04_z=100_bs=64_seed=142\training.log,502,LR=1e-5
lr=1e-05_z=100_bs=64_seed=142,lr=1e-5_z=100_bs=64_seed=142,1e-05,1e-5,100,64,142,lr=1e-5_z=100_bs=64,"LR=1e-5, z=100, batch size=64",80,267.39,2026-06-01 23:07:19.804,lr_experiments\lr=1e-04_z=100_bs=64_seed=142,lr_experiments\lr=1e-04_z=100_bs=64_seed=142\training.log,503,LR=1e-5
lr=1e-05_z=100_bs=64_seed=142,lr=1e-5_z=100_bs=64_seed=142,1e-05,1e-5,100,64,142,lr=1e-5_z=100_bs=64,"LR=1e-5, z=100, batch size=64",81,258.1,2026-06-01 23:08:50.337,lr_experiments\lr=1e-04_z=100_bs=64_seed=142,lr_experiments\lr=1e-04_z=100_bs=64_seed=142\training.log,504,LR=1e-5
lr=1e-05_z=100_bs=64_seed=142,lr=1e-5_z=100_bs=64_seed=142,1e-05,1e-5,100,64,142,lr=1e-5_z=100_bs=64,"LR=1e-5, z=100, batch size=64",82,271.3,2026-06-01 23:10:40.241,lr_experiments\lr=1e-04_z=100_bs=64_seed=142,lr_experiments\lr=1e-04_z=100_bs=64_seed=142\training.log,505,LR=1e-5
lr=1e-05_z=100_bs=64_seed=142,lr=1e-5_z=100_bs=64_seed=142,1e-05,1e-5,100,64,142,lr=1e-5_z=100_bs=64,"LR=1e-5, z=100, batch size=64",83,258.17,2026-06-01 23:12:10.285,lr_experiments\lr=1e-04_z=100_bs=64_seed=142,lr_experiments\lr=1e-04_z=100_bs=64_seed=142\training.log,506,LR=1e-5
lr=1e-05_z=100_bs=64_seed=142,lr=1e-5_z=100_bs=64_seed=142,1e-05,1e-5,100,64,142,lr=1e-5_z=100_bs=64,"LR=1e-5, z=100, batch size=64",84,260.75,2026-06-01 23:13:40.885,lr_experiments\lr=1e-04_z=100_bs=64_seed=142,lr_experiments\lr=1e-04_z=100_bs=64_seed=142\training.log,507,LR=1e-5
lr=1e-05_z=100_bs=64_seed=142,lr=1e-5_z=100_bs=64_seed=142,1e-05,1e-5,100,64,142,lr=1e-5_z=100_bs=64,"LR=1e-5, z=100, batch size=64",85,279.72,2026-06-01 23:15:20.242,lr_experiments\lr=1e-04_z=100_bs=64_seed=142,lr_experiments\lr=1e-04_z=100_bs=64_seed=142\training.log,508,LR=1e-5
lr=1e-05_z=100_bs=64_seed=142,lr=1e-5_z=100_bs=64_seed=142,1e-05,1e-5,100,64,142,lr=1e-5_z=100_bs=64,"LR=1e-5, z=100, batch size=64",86,262.01,2026-06-01 23:16:50.303,lr_experiments\lr=1e-04_z=100_bs=64_seed=142,lr_experiments\lr=1e-04_z=100_bs=64_seed=142\training.log,509,LR=1e-5
lr=1e-05_z=100_bs=64_seed=142,lr=1e-5_z=100_bs=64_seed=142,1e-05,1e-5,100,64,142,lr=1e-5_z=100_bs=64,"LR=1e-5, z=100, batch size=64",87,274.88,2026-06-01 23:18:29.977,lr_experiments\lr=1e-04_z=100_bs=64_seed=142,lr_experiments\lr=1e-04_z=100_bs=64_seed=142\training.log,510,LR=1e-5
lr=1e-05_z=100_bs=64_seed=142,lr=1e-5_z=100_bs=64_seed=142,1e-05,1e-5,100,64,142,lr=1e-5_z=100_bs=64,"LR=1e-5, z=100, batch size=64",88,272.59,2026-06-01 23:19:59.171,lr_experiments\lr=1e-04_z=100_bs=64_seed=142,lr_experiments\lr=1e-04_z=100_bs=64_seed=142\training.log,511,LR=1e-5
lr=1e-05_z=100_bs=64_seed=142,lr=1e-5_z=100_bs=64_seed=142,1e-05,1e-5,100,64,142,lr=1e-5_z=100_bs=64,"LR=1e-5, z=100, batch size=64",89,282.3,2026-06-01 23:21:28.643,lr_experiments\lr=1e-04_z=100_bs=64_seed=142,lr_experiments\lr=1e-04_z=100_bs=64_seed=142\training.log,512,LR=1e-5
lr=1e-05_z=100_bs=64_seed=142,lr=1e-5_z=100_bs=64_seed=142,1e-05,1e-5,100,64,142,lr=1e-5_z=100_bs=64,"LR=1e-5, z=100, batch size=64",90,285.04,2026-06-01 23:23:08.079,lr_experiments\lr=1e-04_z=100_bs=64_seed=142,lr_experiments\lr=1e-04_z=100_bs=64_seed=142\training.log,513,LR=1e-5
lr=1e-05_z=100_bs=64_seed=142,lr=1e-5_z=100_bs=64_seed=142,1e-05,1e-5,100,64,142,lr=1e-5_z=100_bs=64,"LR=1e-5, z=100, batch size=64",91,275.83,2026-06-01 23:24:38.068,lr_experiments\lr=1e-04_z=100_bs=64_seed=142,lr_experiments\lr=1e-04_z=100_bs=64_seed=142\training.log,514,LR=1e-5
lr=1e-05_z=100_bs=64_seed=142,lr=1e-5_z=100_bs=64_seed=142,1e-05,1e-5,100,64,142,lr=1e-5_z=100_bs=64,"LR=1e-5, z=100, batch size=64",92,291.8,2026-06-01 23:26:19.349,lr_experiments\lr=1e-04_z=100_bs=64_seed=142,lr_experiments\lr=1e-04_z=100_bs=64_seed=142\training.log,515,LR=1e-5
lr=1e-05_z=100_bs=64_seed=142,lr=1e-5_z=100_bs=64_seed=142,1e-05,1e-5,100,64,142,lr=1e-5_z=100_bs=64,"LR=1e-5, z=100, batch size=64",93,272.34,2026-06-01 23:27:48.608,lr_experiments\lr=1e-04_z=100_bs=64_seed=142,lr_experiments\lr=1e-04_z=100_bs=64_seed=142\training.log,516,LR=1e-5
lr=1e-05_z=100_bs=64_seed=142,lr=1e-5_z=100_bs=64_seed=142,1e-05,1e-5,100,64,142,lr=1e-5_z=100_bs=64,"LR=1e-5, z=100, batch size=64",94,268.75,2026-06-01 23:29:19.140,lr_experiments\lr=1e-04_z=100_bs=64_seed=142,lr_experiments\lr=1e-04_z=100_bs=64_seed=142\training.log,517,LR=1e-5
lr=1e-05_z=100_bs=64_seed=142,lr=1e-5_z=100_bs=64_seed=142,1e-05,1e-5,100,64,142,lr=1e-5_z=100_bs=64,"LR=1e-5, z=100, batch size=64",95,289.83,2026-06-01 23:30:48.616,lr_experiments\lr=1e-04_z=100_bs=64_seed=142,lr_experiments\lr=1e-04_z=100_bs=64_seed=142\training.log,518,LR=1e-5
lr=1e-05_z=100_bs=64_seed=142,lr=1e-5_z=100_bs=64_seed=142,1e-05,1e-5,100,64,142,lr=1e-5_z=100_bs=64,"LR=1e-5, z=100, batch size=64",96,252.45,2026-06-01 23:32:17.662,lr_experiments\lr=1e-04_z=100_bs=64_seed=142,lr_experiments\lr=1e-04_z=100_bs=64_seed=142\training.log,519,LR=1e-5
lr=1e-05_z=100_bs=64_seed=142,lr=1e-5_z=100_bs=64_seed=142,1e-05,1e-5,100,64,142,lr=1e-5_z=100_bs=64,"LR=1e-5, z=100, batch size=64",97,259.67,2026-06-01 23:33:57.378,lr_experiments\lr=1e-04_z=100_bs=64_seed=142,lr_experiments\lr=1e-04_z=100_bs=64_seed=142\training.log,520,LR=1e-5
lr=1e-05_z=100_bs=64_seed=142,lr=1e-5_z=100_bs=64_seed=142,1e-05,1e-5,100,64,142,lr=1e-5_z=100_bs=64,"LR=1e-5, z=100, batch size=64",98,240.97,2026-06-01 23:35:26.928,lr_experiments\lr=1e-04_z=100_bs=64_seed=142,lr_experiments\lr=1e-04_z=100_bs=64_seed=142\training.log,522,LR=1e-5
lr=1e-05_z=100_bs=64_seed=142,lr=1e-5_z=100_bs=64_seed=142,1e-05,1e-5,100,64,142,lr=1e-5_z=100_bs=64,"LR=1e-5, z=100, batch size=64",99,297.11,2026-06-01 23:37:06.210,lr_experiments\lr=1e-04_z=100_bs=64_seed=142,lr_experiments\lr=1e-04_z=100_bs=64_seed=142\training.log,523,LR=1e-5
lr=1e-05_z=100_bs=64_seed=142,lr=1e-5_z=100_bs=64_seed=142,1e-05,1e-5,100,64,142,lr=1e-5_z=100_bs=64,"LR=1e-5, z=100, batch size=64",100,287.74,2026-06-01 23:38:36.177,lr_experiments\lr=1e-04_z=100_bs=64_seed=142,lr_experiments\lr=1e-04_z=100_bs=64_seed=142\training.log,524,LR=1e-5
lr=1e-05_z=100_bs=64_seed=242,lr=1e-5_z=100_bs=64_seed=242,1e-05,1e-5,100,64,242,lr=1e-5_z=100_bs=64,"LR=1e-5, z=100, batch size=64",1,459.2,2026-06-01 23:46:44.063,lr_experiments\lr=1e-04_z=100_bs=64_seed=142,lr_experiments\lr=1e-04_z=100_bs=64_seed=142\training.log,532,LR=1e-5
lr=1e-05_z=100_bs=64_seed=242,lr=1e-5_z=100_bs=64_seed=242,1e-05,1e-5,100,64,242,lr=1e-5_z=100_bs=64,"LR=1e-5, z=100, batch size=64",2,411.02,2026-06-01 23:48:12.378,lr_experiments\lr=1e-04_z=100_bs=64_seed=142,lr_experiments\lr=1e-04_z=100_bs=64_seed=142\training.log,534,LR=1e-5
lr=1e-05_z=100_bs=64_seed=242,lr=1e-5_z=100_bs=64_seed=242,1e-05,1e-5,100,64,242,lr=1e-5_z=100_bs=64,"LR=1e-5, z=100, batch size=64",3,414.34,2026-06-01 23:49:41.321,lr_experiments\lr=1e-04_z=100_bs=64_seed=142,lr_experiments\lr=1e-04_z=100_bs=64_seed=142\training.log,535,LR=1e-5
lr=1e-05_z=100_bs=64_seed=242,lr=1e-5_z=100_bs=64_seed=242,1e-05,1e-5,100,64,242,lr=1e-5_z=100_bs=64,"LR=1e-5, z=100, batch size=64",4,443.57,2026-06-01 23:51:30.503,lr_experiments\lr=1e-04_z=100_bs=64_seed=142,lr_experiments\lr=1e-04_z=100_bs=64_seed=142\training.log,536,LR=1e-5
lr=1e-05_z=100_bs=64_seed=242,lr=1e-5_z=100_bs=64_seed=242,1e-05,1e-5,100,64,242,lr=1e-5_z=100_bs=64,"LR=1e-5, z=100, batch size=64",5,417.31,2026-06-01 23:52:59.563,lr_experiments\lr=1e-04_z=100_bs=64_seed=142,lr_experiments\lr=1e-04_z=100_bs=64_seed=142\training.log,537,LR=1e-5
lr=1e-05_z=100_bs=64_seed=242,lr=1e-5_z=100_bs=64_seed=242,1e-05,1e-5,100,64,242,lr=1e-5_z=100_bs=64,"LR=1e-5, z=100, batch size=64",6,387.56,2026-06-01 23:54:40.060,lr_experiments\lr=1e-04_z=100_bs=64_seed=142,lr_experiments\lr=1e-04_z=100_bs=64_seed=142\training.log,539,LR=1e-5
lr=1e-05_z=100_bs=64_seed=242,lr=1e-5_z=100_bs=64_seed=242,1e-05,1e-5,100,64,242,lr=1e-5_z=100_bs=64,"LR=1e-5, z=100, batch size=64",7,412.14,2026-06-01 23:56:09.884,lr_experiments\lr=1e-04_z=100_bs=64_seed=142,lr_experiments\lr=1e-04_z=100_bs=64_seed=142\training.log,540,LR=1e-5
lr=1e-05_z=100_bs=64_seed=242,lr=1e-5_z=100_bs=64_seed=242,1e-05,1e-5,100,64,242,lr=1e-5_z=100_bs=64,"LR=1e-5, z=100, batch size=64",8,395.17,2026-06-01 23:57:39.229,lr_experiments\lr=1e-04_z=100_bs=64_seed=142,lr_experiments\lr=1e-04_z=100_bs=64_seed=142\training.log,541,LR=1e-5
lr=1e-05_z=100_bs=64_seed=242,lr=1e-5_z=100_bs=64_seed=242,1e-05,1e-5,100,64,242,lr=1e-5_z=100_bs=64,"LR=1e-5, z=100, batch size=64",9,368.07,2026-06-01 23:59:08.568,lr_experiments\lr=1e-04_z=100_bs=64_seed=142,lr_experiments\lr=1e-04_z=100_bs=64_seed=142\training.log,543,LR=1e-5
lr=1e-05_z=100_bs=64_seed=242,lr=1e-5_z=100_bs=64_seed=242,1e-05,1e-5,100,64,242,lr=1e-5_z=100_bs=64,"LR=1e-5, z=100, batch size=64",10,328.21,2026-06-02 00:00:38.348,lr_experiments\lr=1e-04_z=100_bs=64_seed=142,lr_experiments\lr=1e-04_z=100_bs=64_seed=142\training.log,545,LR=1e-5
lr=1e-05_z=100_bs=64_seed=242,lr=1e-5_z=100_bs=64_seed=242,1e-05,1e-5,100,64,242,lr=1e-5_z=100_bs=64,"LR=1e-5, z=100, batch size=64",11,313.41,2026-06-02 00:02:17.778,lr_experiments\lr=1e-04_z=100_bs=64_seed=142,lr_experiments\lr=1e-04_z=100_bs=64_seed=142\training.log,547,LR=1e-5
lr=1e-05_z=100_bs=64_seed=242,lr=1e-5_z=100_bs=64_seed=242,1e-05,1e-5,100,64,242,lr=1e-5_z=100_bs=64,"LR=1e-5, z=100, batch size=64",12,271.28,2026-06-02 00:03:47.241,lr_experiments\lr=1e-04_z=100_bs=64_seed=142,lr_experiments\lr=1e-04_z=100_bs=64_seed=142\training.log,549,LR=1e-5
lr=1e-05_z=100_bs=64_seed=242,lr=1e-5_z=100_bs=64_seed=242,1e-05,1e-5,100,64,242,lr=1e-5_z=100_bs=64,"LR=1e-5, z=100, batch size=64",13,303.21,2026-06-02 00:05:25.767,lr_experiments\lr=1e-04_z=100_bs=64_seed=142,lr_experiments\lr=1e-04_z=100_bs=64_seed=142\training.log,550,LR=1e-5
lr=1e-05_z=100_bs=64_seed=242,lr=1e-5_z=100_bs=64_seed=242,1e-05,1e-5,100,64,242,lr=1e-5_z=100_bs=64,"LR=1e-5, z=100, batch size=64",14,339.46,2026-06-02 00:06:54.660,lr_experiments\lr=1e-04_z=100_bs=64_seed=142,lr_experiments\lr=1e-04_z=100_bs=64_seed=142\training.log,551,LR=1e-5
lr=1e-05_z=100_bs=64_seed=242,lr=1e-5_z=100_bs=64_seed=242,1e-05,1e-5,100,64,242,lr=1e-5_z=100_bs=64,"LR=1e-5, z=100, batch size=64",15,315.58,2026-06-02 00:08:24.642,lr_experiments\lr=1e-04_z=100_bs=64_seed=142,lr_experiments\lr=1e-04_z=100_bs=64_seed=142\training.log,552,LR=1e-5
lr=1e-05_z=100_bs=64_seed=242,lr=1e-5_z=100_bs=64_seed=242,1e-05,1e-5,100,64,242,lr=1e-5_z=100_bs=64,"LR=1e-5, z=100, batch size=64",16,307.73,2026-06-02 00:10:14.712,lr_experiments\lr=1e-04_z=100_bs=64_seed=142,lr_experiments\lr=1e-04_z=100_bs=64_seed=142\training.log,553,LR=1e-5
lr=1e-05_z=100_bs=64_seed=242,lr=1e-5_z=100_bs=64_seed=242,1e-05,1e-5,100,64,242,lr=1e-5_z=100_bs=64,"LR=1e-5, z=100, batch size=64",17,279.26,2026-06-02 00:11:45.106,lr_experiments\lr=1e-04_z=100_bs=64_seed=142,lr_experiments\lr=1e-04_z=100_bs=64_seed=142\training.log,554,LR=1e-5
lr=1e-05_z=100_bs=64_seed=242,lr=1e-5_z=100_bs=64_seed=242,1e-05,1e-5,100,64,242,lr=1e-5_z=100_bs=64,"LR=1e-5, z=100, batch size=64",18,321.74,2026-06-02 00:13:25.138,lr_experiments\lr=1e-04_z=100_bs=64_seed=142,lr_experiments\lr=1e-04_z=100_bs=64_seed=142\training.log,555,LR=1e-5
lr=1e-05_z=100_bs=64_seed=242,lr=1e-5_z=100_bs=64_seed=242,1e-05,1e-5,100,64,242,lr=1e-5_z=100_bs=64,"LR=1e-5, z=100, batch size=64",19,290.06,2026-06-02 00:14:54.611,lr_experiments\lr=1e-04_z=100_bs=64_seed=142,lr_experiments\lr=1e-04_z=100_bs=64_seed=142\training.log,556,LR=1e-5
lr=1e-05_z=100_bs=64_seed=242,lr=1e-5_z=100_bs=64_seed=242,1e-05,1e-5,100,64,242,lr=1e-5_z=100_bs=64,"LR=1e-5, z=100, batch size=64",20,317.18,2026-06-02 00:16:24.714,lr_experiments\lr=1e-04_z=100_bs=64_seed=142,lr_experiments\lr=1e-04_z=100_bs=64_seed=142\training.log,557,LR=1e-5
lr=1e-05_z=100_bs=64_seed=242,lr=1e-5_z=100_bs=64_seed=242,1e-05,1e-5,100,64,242,lr=1e-5_z=100_bs=64,"LR=1e-5, z=100, batch size=64",21,304.22,2026-06-02 00:17:53.448,lr_experiments\lr=1e-04_z=100_bs=64_seed=142,lr_experiments\lr=1e-04_z=100_bs=64_seed=142\training.log,558,LR=1e-5
lr=1e-05_z=100_bs=64_seed=242,lr=1e-5_z=100_bs=64_seed=242,1e-05,1e-5,100,64,242,lr=1e-5_z=100_bs=64,"LR=1e-5, z=100, batch size=64",22,387.23,2026-06-02 00:19:23.472,lr_experiments\lr=1e-04_z=100_bs=64_seed=142,lr_experiments\lr=1e-04_z=100_bs=64_seed=142\training.log,559,LR=1e-5
lr=1e-05_z=100_bs=64_seed=242,lr=1e-5_z=100_bs=64_seed=242,1e-05,1e-5,100,64,242,lr=1e-5_z=100_bs=64,"LR=1e-5, z=100, batch size=64",23,332.8,2026-06-02 00:21:02.474,lr_experiments\lr=1e-04_z=100_bs=64_seed=142,lr_experiments\lr=1e-04_z=100_bs=64_seed=142\training.log,560,LR=1e-5
lr=1e-05_z=100_bs=64_seed=242,lr=1e-5_z=100_bs=64_seed=242,1e-05,1e-5,100,64,242,lr=1e-5_z=100_bs=64,"LR=1e-5, z=100, batch size=64",24,329.26,2026-06-02 00:22:31.095,lr_experiments\lr=1e-04_z=100_bs=64_seed=142,lr_experiments\lr=1e-04_z=100_bs=64_seed=142\training.log,561,LR=1e-5
lr=1e-05_z=100_bs=64_seed=242,lr=1e-5_z=100_bs=64_seed=242,1e-05,1e-5,100,64,242,lr=1e-5_z=100_bs=64,"LR=1e-5, z=100, batch size=64",25,288.49,2026-06-02 00:24:10.779,lr_experiments\lr=1e-04_z=100_bs=64_seed=142,lr_experiments\lr=1e-04_z=100_bs=64_seed=142\training.log,562,LR=1e-5
lr=1e-05_z=100_bs=64_seed=242,lr=1e-5_z=100_bs=64_seed=242,1e-05,1e-5,100,64,242,lr=1e-5_z=100_bs=64,"LR=1e-5, z=100, batch size=64",26,429.11,2026-06-02 00:25:40.391,lr_experiments\lr=1e-04_z=100_bs=64_seed=142,lr_experiments\lr=1e-04_z=100_bs=64_seed=142\training.log,563,LR=1e-5
lr=1e-05_z=100_bs=64_seed=242,lr=1e-5_z=100_bs=64_seed=242,1e-05,1e-5,100,64,242,lr=1e-5_z=100_bs=64,"LR=1e-5, z=100, batch size=64",27,306.11,2026-06-02 00:27:10.196,lr_experiments\lr=1e-04_z=100_bs=64_seed=142,lr_experiments\lr=1e-04_z=100_bs=64_seed=142\training.log,564,LR=1e-5
lr=1e-05_z=100_bs=64_seed=242,lr=1e-5_z=100_bs=64_seed=242,1e-05,1e-5,100,64,242,lr=1e-5_z=100_bs=64,"LR=1e-5, z=100, batch size=64",28,308.3,2026-06-02 00:28:50.242,lr_experiments\lr=1e-04_z=100_bs=64_seed=142,lr_experiments\lr=1e-04_z=100_bs=64_seed=142\training.log,565,LR=1e-5
lr=1e-05_z=100_bs=64_seed=242,lr=1e-5_z=100_bs=64_seed=242,1e-05,1e-5,100,64,242,lr=1e-5_z=100_bs=64,"LR=1e-5, z=100, batch size=64",29,304.35,2026-06-02 00:30:18.677,lr_experiments\lr=1e-04_z=100_bs=64_seed=142,lr_experiments\lr=1e-04_z=100_bs=64_seed=142\training.log,566,LR=1e-5
lr=1e-05_z=100_bs=64_seed=242,lr=1e-5_z=100_bs=64_seed=242,1e-05,1e-5,100,64,242,lr=1e-5_z=100_bs=64,"LR=1e-5, z=100, batch size=64",30,272.94,2026-06-02 00:31:57.377,lr_experiments\lr=1e-04_z=100_bs=64_seed=142,lr_experiments\lr=1e-04_z=100_bs=64_seed=142\training.log,567,LR=1e-5
lr=1e-05_z=100_bs=64_seed=242,lr=1e-5_z=100_bs=64_seed=242,1e-05,1e-5,100,64,242,lr=1e-5_z=100_bs=64,"LR=1e-5, z=100, batch size=64",31,364.25,2026-06-02 00:33:25.072,lr_experiments\lr=1e-04_z=100_bs=64_seed=142,lr_experiments\lr=1e-04_z=100_bs=64_seed=142\training.log,568,LR=1e-5
lr=1e-05_z=100_bs=64_seed=242,lr=1e-5_z=100_bs=64_seed=242,1e-05,1e-5,100,64,242,lr=1e-5_z=100_bs=64,"LR=1e-5, z=100, batch size=64",32,332.03,2026-06-02 00:34:53.578,lr_experiments\lr=1e-04_z=100_bs=64_seed=142,lr_experiments\lr=1e-04_z=100_bs=64_seed=142\training.log,569,LR=1e-5
lr=1e-05_z=100_bs=64_seed=242,lr=1e-5_z=100_bs=64_seed=242,1e-05,1e-5,100,64,242,lr=1e-5_z=100_bs=64,"LR=1e-5, z=100, batch size=64",33,413.11,2026-06-02 00:36:42.457,lr_experiments\lr=1e-04_z=100_bs=64_seed=142,lr_experiments\lr=1e-04_z=100_bs=64_seed=142\training.log,570,LR=1e-5
lr=1e-05_z=100_bs=64_seed=242,lr=1e-5_z=100_bs=64_seed=242,1e-05,1e-5,100,64,242,lr=1e-5_z=100_bs=64,"LR=1e-5, z=100, batch size=64",34,313.55,2026-06-01 19:01:22.131,lr_experiments\lr=1e-05_z=100_bs=64_seed=242,lr_experiments\lr=1e-05_z=100_bs=64_seed=242\training (1).log,317,LR=1e-5
lr=1e-05_z=100_bs=64_seed=242,lr=1e-5_z=100_bs=64_seed=242,1e-05,1e-5,100,64,242,lr=1e-5_z=100_bs=64,"LR=1e-5, z=100, batch size=64",35,329.98,2026-06-01 19:02:31.741,lr_experiments\lr=1e-05_z=100_bs=64_seed=242,lr_experiments\lr=1e-05_z=100_bs=64_seed=242\training (1).log,318,LR=1e-5
lr=1e-05_z=100_bs=64_seed=242,lr=1e-5_z=100_bs=64_seed=242,1e-05,1e-5,100,64,242,lr=1e-5_z=100_bs=64,"LR=1e-5, z=100, batch size=64",36,330.13,2026-06-01 19:03:01.481,lr_experiments\lr=1e-05_z=100_bs=64_seed=242,lr_experiments\lr=1e-05_z=100_bs=64_seed=242\training (1).log,319,LR=1e-5
lr=1e-05_z=100_bs=64_seed=242,lr=1e-5_z=100_bs=64_seed=242,1e-05,1e-5,100,64,242,lr=1e-5_z=100_bs=64,"LR=1e-5, z=100, batch size=64",37,331.91,2026-06-01 19:03:31.660,lr_experiments\lr=1e-05_z=100_bs=64_seed=242,lr_experiments\lr=1e-05_z=100_bs=64_seed=242\training (1).log,320,LR=1e-5
lr=1e-05_z=100_bs=64_seed=242,lr=1e-5_z=100_bs=64_seed=242,1e-05,1e-5,100,64,242,lr=1e-5_z=100_bs=64,"LR=1e-5, z=100, batch size=64",38,320.44,2026-06-01 19:04:12.812,lr_experiments\lr=1e-05_z=100_bs=64_seed=242,lr_experiments\lr=1e-05_z=100_bs=64_seed=242\training (1).log,321,LR=1e-5
lr=1e-05_z=100_bs=64_seed=242,lr=1e-5_z=100_bs=64_seed=242,1e-05,1e-5,100,64,242,lr=1e-5_z=100_bs=64,"LR=1e-5, z=100, batch size=64",39,312.68,2026-06-01 19:05:21.551,lr_experiments\lr=1e-05_z=100_bs=64_seed=242,lr_experiments\lr=1e-05_z=100_bs=64_seed=242\training (1).log,322,LR=1e-5
lr=1e-05_z=100_bs=64_seed=242,lr=1e-5_z=100_bs=64_seed=242,1e-05,1e-5,100,64,242,lr=1e-5_z=100_bs=64,"LR=1e-5, z=100, batch size=64",40,306.36,2026-06-01 19:05:51.789,lr_experiments\lr=1e-05_z=100_bs=64_seed=242,lr_experiments\lr=1e-05_z=100_bs=64_seed=242\training (1).log,323,LR=1e-5
lr=1e-05_z=100_bs=64_seed=242,lr=1e-5_z=100_bs=64_seed=242,1e-05,1e-5,100,64,242,lr=1e-5_z=100_bs=64,"LR=1e-5, z=100, batch size=64",41,316.89,2026-06-01 19:07:01.122,lr_experiments\lr=1e-05_z=100_bs=64_seed=242,lr_experiments\lr=1e-05_z=100_bs=64_seed=242\training (1).log,324,LR=1e-5
lr=1e-05_z=100_bs=64_seed=242,lr=1e-5_z=100_bs=64_seed=242,1e-05,1e-5,100,64,242,lr=1e-5_z=100_bs=64,"LR=1e-5, z=100, batch size=64",42,301.97,2026-06-01 19:07:31.448,lr_experiments\lr=1e-05_z=100_bs=64_seed=242,lr_experiments\lr=1e-05_z=100_bs=64_seed=242\training (1).log,325,LR=1e-5
lr=1e-05_z=100_bs=64_seed=242,lr=1e-5_z=100_bs=64_seed=242,1e-05,1e-5,100,64,242,lr=1e-5_z=100_bs=64,"LR=1e-5, z=100, batch size=64",43,339.81,2026-06-01 19:08:41.223,lr_experiments\lr=1e-05_z=100_bs=64_seed=242,lr_experiments\lr=1e-05_z=100_bs=64_seed=242\training (1).log,326,LR=1e-5
lr=1e-05_z=100_bs=64_seed=242,lr=1e-5_z=100_bs=64_seed=242,1e-05,1e-5,100,64,242,lr=1e-5_z=100_bs=64,"LR=1e-5, z=100, batch size=64",44,286.21,2026-06-01 19:09:11.535,lr_experiments\lr=1e-05_z=100_bs=64_seed=242,lr_experiments\lr=1e-05_z=100_bs=64_seed=242\training (1).log,327,LR=1e-5
lr=1e-05_z=100_bs=64_seed=242,lr=1e-5_z=100_bs=64_seed=242,1e-05,1e-5,100,64,242,lr=1e-5_z=100_bs=64,"LR=1e-5, z=100, batch size=64",45,306.69,2026-06-01 19:10:21.285,lr_experiments\lr=1e-05_z=100_bs=64_seed=242,lr_experiments\lr=1e-05_z=100_bs=64_seed=242\training (1).log,328,LR=1e-5
lr=1e-05_z=100_bs=64_seed=242,lr=1e-5_z=100_bs=64_seed=242,1e-05,1e-5,100,64,242,lr=1e-5_z=100_bs=64,"LR=1e-5, z=100, batch size=64",46,323.05,2026-06-01 19:10:51.059,lr_experiments\lr=1e-05_z=100_bs=64_seed=242,lr_experiments\lr=1e-05_z=100_bs=64_seed=242\training (1).log,329,LR=1e-5
lr=1e-05_z=100_bs=64_seed=242,lr=1e-5_z=100_bs=64_seed=242,1e-05,1e-5,100,64,242,lr=1e-5_z=100_bs=64,"LR=1e-5, z=100, batch size=64",47,309.4,2026-06-01 19:12:00.734,lr_experiments\lr=1e-05_z=100_bs=64_seed=242,lr_experiments\lr=1e-05_z=100_bs=64_seed=242\training (1).log,330,LR=1e-5
lr=1e-05_z=100_bs=64_seed=242,lr=1e-5_z=100_bs=64_seed=242,1e-05,1e-5,100,64,242,lr=1e-5_z=100_bs=64,"LR=1e-5, z=100, batch size=64",48,337.19,2026-06-01 19:12:31.603,lr_experiments\lr=1e-05_z=100_bs=64_seed=242,lr_experiments\lr=1e-05_z=100_bs=64_seed=242\training (1).log,331,LR=1e-5
lr=1e-05_z=100_bs=64_seed=242,lr=1e-5_z=100_bs=64_seed=242,1e-05,1e-5,100,64,242,lr=1e-5_z=100_bs=64,"LR=1e-5, z=100, batch size=64",49,306.23,2026-06-01 19:13:41.223,lr_experiments\lr=1e-05_z=100_bs=64_seed=242,lr_experiments\lr=1e-05_z=100_bs=64_seed=242\training (1).log,332,LR=1e-5
lr=1e-05_z=100_bs=64_seed=242,lr=1e-5_z=100_bs=64_seed=242,1e-05,1e-5,100,64,242,lr=1e-5_z=100_bs=64,"LR=1e-5, z=100, batch size=64",50,318.16,2026-06-01 19:14:11.267,lr_experiments\lr=1e-05_z=100_bs=64_seed=242,lr_experiments\lr=1e-05_z=100_bs=64_seed=242\training (1).log,333,LR=1e-5
lr=1e-05_z=100_bs=64_seed=242,lr=1e-5_z=100_bs=64_seed=242,1e-05,1e-5,100,64,242,lr=1e-5_z=100_bs=64,"LR=1e-5, z=100, batch size=64",51,313.79,2026-06-01 19:15:20.612,lr_experiments\lr=1e-05_z=100_bs=64_seed=242,lr_experiments\lr=1e-05_z=100_bs=64_seed=242\training (1).log,334,LR=1e-5
lr=1e-05_z=100_bs=64_seed=242,lr=1e-5_z=100_bs=64_seed=242,1e-05,1e-5,100,64,242,lr=1e-5_z=100_bs=64,"LR=1e-5, z=100, batch size=64",52,294.35,2026-06-01 19:15:50.922,lr_experiments\lr=1e-05_z=100_bs=64_seed=242,lr_experiments\lr=1e-05_z=100_bs=64_seed=242\training (1).log,335,LR=1e-5
lr=1e-05_z=100_bs=64_seed=242,lr=1e-5_z=100_bs=64_seed=242,1e-05,1e-5,100,64,242,lr=1e-5_z=100_bs=64,"LR=1e-5, z=100, batch size=64",53,272.54,2026-06-01 19:16:21.892,lr_experiments\lr=1e-05_z=100_bs=64_seed=242,lr_experiments\lr=1e-05_z=100_bs=64_seed=242\training (1).log,336,LR=1e-5
lr=1e-05_z=100_bs=64_seed=242,lr=1e-5_z=100_bs=64_seed=242,1e-05,1e-5,100,64,242,lr=1e-5_z=100_bs=64,"LR=1e-5, z=100, batch size=64",54,290.4,2026-06-01 19:17:03.686,lr_experiments\lr=1e-05_z=100_bs=64_seed=242,lr_experiments\lr=1e-05_z=100_bs=64_seed=242\training (1).log,337,LR=1e-5
lr=1e-05_z=100_bs=64_seed=242,lr=1e-5_z=100_bs=64_seed=242,1e-05,1e-5,100,64,242,lr=1e-5_z=100_bs=64,"LR=1e-5, z=100, batch size=64",55,265.5,2026-06-01 19:18:13.475,lr_experiments\lr=1e-05_z=100_bs=64_seed=242,lr_experiments\lr=1e-05_z=100_bs=64_seed=242\training (1).log,339,LR=1e-5
lr=1e-05_z=100_bs=64_seed=242,lr=1e-5_z=100_bs=64_seed=242,1e-05,1e-5,100,64,242,lr=1e-5_z=100_bs=64,"LR=1e-5, z=100, batch size=64",56,276.28,2026-06-01 19:18:44.315,lr_experiments\lr=1e-05_z=100_bs=64_seed=242,lr_experiments\lr=1e-05_z=100_bs=64_seed=242\training (1).log,340,LR=1e-5
lr=1e-05_z=100_bs=64_seed=242,lr=1e-5_z=100_bs=64_seed=242,1e-05,1e-5,100,64,242,lr=1e-5_z=100_bs=64,"LR=1e-5, z=100, batch size=64",57,289.12,2026-06-01 19:19:54.481,lr_experiments\lr=1e-05_z=100_bs=64_seed=242,lr_experiments\lr=1e-05_z=100_bs=64_seed=242\training (1).log,341,LR=1e-5
lr=1e-05_z=100_bs=64_seed=242,lr=1e-5_z=100_bs=64_seed=242,1e-05,1e-5,100,64,242,lr=1e-5_z=100_bs=64,"LR=1e-5, z=100, batch size=64",58,291.59,2026-06-01 19:20:24.712,lr_experiments\lr=1e-05_z=100_bs=64_seed=242,lr_experiments\lr=1e-05_z=100_bs=64_seed=242\training (1).log,342,LR=1e-5
lr=1e-05_z=100_bs=64_seed=242,lr=1e-5_z=100_bs=64_seed=242,1e-05,1e-5,100,64,242,lr=1e-5_z=100_bs=64,"LR=1e-5, z=100, batch size=64",59,280.4,2026-06-01 19:21:34.203,lr_experiments\lr=1e-05_z=100_bs=64_seed=242,lr_experiments\lr=1e-05_z=100_bs=64_seed=242\training (1).log,343,LR=1e-5
lr=1e-05_z=100_bs=64_seed=242,lr=1e-5_z=100_bs=64_seed=242,1e-05,1e-5,100,64,242,lr=1e-5_z=100_bs=64,"LR=1e-5, z=100, batch size=64",60,277.41,2026-06-01 19:22:04.183,lr_experiments\lr=1e-05_z=100_bs=64_seed=242,lr_experiments\lr=1e-05_z=100_bs=64_seed=242\training (1).log,344,LR=1e-5
lr=1e-05_z=100_bs=64_seed=242,lr=1e-5_z=100_bs=64_seed=242,1e-05,1e-5,100,64,242,lr=1e-5_z=100_bs=64,"LR=1e-5, z=100, batch size=64",61,281.29,2026-06-01 19:23:13.976,lr_experiments\lr=1e-05_z=100_bs=64_seed=242,lr_experiments\lr=1e-05_z=100_bs=64_seed=242\training (1).log,345,LR=1e-5
lr=1e-05_z=100_bs=64_seed=242,lr=1e-5_z=100_bs=64_seed=242,1e-05,1e-5,100,64,242,lr=1e-5_z=100_bs=64,"LR=1e-5, z=100, batch size=64",62,272.26,2026-06-01 19:23:44.365,lr_experiments\lr=1e-05_z=100_bs=64_seed=242,lr_experiments\lr=1e-05_z=100_bs=64_seed=242\training (1).log,346,LR=1e-5
lr=1e-05_z=100_bs=64_seed=242,lr=1e-5_z=100_bs=64_seed=242,1e-05,1e-5,100,64,242,lr=1e-5_z=100_bs=64,"LR=1e-5, z=100, batch size=64",63,280.92,2026-06-01 19:24:54.132,lr_experiments\lr=1e-05_z=100_bs=64_seed=242,lr_experiments\lr=1e-05_z=100_bs=64_seed=242\training (1).log,347,LR=1e-5
lr=1e-05_z=100_bs=64_seed=242,lr=1e-5_z=100_bs=64_seed=242,1e-05,1e-5,100,64,242,lr=1e-5_z=100_bs=64,"LR=1e-5, z=100, batch size=64",64,268.54,2026-06-01 19:25:24.207,lr_experiments\lr=1e-05_z=100_bs=64_seed=242,lr_experiments\lr=1e-05_z=100_bs=64_seed=242\training (1).log,348,LR=1e-5
lr=1e-05_z=100_bs=64_seed=242,lr=1e-5_z=100_bs=64_seed=242,1e-05,1e-5,100,64,242,lr=1e-5_z=100_bs=64,"LR=1e-5, z=100, batch size=64",65,278.66,2026-06-01 19:26:33.388,lr_experiments\lr=1e-05_z=100_bs=64_seed=242,lr_experiments\lr=1e-05_z=100_bs=64_seed=242\training (1).log,349,LR=1e-5
lr=1e-05_z=100_bs=64_seed=242,lr=1e-5_z=100_bs=64_seed=242,1e-05,1e-5,100,64,242,lr=1e-5_z=100_bs=64,"LR=1e-5, z=100, batch size=64",66,268.49,2026-06-01 19:27:04.394,lr_experiments\lr=1e-05_z=100_bs=64_seed=242,lr_experiments\lr=1e-05_z=100_bs=64_seed=242\training (1).log,350,LR=1e-5
lr=1e-05_z=100_bs=64_seed=242,lr=1e-5_z=100_bs=64_seed=242,1e-05,1e-5,100,64,242,lr=1e-5_z=100_bs=64,"LR=1e-5, z=100, batch size=64",67,282.23,2026-06-01 19:28:14.461,lr_experiments\lr=1e-05_z=100_bs=64_seed=242,lr_experiments\lr=1e-05_z=100_bs=64_seed=242\training (1).log,351,LR=1e-5
lr=1e-05_z=100_bs=64_seed=242,lr=1e-5_z=100_bs=64_seed=242,1e-05,1e-5,100,64,242,lr=1e-5_z=100_bs=64,"LR=1e-5, z=100, batch size=64",68,307.47,2026-06-01 19:28:44.679,lr_experiments\lr=1e-05_z=100_bs=64_seed=242,lr_experiments\lr=1e-05_z=100_bs=64_seed=242\training (1).log,352,LR=1e-5
lr=1e-05_z=100_bs=64_seed=242,lr=1e-5_z=100_bs=64_seed=242,1e-05,1e-5,100,64,242,lr=1e-5_z=100_bs=64,"LR=1e-5, z=100, batch size=64",69,286.31,2026-06-01 19:29:53.979,lr_experiments\lr=1e-05_z=100_bs=64_seed=242,lr_experiments\lr=1e-05_z=100_bs=64_seed=242\training (1).log,353,LR=1e-5
lr=1e-05_z=100_bs=64_seed=242,lr=1e-5_z=100_bs=64_seed=242,1e-05,1e-5,100,64,242,lr=1e-5_z=100_bs=64,"LR=1e-5, z=100, batch size=64",70,273.92,2026-06-01 19:30:24.198,lr_experiments\lr=1e-05_z=100_bs=64_seed=242,lr_experiments\lr=1e-05_z=100_bs=64_seed=242\training (1).log,354,LR=1e-5
lr=1e-05_z=100_bs=64_seed=242,lr=1e-5_z=100_bs=64_seed=242,1e-05,1e-5,100,64,242,lr=1e-5_z=100_bs=64,"LR=1e-5, z=100, batch size=64",71,296.66,2026-06-01 19:31:34.155,lr_experiments\lr=1e-05_z=100_bs=64_seed=242,lr_experiments\lr=1e-05_z=100_bs=64_seed=242\training (1).log,355,LR=1e-5
lr=1e-05_z=100_bs=64_seed=242,lr=1e-5_z=100_bs=64_seed=242,1e-05,1e-5,100,64,242,lr=1e-5_z=100_bs=64,"LR=1e-5, z=100, batch size=64",72,262.71,2026-06-01 19:32:04.485,lr_experiments\lr=1e-05_z=100_bs=64_seed=242,lr_experiments\lr=1e-05_z=100_bs=64_seed=242\training (1).log,357,LR=1e-5
lr=1e-05_z=100_bs=64_seed=242,lr=1e-5_z=100_bs=64_seed=242,1e-05,1e-5,100,64,242,lr=1e-5_z=100_bs=64,"LR=1e-5, z=100, batch size=64",73,274.99,2026-06-01 19:33:13.509,lr_experiments\lr=1e-05_z=100_bs=64_seed=242,lr_experiments\lr=1e-05_z=100_bs=64_seed=242\training (1).log,358,LR=1e-5
lr=1e-05_z=100_bs=64_seed=242,lr=1e-5_z=100_bs=64_seed=242,1e-05,1e-5,100,64,242,lr=1e-5_z=100_bs=64,"LR=1e-5, z=100, batch size=64",74,277.88,2026-06-01 19:33:44.232,lr_experiments\lr=1e-05_z=100_bs=64_seed=242,lr_experiments\lr=1e-05_z=100_bs=64_seed=242\training (1).log,359,LR=1e-5
lr=1e-05_z=100_bs=64_seed=242,lr=1e-5_z=100_bs=64_seed=242,1e-05,1e-5,100,64,242,lr=1e-5_z=100_bs=64,"LR=1e-5, z=100, batch size=64",75,279.56,2026-06-01 19:34:14.760,lr_experiments\lr=1e-05_z=100_bs=64_seed=242,lr_experiments\lr=1e-05_z=100_bs=64_seed=242\training (1).log,360,LR=1e-5
lr=1e-05_z=100_bs=64_seed=242,lr=1e-5_z=100_bs=64_seed=242,1e-05,1e-5,100,64,242,lr=1e-5_z=100_bs=64,"LR=1e-5, z=100, batch size=64",76,276.56,2026-06-01 19:34:56.793,lr_experiments\lr=1e-05_z=100_bs=64_seed=242,lr_experiments\lr=1e-05_z=100_bs=64_seed=242\training (1).log,361,LR=1e-5
lr=1e-05_z=100_bs=64_seed=242,lr=1e-5_z=100_bs=64_seed=242,1e-05,1e-5,100,64,242,lr=1e-5_z=100_bs=64,"LR=1e-5, z=100, batch size=64",77,278.39,2026-06-01 19:36:06.912,lr_experiments\lr=1e-05_z=100_bs=64_seed=242,lr_experiments\lr=1e-05_z=100_bs=64_seed=242\training (1).log,362,LR=1e-5
lr=1e-05_z=100_bs=64_seed=242,lr=1e-5_z=100_bs=64_seed=242,1e-05,1e-5,100,64,242,lr=1e-5_z=100_bs=64,"LR=1e-5, z=100, batch size=64",78,267.29,2026-06-01 19:36:37.408,lr_experiments\lr=1e-05_z=100_bs=64_seed=242,lr_experiments\lr=1e-05_z=100_bs=64_seed=242\training (1).log,363,LR=1e-5
lr=1e-05_z=100_bs=64_seed=242,lr=1e-5_z=100_bs=64_seed=242,1e-05,1e-5,100,64,242,lr=1e-5_z=100_bs=64,"LR=1e-5, z=100, batch size=64",79,266.49,2026-06-01 19:37:47.690,lr_experiments\lr=1e-05_z=100_bs=64_seed=242,lr_experiments\lr=1e-05_z=100_bs=64_seed=242\training (1).log,364,LR=1e-5
lr=1e-05_z=100_bs=64_seed=242,lr=1e-5_z=100_bs=64_seed=242,1e-05,1e-5,100,64,242,lr=1e-5_z=100_bs=64,"LR=1e-5, z=100, batch size=64",80,274.0,2026-06-01 19:38:18.388,lr_experiments\lr=1e-05_z=100_bs=64_seed=242,lr_experiments\lr=1e-05_z=100_bs=64_seed=242\training (1).log,365,LR=1e-5
lr=1e-05_z=100_bs=64_seed=242,lr=1e-5_z=100_bs=64_seed=242,1e-05,1e-5,100,64,242,lr=1e-5_z=100_bs=64,"LR=1e-5, z=100, batch size=64",81,254.15,2026-06-01 19:39:01.475,lr_experiments\lr=1e-05_z=100_bs=64_seed=242,lr_experiments\lr=1e-05_z=100_bs=64_seed=242\training (1).log,367,LR=1e-5
lr=1e-05_z=100_bs=64_seed=242,lr=1e-5_z=100_bs=64_seed=242,1e-05,1e-5,100,64,242,lr=1e-5_z=100_bs=64,"LR=1e-5, z=100, batch size=64",82,260.19,2026-06-01 19:39:32.049,lr_experiments\lr=1e-05_z=100_bs=64_seed=242,lr_experiments\lr=1e-05_z=100_bs=64_seed=242\training (1).log,368,LR=1e-5
lr=1e-05_z=100_bs=64_seed=242,lr=1e-5_z=100_bs=64_seed=242,1e-05,1e-5,100,64,242,lr=1e-5_z=100_bs=64,"LR=1e-5, z=100, batch size=64",83,267.3,2026-06-05 07:12:27.241,lr_experiments\lr=1e-05_z=100_bs=64_seed=242,lr_experiments\lr=1e-05_z=100_bs=64_seed=242\training (1).log,377,LR=1e-5
lr=1e-05_z=100_bs=64_seed=242,lr=1e-5_z=100_bs=64_seed=242,1e-05,1e-5,100,64,242,lr=1e-5_z=100_bs=64,"LR=1e-5, z=100, batch size=64",84,280.5,2026-06-05 07:12:56.153,lr_experiments\lr=1e-05_z=100_bs=64_seed=242,lr_experiments\lr=1e-05_z=100_bs=64_seed=242\training (1).log,378,LR=1e-5
lr=1e-05_z=100_bs=64_seed=242,lr=1e-5_z=100_bs=64_seed=242,1e-05,1e-5,100,64,242,lr=1e-5_z=100_bs=64,"LR=1e-5, z=100, batch size=64",85,305.77,2026-06-05 07:13:25.184,lr_experiments\lr=1e-05_z=100_bs=64_seed=242,lr_experiments\lr=1e-05_z=100_bs=64_seed=242\training (1).log,379,LR=1e-5
lr=1e-05_z=100_bs=64_seed=242,lr=1e-5_z=100_bs=64_seed=242,1e-05,1e-5,100,64,242,lr=1e-5_z=100_bs=64,"LR=1e-5, z=100, batch size=64",86,261.74,2026-06-05 07:13:54.641,lr_experiments\lr=1e-05_z=100_bs=64_seed=242,lr_experiments\lr=1e-05_z=100_bs=64_seed=242\training (1).log,381,LR=1e-5
lr=1e-05_z=100_bs=64_seed=242,lr=1e-5_z=100_bs=64_seed=242,1e-05,1e-5,100,64,242,lr=1e-5_z=100_bs=64,"LR=1e-5, z=100, batch size=64",87,251.03,2026-06-05 07:14:24.921,lr_experiments\lr=1e-05_z=100_bs=64_seed=242,lr_experiments\lr=1e-05_z=100_bs=64_seed=242\training (1).log,383,LR=1e-5
lr=1e-05_z=100_bs=64_seed=242,lr=1e-5_z=100_bs=64_seed=242,1e-05,1e-5,100,64,242,lr=1e-5_z=100_bs=64,"LR=1e-5, z=100, batch size=64",88,264.25,2026-06-05 07:15:34.900,lr_experiments\lr=1e-05_z=100_bs=64_seed=242,lr_experiments\lr=1e-05_z=100_bs=64_seed=242\training (1).log,384,LR=1e-5
lr=1e-05_z=100_bs=64_seed=242,lr=1e-5_z=100_bs=64_seed=242,1e-05,1e-5,100,64,242,lr=1e-5_z=100_bs=64,"LR=1e-5, z=100, batch size=64",89,273.93,2026-06-05 07:16:04.958,lr_experiments\lr=1e-05_z=100_bs=64_seed=242,lr_experiments\lr=1e-05_z=100_bs=64_seed=242\training (1).log,385,LR=1e-5
lr=1e-05_z=100_bs=64_seed=242,lr=1e-5_z=100_bs=64_seed=242,1e-05,1e-5,100,64,242,lr=1e-5_z=100_bs=64,"LR=1e-5, z=100, batch size=64",90,270.61,2026-06-05 07:17:14.412,lr_experiments\lr=1e-05_z=100_bs=64_seed=242,lr_experiments\lr=1e-05_z=100_bs=64_seed=242\training (1).log,386,LR=1e-5
lr=1e-05_z=100_bs=64_seed=242,lr=1e-5_z=100_bs=64_seed=242,1e-05,1e-5,100,64,242,lr=1e-5_z=100_bs=64,"LR=1e-5, z=100, batch size=64",91,280.58,2026-06-05 07:17:44.127,lr_experiments\lr=1e-05_z=100_bs=64_seed=242,lr_experiments\lr=1e-05_z=100_bs=64_seed=242\training (1).log,387,LR=1e-5
lr=1e-05_z=100_bs=64_seed=242,lr=1e-5_z=100_bs=64_seed=242,1e-05,1e-5,100,64,242,lr=1e-5_z=100_bs=64,"LR=1e-5, z=100, batch size=64",92,283.71,2026-06-05 07:18:53.911,lr_experiments\lr=1e-05_z=100_bs=64_seed=242,lr_experiments\lr=1e-05_z=100_bs=64_seed=242\training (1).log,388,LR=1e-5
lr=1e-05_z=100_bs=64_seed=242,lr=1e-5_z=100_bs=64_seed=242,1e-05,1e-5,100,64,242,lr=1e-5_z=100_bs=64,"LR=1e-5, z=100, batch size=64",93,268.92,2026-06-05 07:19:23.716,lr_experiments\lr=1e-05_z=100_bs=64_seed=242,lr_experiments\lr=1e-05_z=100_bs=64_seed=242\training (1).log,389,LR=1e-5
lr=1e-05_z=100_bs=64_seed=242,lr=1e-5_z=100_bs=64_seed=242,1e-05,1e-5,100,64,242,lr=1e-5_z=100_bs=64,"LR=1e-5, z=100, batch size=64",94,259.48,2026-06-05 07:20:32.927,lr_experiments\lr=1e-05_z=100_bs=64_seed=242,lr_experiments\lr=1e-05_z=100_bs=64_seed=242\training (1).log,390,LR=1e-5
lr=1e-05_z=100_bs=64_seed=242,lr=1e-5_z=100_bs=64_seed=242,1e-05,1e-5,100,64,242,lr=1e-5_z=100_bs=64,"LR=1e-5, z=100, batch size=64",95,264.08,2026-06-05 07:21:02.519,lr_experiments\lr=1e-05_z=100_bs=64_seed=242,lr_experiments\lr=1e-05_z=100_bs=64_seed=242\training (1).log,391,LR=1e-5
lr=1e-05_z=100_bs=64_seed=242,lr=1e-5_z=100_bs=64_seed=242,1e-05,1e-5,100,64,242,lr=1e-5_z=100_bs=64,"LR=1e-5, z=100, batch size=64",96,286.61,2026-06-05 07:22:11.982,lr_experiments\lr=1e-05_z=100_bs=64_seed=242,lr_experiments\lr=1e-05_z=100_bs=64_seed=242\training (1).log,392,LR=1e-5
lr=1e-05_z=100_bs=64_seed=242,lr=1e-5_z=100_bs=64_seed=242,1e-05,1e-5,100,64,242,lr=1e-5_z=100_bs=64,"LR=1e-5, z=100, batch size=64",97,271.21,2026-06-05 07:22:41.894,lr_experiments\lr=1e-05_z=100_bs=64_seed=242,lr_experiments\lr=1e-05_z=100_bs=64_seed=242\training (1).log,393,LR=1e-5
lr=1e-05_z=100_bs=64_seed=242,lr=1e-5_z=100_bs=64_seed=242,1e-05,1e-5,100,64,242,lr=1e-5_z=100_bs=64,"LR=1e-5, z=100, batch size=64",98,261.82,2026-06-05 07:23:51.630,lr_experiments\lr=1e-05_z=100_bs=64_seed=242,lr_experiments\lr=1e-05_z=100_bs=64_seed=242\training (1).log,394,LR=1e-5
lr=1e-05_z=100_bs=64_seed=242,lr=1e-5_z=100_bs=64_seed=242,1e-05,1e-5,100,64,242,lr=1e-5_z=100_bs=64,"LR=1e-5, z=100, batch size=64",99,242.76,2026-06-05 07:24:22.031,lr_experiments\lr=1e-05_z=100_bs=64_seed=242,lr_experiments\lr=1e-05_z=100_bs=64_seed=242\training (1).log,396,LR=1e-5
lr=1e-05_z=100_bs=64_seed=242,lr=1e-5_z=100_bs=64_seed=242,1e-05,1e-5,100,64,242,lr=1e-5_z=100_bs=64,"LR=1e-5, z=100, batch size=64",100,276.92,2026-06-05 07:25:31.741,lr_experiments\lr=1e-05_z=100_bs=64_seed=242,lr_experiments\lr=1e-05_z=100_bs=64_seed=242\training (1).log,397,LR=1e-5
