run_id_raw,run_id,lr_raw,lr,z,bs,seed,config,config_label_full,epoch,fid,timestamp,source_folder,source_file,line_no,config_display_label
lr=0.001_z=64_bs=128_seed=42,lr=0.001_z=64_bs=128_seed=42,0.001,0.001,64,128,42,lr=0.001_z=64_bs=128,"LR=0.001, z=64, batch size=128",1,284.13,2026-06-13 07:34:57.034,128,128\training (3).log,6,batch size=128
lr=0.001_z=64_bs=128_seed=42,lr=0.001_z=64_bs=128_seed=42,0.001,0.001,64,128,42,lr=0.001_z=64_bs=128,"LR=0.001, z=64, batch size=128",2,301.67,2026-06-13 07:35:38.591,128,128\training (3).log,7,batch size=128
lr=0.001_z=64_bs=128_seed=42,lr=0.001_z=64_bs=128_seed=42,0.001,0.001,64,128,42,lr=0.001_z=64_bs=128,"LR=0.001, z=64, batch size=128",3,281.02,2026-06-13 07:36:20.700,128,128\training (3).log,9,batch size=128
lr=0.001_z=64_bs=128_seed=42,lr=0.001_z=64_bs=128_seed=42,0.001,0.001,64,128,42,lr=0.001_z=64_bs=128,"LR=0.001, z=64, batch size=128",4,308.11,2026-06-13 07:37:21.794,128,128\training (3).log,10,batch size=128
lr=0.001_z=64_bs=128_seed=42,lr=0.001_z=64_bs=128_seed=42,0.001,0.001,64,128,42,lr=0.001_z=64_bs=128,"LR=0.001, z=64, batch size=128",5,304.93,2026-06-13 07:38:03.459,128,128\training (3).log,11,batch size=128
lr=0.001_z=64_bs=128_seed=42,lr=0.001_z=64_bs=128_seed=42,0.001,0.001,64,128,42,lr=0.001_z=64_bs=128,"LR=0.001, z=64, batch size=128",6,291.63,2026-06-13 07:39:05.407,128,128\training (3).log,12,batch size=128
lr=0.001_z=64_bs=128_seed=42,lr=0.001_z=64_bs=128_seed=42,0.001,0.001,64,128,42,lr=0.001_z=64_bs=128,"LR=0.001, z=64, batch size=128",7,292.44,2026-06-13 07:39:47.841,128,128\training (3).log,13,batch size=128
lr=0.001_z=64_bs=128_seed=42,lr=0.001_z=64_bs=128_seed=42,0.001,0.001,64,128,42,lr=0.001_z=64_bs=128,"LR=0.001, z=64, batch size=128",8,351.47,2026-06-13 07:40:49.834,128,128\training (3).log,14,batch size=128
lr=0.001_z=64_bs=128_seed=42,lr=0.001_z=64_bs=128_seed=42,0.001,0.001,64,128,42,lr=0.001_z=64_bs=128,"LR=0.001, z=64, batch size=128",9,293.06,2026-06-13 07:41:32.238,128,128\training (3).log,15,batch size=128
lr=0.001_z=64_bs=128_seed=42,lr=0.001_z=64_bs=128_seed=42,0.001,0.001,64,128,42,lr=0.001_z=64_bs=128,"LR=0.001, z=64, batch size=128",10,270.6,2026-06-13 07:42:54.327,128,128\training (3).log,17,batch size=128
lr=0.001_z=64_bs=128_seed=42,lr=0.001_z=64_bs=128_seed=42,0.001,0.001,64,128,42,lr=0.001_z=64_bs=128,"LR=0.001, z=64, batch size=128",11,262.36,2026-06-13 07:43:37.687,128,128\training (3).log,19,batch size=128
lr=0.001_z=64_bs=128_seed=42,lr=0.001_z=64_bs=128_seed=42,0.001,0.001,64,128,42,lr=0.001_z=64_bs=128,"LR=0.001, z=64, batch size=128",12,302.48,2026-06-13 07:44:21.379,128,128\training (3).log,20,batch size=128
lr=0.001_z=64_bs=128_seed=42,lr=0.001_z=64_bs=128_seed=42,0.001,0.001,64,128,42,lr=0.001_z=64_bs=128,"LR=0.001, z=64, batch size=128",13,292.91,2026-06-13 07:45:23.812,128,128\training (3).log,21,batch size=128
lr=0.001_z=64_bs=128_seed=42,lr=0.001_z=64_bs=128_seed=42,0.001,0.001,64,128,42,lr=0.001_z=64_bs=128,"LR=0.001, z=64, batch size=128",14,298.95,2026-06-13 07:46:06.624,128,128\training (3).log,22,batch size=128
lr=0.001_z=64_bs=128_seed=42,lr=0.001_z=64_bs=128_seed=42,0.001,0.001,64,128,42,lr=0.001_z=64_bs=128,"LR=0.001, z=64, batch size=128",15,279.07,2026-06-13 07:47:08.927,128,128\training (3).log,23,batch size=128
lr=0.001_z=64_bs=128_seed=42,lr=0.001_z=64_bs=128_seed=42,0.001,0.001,64,128,42,lr=0.001_z=64_bs=128,"LR=0.001, z=64, batch size=128",16,270.24,2026-06-13 07:47:51.551,128,128\training (3).log,24,batch size=128
lr=0.001_z=64_bs=128_seed=42,lr=0.001_z=64_bs=128_seed=42,0.001,0.001,64,128,42,lr=0.001_z=64_bs=128,"LR=0.001, z=64, batch size=128",17,253.4,2026-06-13 07:48:54.732,128,128\training (3).log,26,batch size=128
lr=0.001_z=64_bs=128_seed=42,lr=0.001_z=64_bs=128_seed=42,0.001,0.001,64,128,42,lr=0.001_z=64_bs=128,"LR=0.001, z=64, batch size=128",18,258.03,2026-06-13 07:49:39.071,128,128\training (3).log,27,batch size=128
lr=0.001_z=64_bs=128_seed=42,lr=0.001_z=64_bs=128_seed=42,0.001,0.001,64,128,42,lr=0.001_z=64_bs=128,"LR=0.001, z=64, batch size=128",19,284.48,2026-06-13 07:50:22.924,128,128\training (3).log,28,batch size=128
lr=0.001_z=64_bs=128_seed=42,lr=0.001_z=64_bs=128_seed=42,0.001,0.001,64,128,42,lr=0.001_z=64_bs=128,"LR=0.001, z=64, batch size=128",20,237.4,2026-06-13 07:51:07.308,128,128\training (3).log,30,batch size=128
lr=0.001_z=64_bs=128_seed=42,lr=0.001_z=64_bs=128_seed=42,0.001,0.001,64,128,42,lr=0.001_z=64_bs=128,"LR=0.001, z=64, batch size=128",21,243.62,2026-06-13 07:51:51.223,128,128\training (3).log,31,batch size=128
lr=0.001_z=64_bs=128_seed=42,lr=0.001_z=64_bs=128_seed=42,0.001,0.001,64,128,42,lr=0.001_z=64_bs=128,"LR=0.001, z=64, batch size=128",22,248.63,2026-06-13 07:52:54.097,128,128\training (3).log,32,batch size=128
lr=0.001_z=64_bs=128_seed=42,lr=0.001_z=64_bs=128_seed=42,0.001,0.001,64,128,42,lr=0.001_z=64_bs=128,"LR=0.001, z=64, batch size=128",23,231.05,2026-06-13 07:53:38.025,128,128\training (3).log,34,batch size=128
lr=0.001_z=64_bs=128_seed=42,lr=0.001_z=64_bs=128_seed=42,0.001,0.001,64,128,42,lr=0.001_z=64_bs=128,"LR=0.001, z=64, batch size=128",24,222.52,2026-06-13 07:54:41.309,128,128\training (3).log,36,batch size=128
lr=0.001_z=64_bs=128_seed=42,lr=0.001_z=64_bs=128_seed=42,0.001,0.001,64,128,42,lr=0.001_z=64_bs=128,"LR=0.001, z=64, batch size=128",25,232.82,2026-06-13 07:55:25.885,128,128\training (3).log,37,batch size=128
lr=0.001_z=64_bs=128_seed=42,lr=0.001_z=64_bs=128_seed=42,0.001,0.001,64,128,42,lr=0.001_z=64_bs=128,"LR=0.001, z=64, batch size=128",26,213.42,2026-06-13 07:56:11.006,128,128\training (3).log,39,batch size=128
lr=0.001_z=64_bs=128_seed=42,lr=0.001_z=64_bs=128_seed=42,0.001,0.001,64,128,42,lr=0.001_z=64_bs=128,"LR=0.001, z=64, batch size=128",27,211.85,2026-06-13 07:56:56.360,128,128\training (3).log,41,batch size=128
lr=0.001_z=64_bs=128_seed=42,lr=0.001_z=64_bs=128_seed=42,0.001,0.001,64,128,42,lr=0.001_z=64_bs=128,"LR=0.001, z=64, batch size=128",28,205.58,2026-06-13 07:57:41.238,128,128\training (3).log,43,batch size=128
lr=0.001_z=64_bs=128_seed=42,lr=0.001_z=64_bs=128_seed=42,0.001,0.001,64,128,42,lr=0.001_z=64_bs=128,"LR=0.001, z=64, batch size=128",29,200.91,2026-06-13 07:58:44.718,128,128\training (3).log,45,batch size=128
lr=0.001_z=64_bs=128_seed=42,lr=0.001_z=64_bs=128_seed=42,0.001,0.001,64,128,42,lr=0.001_z=64_bs=128,"LR=0.001, z=64, batch size=128",30,197.78,2026-06-13 07:59:29.132,128,128\training (3).log,47,batch size=128
lr=0.001_z=64_bs=128_seed=42,lr=0.001_z=64_bs=128_seed=42,0.001,0.001,64,128,42,lr=0.001_z=64_bs=128,"LR=0.001, z=64, batch size=128",31,199.77,2026-06-13 08:00:32.346,128,128\training (3).log,48,batch size=128
lr=0.001_z=64_bs=128_seed=42,lr=0.001_z=64_bs=128_seed=42,0.001,0.001,64,128,42,lr=0.001_z=64_bs=128,"LR=0.001, z=64, batch size=128",32,192.78,2026-06-13 08:01:17.090,128,128\training (3).log,50,batch size=128
lr=0.001_z=64_bs=128_seed=42,lr=0.001_z=64_bs=128_seed=42,0.001,0.001,64,128,42,lr=0.001_z=64_bs=128,"LR=0.001, z=64, batch size=128",33,183.47,2026-06-13 08:02:02.474,128,128\training (3).log,52,batch size=128
lr=0.001_z=64_bs=128_seed=42,lr=0.001_z=64_bs=128_seed=42,0.001,0.001,64,128,42,lr=0.001_z=64_bs=128,"LR=0.001, z=64, batch size=128",34,183.67,2026-06-13 08:02:47.148,128,128\training (3).log,53,batch size=128
lr=0.001_z=64_bs=128_seed=42,lr=0.001_z=64_bs=128_seed=42,0.001,0.001,64,128,42,lr=0.001_z=64_bs=128,"LR=0.001, z=64, batch size=128",35,185.98,2026-06-13 08:03:31.114,128,128\training (3).log,54,batch size=128
lr=0.001_z=64_bs=128_seed=42,lr=0.001_z=64_bs=128_seed=42,0.001,0.001,64,128,42,lr=0.001_z=64_bs=128,"LR=0.001, z=64, batch size=128",36,183.84,2026-06-13 08:04:35.483,128,128\training (3).log,55,batch size=128
lr=0.001_z=64_bs=128_seed=42,lr=0.001_z=64_bs=128_seed=42,0.001,0.001,64,128,42,lr=0.001_z=64_bs=128,"LR=0.001, z=64, batch size=128",37,187.54,2026-06-13 08:05:19.178,128,128\training (3).log,56,batch size=128
lr=0.001_z=64_bs=128_seed=42,lr=0.001_z=64_bs=128_seed=42,0.001,0.001,64,128,42,lr=0.001_z=64_bs=128,"LR=0.001, z=64, batch size=128",38,171.87,2026-06-13 08:06:22.950,128,128\training (3).log,58,batch size=128
lr=0.001_z=64_bs=128_seed=42,lr=0.001_z=64_bs=128_seed=42,0.001,0.001,64,128,42,lr=0.001_z=64_bs=128,"LR=0.001, z=64, batch size=128",39,177.17,2026-06-13 08:07:07.810,128,128\training (3).log,59,batch size=128
lr=0.001_z=64_bs=128_seed=42,lr=0.001_z=64_bs=128_seed=42,0.001,0.001,64,128,42,lr=0.001_z=64_bs=128,"LR=0.001, z=64, batch size=128",40,178.98,2026-06-13 08:08:11.168,128,128\training (3).log,60,batch size=128
lr=0.001_z=64_bs=128_seed=42,lr=0.001_z=64_bs=128_seed=42,0.001,0.001,64,128,42,lr=0.001_z=64_bs=128,"LR=0.001, z=64, batch size=128",41,169.01,2026-06-13 08:08:55.219,128,128\training (3).log,62,batch size=128
lr=0.001_z=64_bs=128_seed=42,lr=0.001_z=64_bs=128_seed=42,0.001,0.001,64,128,42,lr=0.001_z=64_bs=128,"LR=0.001, z=64, batch size=128",42,169.62,2026-06-13 08:09:39.656,128,128\training (3).log,63,batch size=128
lr=0.001_z=64_bs=128_seed=42,lr=0.001_z=64_bs=128_seed=42,0.001,0.001,64,128,42,lr=0.001_z=64_bs=128,"LR=0.001, z=64, batch size=128",43,169.33,2026-06-13 08:10:43.127,128,128\training (3).log,64,batch size=128
lr=0.001_z=64_bs=128_seed=42,lr=0.001_z=64_bs=128_seed=42,0.001,0.001,64,128,42,lr=0.001_z=64_bs=128,"LR=0.001, z=64, batch size=128",44,166.54,2026-06-13 08:11:27.401,128,128\training (3).log,66,batch size=128
lr=0.001_z=64_bs=128_seed=42,lr=0.001_z=64_bs=128_seed=42,0.001,0.001,64,128,42,lr=0.001_z=64_bs=128,"LR=0.001, z=64, batch size=128",45,180.65,2026-06-13 08:12:30.145,128,128\training (3).log,67,batch size=128
lr=0.001_z=64_bs=128_seed=42,lr=0.001_z=64_bs=128_seed=42,0.001,0.001,64,128,42,lr=0.001_z=64_bs=128,"LR=0.001, z=64, batch size=128",46,161.34,2026-06-13 08:13:13.900,128,128\training (3).log,69,batch size=128
lr=0.001_z=64_bs=128_seed=42,lr=0.001_z=64_bs=128_seed=42,0.001,0.001,64,128,42,lr=0.001_z=64_bs=128,"LR=0.001, z=64, batch size=128",47,170.71,2026-06-13 08:14:17.105,128,128\training (3).log,70,batch size=128
lr=0.001_z=64_bs=128_seed=42,lr=0.001_z=64_bs=128_seed=42,0.001,0.001,64,128,42,lr=0.001_z=64_bs=128,"LR=0.001, z=64, batch size=128",48,168.12,2026-06-13 08:15:00.538,128,128\training (3).log,71,batch size=128
lr=0.001_z=64_bs=128_seed=42,lr=0.001_z=64_bs=128_seed=42,0.001,0.001,64,128,42,lr=0.001_z=64_bs=128,"LR=0.001, z=64, batch size=128",49,171.36,2026-06-13 08:16:03.811,128,128\training (3).log,72,batch size=128
lr=0.001_z=64_bs=128_seed=42,lr=0.001_z=64_bs=128_seed=42,0.001,0.001,64,128,42,lr=0.001_z=64_bs=128,"LR=0.001, z=64, batch size=128",50,157.97,2026-06-13 08:16:47.933,128,128\training (3).log,74,batch size=128
lr=0.001_z=64_bs=128_seed=42,lr=0.001_z=64_bs=128_seed=42,0.001,0.001,64,128,42,lr=0.001_z=64_bs=128,"LR=0.001, z=64, batch size=128",51,160.97,2026-06-13 08:17:32.112,128,128\training (3).log,75,batch size=128
lr=0.001_z=64_bs=128_seed=42,lr=0.001_z=64_bs=128_seed=42,0.001,0.001,64,128,42,lr=0.001_z=64_bs=128,"LR=0.001, z=64, batch size=128",52,160.69,2026-06-13 08:18:34.988,128,128\training (3).log,76,batch size=128
lr=0.001_z=64_bs=128_seed=42,lr=0.001_z=64_bs=128_seed=42,0.001,0.001,64,128,42,lr=0.001_z=64_bs=128,"LR=0.001, z=64, batch size=128",53,168.79,2026-06-13 08:19:18.560,128,128\training (3).log,77,batch size=128
lr=0.001_z=64_bs=128_seed=42,lr=0.001_z=64_bs=128_seed=42,0.001,0.001,64,128,42,lr=0.001_z=64_bs=128,"LR=0.001, z=64, batch size=128",54,161.82,2026-06-13 08:20:22.008,128,128\training (3).log,78,batch size=128
lr=0.001_z=64_bs=128_seed=42,lr=0.001_z=64_bs=128_seed=42,0.001,0.001,64,128,42,lr=0.001_z=64_bs=128,"LR=0.001, z=64, batch size=128",55,155.98,2026-06-13 08:21:06.223,128,128\training (3).log,80,batch size=128
lr=0.001_z=64_bs=128_seed=42,lr=0.001_z=64_bs=128_seed=42,0.001,0.001,64,128,42,lr=0.001_z=64_bs=128,"LR=0.001, z=64, batch size=128",56,164.62,2026-06-13 08:22:09.398,128,128\training (3).log,81,batch size=128
lr=0.001_z=64_bs=128_seed=42,lr=0.001_z=64_bs=128_seed=42,0.001,0.001,64,128,42,lr=0.001_z=64_bs=128,"LR=0.001, z=64, batch size=128",57,156.33,2026-06-13 08:22:53.591,128,128\training (3).log,82,batch size=128
lr=0.001_z=64_bs=128_seed=42,lr=0.001_z=64_bs=128_seed=42,0.001,0.001,64,128,42,lr=0.001_z=64_bs=128,"LR=0.001, z=64, batch size=128",58,157.33,2026-06-13 08:24:16.949,128,128\training (3).log,83,batch size=128
lr=0.001_z=64_bs=128_seed=42,lr=0.001_z=64_bs=128_seed=42,0.001,0.001,64,128,42,lr=0.001_z=64_bs=128,"LR=0.001, z=64, batch size=128",59,160.62,2026-06-13 08:25:00.706,128,128\training (3).log,84,batch size=128
lr=0.001_z=64_bs=128_seed=42,lr=0.001_z=64_bs=128_seed=42,0.001,0.001,64,128,42,lr=0.001_z=64_bs=128,"LR=0.001, z=64, batch size=128",60,161.71,2026-06-13 08:25:44.337,128,128\training (3).log,85,batch size=128
lr=0.001_z=64_bs=128_seed=42,lr=0.001_z=64_bs=128_seed=42,0.001,0.001,64,128,42,lr=0.001_z=64_bs=128,"LR=0.001, z=64, batch size=128",61,153.94,2026-06-13 08:26:47.829,128,128\training (3).log,87,batch size=128
lr=0.001_z=64_bs=128_seed=42,lr=0.001_z=64_bs=128_seed=42,0.001,0.001,64,128,42,lr=0.001_z=64_bs=128,"LR=0.001, z=64, batch size=128",62,155.13,2026-06-13 08:27:32.279,128,128\training (3).log,88,batch size=128
lr=0.001_z=64_bs=128_seed=42,lr=0.001_z=64_bs=128_seed=42,0.001,0.001,64,128,42,lr=0.001_z=64_bs=128,"LR=0.001, z=64, batch size=128",63,167.44,2026-06-13 08:28:35.697,128,128\training (3).log,89,batch size=128
lr=0.001_z=64_bs=128_seed=42,lr=0.001_z=64_bs=128_seed=42,0.001,0.001,64,128,42,lr=0.001_z=64_bs=128,"LR=0.001, z=64, batch size=128",64,155.52,2026-06-13 08:29:19.521,128,128\training (3).log,90,batch size=128
lr=0.001_z=64_bs=128_seed=42,lr=0.001_z=64_bs=128_seed=42,0.001,0.001,64,128,42,lr=0.001_z=64_bs=128,"LR=0.001, z=64, batch size=128",65,151.39,2026-06-13 08:30:43.197,128,128\training (3).log,92,batch size=128
lr=0.001_z=64_bs=128_seed=42,lr=0.001_z=64_bs=128_seed=42,0.001,0.001,64,128,42,lr=0.001_z=64_bs=128,"LR=0.001, z=64, batch size=128",66,149.44,2026-06-13 08:31:28.049,128,128\training (3).log,94,batch size=128
lr=0.001_z=64_bs=128_seed=42,lr=0.001_z=64_bs=128_seed=42,0.001,0.001,64,128,42,lr=0.001_z=64_bs=128,"LR=0.001, z=64, batch size=128",67,163.92,2026-06-13 08:32:12.583,128,128\training (3).log,95,batch size=128
lr=0.001_z=64_bs=128_seed=42,lr=0.001_z=64_bs=128_seed=42,0.001,0.001,64,128,42,lr=0.001_z=64_bs=128,"LR=0.001, z=64, batch size=128",68,150.61,2026-06-13 08:32:56.208,128,128\training (3).log,96,batch size=128
lr=0.001_z=64_bs=128_seed=42,lr=0.001_z=64_bs=128_seed=42,0.001,0.001,64,128,42,lr=0.001_z=64_bs=128,"LR=0.001, z=64, batch size=128",69,155.43,2026-06-13 08:33:39.826,128,128\training (3).log,97,batch size=128
lr=0.001_z=64_bs=128_seed=42,lr=0.001_z=64_bs=128_seed=42,0.001,0.001,64,128,42,lr=0.001_z=64_bs=128,"LR=0.001, z=64, batch size=128",70,144.21,2026-06-13 08:34:44.098,128,128\training (3).log,99,batch size=128
lr=0.001_z=64_bs=128_seed=42,lr=0.001_z=64_bs=128_seed=42,0.001,0.001,64,128,42,lr=0.001_z=64_bs=128,"LR=0.001, z=64, batch size=128",71,155.7,2026-06-13 08:35:28.881,128,128\training (3).log,100,batch size=128
lr=0.001_z=64_bs=128_seed=42,lr=0.001_z=64_bs=128_seed=42,0.001,0.001,64,128,42,lr=0.001_z=64_bs=128,"LR=0.001, z=64, batch size=128",72,175.43,2026-06-13 08:36:32.139,128,128\training (3).log,101,batch size=128
lr=0.001_z=64_bs=128_seed=42,lr=0.001_z=64_bs=128_seed=42,0.001,0.001,64,128,42,lr=0.001_z=64_bs=128,"LR=0.001, z=64, batch size=128",73,146.42,2026-06-13 08:37:16.205,128,128\training (3).log,102,batch size=128
lr=0.001_z=64_bs=128_seed=42,lr=0.001_z=64_bs=128_seed=42,0.001,0.001,64,128,42,lr=0.001_z=64_bs=128,"LR=0.001, z=64, batch size=128",74,153.38,2026-06-13 08:38:00.987,128,128\training (3).log,103,batch size=128
lr=0.001_z=64_bs=128_seed=42,lr=0.001_z=64_bs=128_seed=42,0.001,0.001,64,128,42,lr=0.001_z=64_bs=128,"LR=0.001, z=64, batch size=128",75,150.94,2026-06-13 08:38:45.061,128,128\training (3).log,104,batch size=128
lr=0.001_z=64_bs=128_seed=42,lr=0.001_z=64_bs=128_seed=42,0.001,0.001,64,128,42,lr=0.001_z=64_bs=128,"LR=0.001, z=64, batch size=128",76,149.04,2026-06-13 08:39:29.750,128,128\training (3).log,105,batch size=128
lr=0.001_z=64_bs=128_seed=42,lr=0.001_z=64_bs=128_seed=42,0.001,0.001,64,128,42,lr=0.001_z=64_bs=128,"LR=0.001, z=64, batch size=128",77,155.12,2026-06-13 08:40:33.478,128,128\training (3).log,106,batch size=128
lr=0.001_z=64_bs=128_seed=42,lr=0.001_z=64_bs=128_seed=42,0.001,0.001,64,128,42,lr=0.001_z=64_bs=128,"LR=0.001, z=64, batch size=128",78,168.38,2026-06-13 08:41:17.682,128,128\training (3).log,107,batch size=128
lr=0.001_z=64_bs=128_seed=42,lr=0.001_z=64_bs=128_seed=42,0.001,0.001,64,128,42,lr=0.001_z=64_bs=128,"LR=0.001, z=64, batch size=128",79,150.97,2026-06-13 08:42:21.351,128,128\training (3).log,108,batch size=128
lr=0.001_z=64_bs=128_seed=42,lr=0.001_z=64_bs=128_seed=42,0.001,0.001,64,128,42,lr=0.001_z=64_bs=128,"LR=0.001, z=64, batch size=128",80,150.32,2026-06-13 08:43:05.086,128,128\training (3).log,109,batch size=128
lr=0.001_z=64_bs=128_seed=42,lr=0.001_z=64_bs=128_seed=42,0.001,0.001,64,128,42,lr=0.001_z=64_bs=128,"LR=0.001, z=64, batch size=128",81,148.07,2026-06-13 08:44:08.863,128,128\training (3).log,110,batch size=128
lr=0.001_z=64_bs=128_seed=42,lr=0.001_z=64_bs=128_seed=42,0.001,0.001,64,128,42,lr=0.001_z=64_bs=128,"LR=0.001, z=64, batch size=128",82,149.05,2026-06-13 08:44:52.811,128,128\training (3).log,111,batch size=128
lr=0.001_z=64_bs=128_seed=42,lr=0.001_z=64_bs=128_seed=42,0.001,0.001,64,128,42,lr=0.001_z=64_bs=128,"LR=0.001, z=64, batch size=128",83,149.57,2026-06-13 08:45:57.029,128,128\training (3).log,112,batch size=128
lr=0.001_z=64_bs=128_seed=42,lr=0.001_z=64_bs=128_seed=42,0.001,0.001,64,128,42,lr=0.001_z=64_bs=128,"LR=0.001, z=64, batch size=128",84,163.26,2026-06-13 08:46:40.637,128,128\training (3).log,113,batch size=128
lr=0.001_z=64_bs=128_seed=42,lr=0.001_z=64_bs=128_seed=42,0.001,0.001,64,128,42,lr=0.001_z=64_bs=128,"LR=0.001, z=64, batch size=128",85,161.34,2026-06-13 08:47:25.517,128,128\training (3).log,114,batch size=128
lr=0.001_z=64_bs=128_seed=42,lr=0.001_z=64_bs=128_seed=42,0.001,0.001,64,128,42,lr=0.001_z=64_bs=128,"LR=0.001, z=64, batch size=128",86,151.14,2026-06-13 08:48:10.316,128,128\training (3).log,115,batch size=128
lr=0.001_z=64_bs=128_seed=42,lr=0.001_z=64_bs=128_seed=42,0.001,0.001,64,128,42,lr=0.001_z=64_bs=128,"LR=0.001, z=64, batch size=128",87,150.81,2026-06-13 08:48:55.110,128,128\training (3).log,116,batch size=128
lr=0.001_z=64_bs=128_seed=42,lr=0.001_z=64_bs=128_seed=42,0.001,0.001,64,128,42,lr=0.001_z=64_bs=128,"LR=0.001, z=64, batch size=128",88,148.26,2026-06-13 08:50:48.933,128,128\training (3).log,117,batch size=128
lr=0.001_z=64_bs=128_seed=42,lr=0.001_z=64_bs=128_seed=42,0.001,0.001,64,128,42,lr=0.001_z=64_bs=128,"LR=0.001, z=64, batch size=128",89,155.32,2026-06-13 08:55:11.406,128,128\training (3).log,118,batch size=128
lr=0.001_z=64_bs=128_seed=42,lr=0.001_z=64_bs=128_seed=42,0.001,0.001,64,128,42,lr=0.001_z=64_bs=128,"LR=0.001, z=64, batch size=128",90,154.35,2026-06-13 08:59:33.588,128,128\training (3).log,119,batch size=128
lr=0.001_z=64_bs=128_seed=42,lr=0.001_z=64_bs=128_seed=42,0.001,0.001,64,128,42,lr=0.001_z=64_bs=128,"LR=0.001, z=64, batch size=128",91,152.04,2026-06-13 09:04:19.916,128,128\training (3).log,120,batch size=128
lr=0.001_z=64_bs=128_seed=42,lr=0.001_z=64_bs=128_seed=42,0.001,0.001,64,128,42,lr=0.001_z=64_bs=128,"LR=0.001, z=64, batch size=128",92,153.22,2026-06-13 09:05:03.343,128,128\training (3).log,121,batch size=128
lr=0.001_z=64_bs=128_seed=42,lr=0.001_z=64_bs=128_seed=42,0.001,0.001,64,128,42,lr=0.001_z=64_bs=128,"LR=0.001, z=64, batch size=128",93,146.85,2026-06-13 09:06:26.179,128,128\training (3).log,122,batch size=128
lr=0.001_z=64_bs=128_seed=42,lr=0.001_z=64_bs=128_seed=42,0.001,0.001,64,128,42,lr=0.001_z=64_bs=128,"LR=0.001, z=64, batch size=128",94,153.82,2026-06-13 09:07:10.203,128,128\training (3).log,123,batch size=128
lr=0.001_z=64_bs=128_seed=42,lr=0.001_z=64_bs=128_seed=42,0.001,0.001,64,128,42,lr=0.001_z=64_bs=128,"LR=0.001, z=64, batch size=128",95,152.02,2026-06-13 09:07:54.140,128,128\training (3).log,124,batch size=128
lr=0.001_z=64_bs=128_seed=42,lr=0.001_z=64_bs=128_seed=42,0.001,0.001,64,128,42,lr=0.001_z=64_bs=128,"LR=0.001, z=64, batch size=128",96,155.3,2026-06-13 09:08:57.769,128,128\training (3).log,125,batch size=128
lr=0.001_z=64_bs=128_seed=42,lr=0.001_z=64_bs=128_seed=42,0.001,0.001,64,128,42,lr=0.001_z=64_bs=128,"LR=0.001, z=64, batch size=128",97,191.75,2026-06-13 09:09:41.867,128,128\training (3).log,126,batch size=128
lr=0.001_z=64_bs=128_seed=42,lr=0.001_z=64_bs=128_seed=42,0.001,0.001,64,128,42,lr=0.001_z=64_bs=128,"LR=0.001, z=64, batch size=128",98,159.82,2026-06-13 09:10:45.496,128,128\training (3).log,127,batch size=128
lr=0.001_z=64_bs=128_seed=42,lr=0.001_z=64_bs=128_seed=42,0.001,0.001,64,128,42,lr=0.001_z=64_bs=128,"LR=0.001, z=64, batch size=128",99,149.01,2026-06-13 09:11:29.107,128,128\training (3).log,128,batch size=128
lr=0.001_z=64_bs=128_seed=42,lr=0.001_z=64_bs=128_seed=42,0.001,0.001,64,128,42,lr=0.001_z=64_bs=128,"LR=0.001, z=64, batch size=128",100,149.16,2026-06-13 09:12:52.054,128,128\training (3).log,129,batch size=128
lr=0.001_z=64_bs=128_seed=142,lr=0.001_z=64_bs=128_seed=142,0.001,0.001,64,128,142,lr=0.001_z=64_bs=128,"LR=0.001, z=64, batch size=128",1,264.53,2026-06-13 09:13:55.117,128,128\training (3).log,137,batch size=128
lr=0.001_z=64_bs=128_seed=142,lr=0.001_z=64_bs=128_seed=142,0.001,0.001,64,128,142,lr=0.001_z=64_bs=128,"LR=0.001, z=64, batch size=128",2,280.23,2026-06-13 09:14:39.211,128,128\training (3).log,138,batch size=128
lr=0.001_z=64_bs=128_seed=142,lr=0.001_z=64_bs=128_seed=142,0.001,0.001,64,128,142,lr=0.001_z=64_bs=128,"LR=0.001, z=64, batch size=128",3,295.04,2026-06-13 09:15:22.767,128,128\training (3).log,139,batch size=128
lr=0.001_z=64_bs=128_seed=142,lr=0.001_z=64_bs=128_seed=142,0.001,0.001,64,128,142,lr=0.001_z=64_bs=128,"LR=0.001, z=64, batch size=128",4,294.48,2026-06-13 09:16:44.938,128,128\training (3).log,140,batch size=128
lr=0.001_z=64_bs=128_seed=142,lr=0.001_z=64_bs=128_seed=142,0.001,0.001,64,128,142,lr=0.001_z=64_bs=128,"LR=0.001, z=64, batch size=128",5,284.61,2026-06-13 09:17:27.377,128,128\training (3).log,141,batch size=128
lr=0.001_z=64_bs=128_seed=142,lr=0.001_z=64_bs=128_seed=142,0.001,0.001,64,128,142,lr=0.001_z=64_bs=128,"LR=0.001, z=64, batch size=128",6,294.85,2026-06-13 09:18:10.195,128,128\training (3).log,142,batch size=128
lr=0.001_z=64_bs=128_seed=142,lr=0.001_z=64_bs=128_seed=142,0.001,0.001,64,128,142,lr=0.001_z=64_bs=128,"LR=0.001, z=64, batch size=128",7,305.82,2026-06-13 09:19:12.253,128,128\training (3).log,143,batch size=128
lr=0.001_z=64_bs=128_seed=142,lr=0.001_z=64_bs=128_seed=142,0.001,0.001,64,128,142,lr=0.001_z=64_bs=128,"LR=0.001, z=64, batch size=128",8,328.74,2026-06-13 09:19:54.859,128,128\training (3).log,144,batch size=128
lr=0.001_z=64_bs=128_seed=142,lr=0.001_z=64_bs=128_seed=142,0.001,0.001,64,128,142,lr=0.001_z=64_bs=128,"LR=0.001, z=64, batch size=128",9,276.37,2026-06-13 09:20:56.864,128,128\training (3).log,145,batch size=128
lr=0.001_z=64_bs=128_seed=142,lr=0.001_z=64_bs=128_seed=142,0.001,0.001,64,128,142,lr=0.001_z=64_bs=128,"LR=0.001, z=64, batch size=128",10,299.15,2026-06-13 09:21:39.601,128,128\training (3).log,146,batch size=128
lr=0.001_z=64_bs=128_seed=142,lr=0.001_z=64_bs=128_seed=142,0.001,0.001,64,128,142,lr=0.001_z=64_bs=128,"LR=0.001, z=64, batch size=128",11,300.39,2026-06-13 09:22:22.917,128,128\training (3).log,147,batch size=128
lr=0.001_z=64_bs=128_seed=142,lr=0.001_z=64_bs=128_seed=142,0.001,0.001,64,128,142,lr=0.001_z=64_bs=128,"LR=0.001, z=64, batch size=128",12,256.88,2026-06-13 09:23:06.094,128,128\training (3).log,149,batch size=128
lr=0.001_z=64_bs=128_seed=142,lr=0.001_z=64_bs=128_seed=142,0.001,0.001,64,128,142,lr=0.001_z=64_bs=128,"LR=0.001, z=64, batch size=128",13,256.22,2026-06-13 09:23:49.325,128,128\training (3).log,151,batch size=128
lr=0.001_z=64_bs=128_seed=142,lr=0.001_z=64_bs=128_seed=142,0.001,0.001,64,128,142,lr=0.001_z=64_bs=128,"LR=0.001, z=64, batch size=128",14,253.08,2026-06-13 09:24:51.751,128,128\training (3).log,153,batch size=128
lr=0.001_z=64_bs=128_seed=142,lr=0.001_z=64_bs=128_seed=142,0.001,0.001,64,128,142,lr=0.001_z=64_bs=128,"LR=0.001, z=64, batch size=128",15,241.98,2026-06-13 09:25:35.204,128,128\training (3).log,155,batch size=128
lr=0.001_z=64_bs=128_seed=142,lr=0.001_z=64_bs=128_seed=142,0.001,0.001,64,128,142,lr=0.001_z=64_bs=128,"LR=0.001, z=64, batch size=128",16,231.29,2026-06-13 09:26:37.769,128,128\training (3).log,157,batch size=128
lr=0.001_z=64_bs=128_seed=142,lr=0.001_z=64_bs=128_seed=142,0.001,0.001,64,128,142,lr=0.001_z=64_bs=128,"LR=0.001, z=64, batch size=128",17,215.73,2026-06-13 09:27:21.568,128,128\training (3).log,159,batch size=128
lr=0.001_z=64_bs=128_seed=142,lr=0.001_z=64_bs=128_seed=142,0.001,0.001,64,128,142,lr=0.001_z=64_bs=128,"LR=0.001, z=64, batch size=128",18,226.39,2026-06-13 09:28:05.339,128,128\training (3).log,160,batch size=128
lr=0.001_z=64_bs=128_seed=142,lr=0.001_z=64_bs=128_seed=142,0.001,0.001,64,128,142,lr=0.001_z=64_bs=128,"LR=0.001, z=64, batch size=128",19,213.02,2026-06-13 09:28:48.762,128,128\training (3).log,162,batch size=128
lr=0.001_z=64_bs=128_seed=142,lr=0.001_z=64_bs=128_seed=142,0.001,0.001,64,128,142,lr=0.001_z=64_bs=128,"LR=0.001, z=64, batch size=128",20,217.57,2026-06-13 09:29:32.153,128,128\training (3).log,163,batch size=128
lr=0.001_z=64_bs=128_seed=142,lr=0.001_z=64_bs=128_seed=142,0.001,0.001,64,128,142,lr=0.001_z=64_bs=128,"LR=0.001, z=64, batch size=128",21,220.18,2026-06-13 09:34:54.982,128,128\training (3).log,164,batch size=128
lr=0.001_z=64_bs=128_seed=142,lr=0.001_z=64_bs=128_seed=142,0.001,0.001,64,128,142,lr=0.001_z=64_bs=128,"LR=0.001, z=64, batch size=128",22,220.52,2026-06-13 09:35:37.738,128,128\training (3).log,165,batch size=128
lr=0.001_z=64_bs=128_seed=142,lr=0.001_z=64_bs=128_seed=142,0.001,0.001,64,128,142,lr=0.001_z=64_bs=128,"LR=0.001, z=64, batch size=128",23,207.53,2026-06-13 09:36:39.803,128,128\training (3).log,167,batch size=128
lr=0.001_z=64_bs=128_seed=142,lr=0.001_z=64_bs=128_seed=142,0.001,0.001,64,128,142,lr=0.001_z=64_bs=128,"LR=0.001, z=64, batch size=128",24,209.35,2026-06-13 09:37:22.237,128,128\training (3).log,168,batch size=128
lr=0.001_z=64_bs=128_seed=142,lr=0.001_z=64_bs=128_seed=142,0.001,0.001,64,128,142,lr=0.001_z=64_bs=128,"LR=0.001, z=64, batch size=128",25,198.06,2026-06-13 09:38:24.623,128,128\training (3).log,170,batch size=128
lr=0.001_z=64_bs=128_seed=142,lr=0.001_z=64_bs=128_seed=142,0.001,0.001,64,128,142,lr=0.001_z=64_bs=128,"LR=0.001, z=64, batch size=128",26,198.32,2026-06-13 09:39:07.587,128,128\training (3).log,171,batch size=128
lr=0.001_z=64_bs=128_seed=142,lr=0.001_z=64_bs=128_seed=142,0.001,0.001,64,128,142,lr=0.001_z=64_bs=128,"LR=0.001, z=64, batch size=128",27,183.63,2026-06-13 09:40:09.681,128,128\training (3).log,173,batch size=128
lr=0.001_z=64_bs=128_seed=142,lr=0.001_z=64_bs=128_seed=142,0.001,0.001,64,128,142,lr=0.001_z=64_bs=128,"LR=0.001, z=64, batch size=128",28,184.97,2026-06-13 09:40:52.217,128,128\training (3).log,174,batch size=128
lr=0.001_z=64_bs=128_seed=142,lr=0.001_z=64_bs=128_seed=142,0.001,0.001,64,128,142,lr=0.001_z=64_bs=128,"LR=0.001, z=64, batch size=128",29,183.98,2026-06-13 09:41:54.143,128,128\training (3).log,175,batch size=128
lr=0.001_z=64_bs=128_seed=142,lr=0.001_z=64_bs=128_seed=142,0.001,0.001,64,128,142,lr=0.001_z=64_bs=128,"LR=0.001, z=64, batch size=128",30,178.02,2026-06-13 09:42:36.935,128,128\training (3).log,177,batch size=128
lr=0.001_z=64_bs=128_seed=142,lr=0.001_z=64_bs=128_seed=142,0.001,0.001,64,128,142,lr=0.001_z=64_bs=128,"LR=0.001, z=64, batch size=128",31,174.11,2026-06-13 09:43:59.344,128,128\training (3).log,179,batch size=128
lr=0.001_z=64_bs=128_seed=142,lr=0.001_z=64_bs=128_seed=142,0.001,0.001,64,128,142,lr=0.001_z=64_bs=128,"LR=0.001, z=64, batch size=128",32,163.57,2026-06-13 09:44:42.518,128,128\training (3).log,181,batch size=128
lr=0.001_z=64_bs=128_seed=142,lr=0.001_z=64_bs=128_seed=142,0.001,0.001,64,128,142,lr=0.001_z=64_bs=128,"LR=0.001, z=64, batch size=128",33,161.96,2026-06-13 09:45:26.139,128,128\training (3).log,183,batch size=128
lr=0.001_z=64_bs=128_seed=142,lr=0.001_z=64_bs=128_seed=142,0.001,0.001,64,128,142,lr=0.001_z=64_bs=128,"LR=0.001, z=64, batch size=128",34,176.26,2026-06-13 09:46:28.144,128,128\training (3).log,184,batch size=128
lr=0.001_z=64_bs=128_seed=142,lr=0.001_z=64_bs=128_seed=142,0.001,0.001,64,128,142,lr=0.001_z=64_bs=128,"LR=0.001, z=64, batch size=128",35,164.82,2026-06-13 09:47:10.887,128,128\training (3).log,185,batch size=128
lr=0.001_z=64_bs=128_seed=142,lr=0.001_z=64_bs=128_seed=142,0.001,0.001,64,128,142,lr=0.001_z=64_bs=128,"LR=0.001, z=64, batch size=128",36,161.08,2026-06-13 09:48:12.979,128,128\training (3).log,187,batch size=128
lr=0.001_z=64_bs=128_seed=142,lr=0.001_z=64_bs=128_seed=142,0.001,0.001,64,128,142,lr=0.001_z=64_bs=128,"LR=0.001, z=64, batch size=128",37,154.87,2026-06-13 09:48:56.414,128,128\training (3).log,189,batch size=128
lr=0.001_z=64_bs=128_seed=142,lr=0.001_z=64_bs=128_seed=142,0.001,0.001,64,128,142,lr=0.001_z=64_bs=128,"LR=0.001, z=64, batch size=128",38,174.96,2026-06-13 09:49:58.218,128,128\training (3).log,190,batch size=128
lr=0.001_z=64_bs=128_seed=142,lr=0.001_z=64_bs=128_seed=142,0.001,0.001,64,128,142,lr=0.001_z=64_bs=128,"LR=0.001, z=64, batch size=128",39,164.85,2026-06-13 09:50:40.757,128,128\training (3).log,191,batch size=128
lr=0.001_z=64_bs=128_seed=142,lr=0.001_z=64_bs=128_seed=142,0.001,0.001,64,128,142,lr=0.001_z=64_bs=128,"LR=0.001, z=64, batch size=128",40,160.89,2026-06-13 09:51:44.030,128,128\training (3).log,192,batch size=128
lr=0.001_z=64_bs=128_seed=142,lr=0.001_z=64_bs=128_seed=142,0.001,0.001,64,128,142,lr=0.001_z=64_bs=128,"LR=0.001, z=64, batch size=128",41,159.4,2026-06-13 09:52:26.343,128,128\training (3).log,193,batch size=128
lr=0.001_z=64_bs=128_seed=142,lr=0.001_z=64_bs=128_seed=142,0.001,0.001,64,128,142,lr=0.001_z=64_bs=128,"LR=0.001, z=64, batch size=128",42,173.61,2026-06-13 09:53:08.775,128,128\training (3).log,194,batch size=128
lr=0.001_z=64_bs=128_seed=142,lr=0.001_z=64_bs=128_seed=142,0.001,0.001,64,128,142,lr=0.001_z=64_bs=128,"LR=0.001, z=64, batch size=128",43,154.3,2026-06-13 09:54:10.911,128,128\training (3).log,196,batch size=128
lr=0.001_z=64_bs=128_seed=142,lr=0.001_z=64_bs=128_seed=142,0.001,0.001,64,128,142,lr=0.001_z=64_bs=128,"LR=0.001, z=64, batch size=128",44,166.85,2026-06-13 09:54:53.990,128,128\training (3).log,197,batch size=128
lr=0.001_z=64_bs=128_seed=142,lr=0.001_z=64_bs=128_seed=142,0.001,0.001,64,128,142,lr=0.001_z=64_bs=128,"LR=0.001, z=64, batch size=128",45,165.41,2026-06-13 09:55:56.105,128,128\training (3).log,198,batch size=128
lr=0.001_z=64_bs=128_seed=142,lr=0.001_z=64_bs=128_seed=142,0.001,0.001,64,128,142,lr=0.001_z=64_bs=128,"LR=0.001, z=64, batch size=128",46,151.24,2026-06-13 09:56:38.616,128,128\training (3).log,200,batch size=128
lr=0.001_z=64_bs=128_seed=142,lr=0.001_z=64_bs=128_seed=142,0.001,0.001,64,128,142,lr=0.001_z=64_bs=128,"LR=0.001, z=64, batch size=128",47,152.64,2026-06-13 09:57:41.493,128,128\training (3).log,201,batch size=128
lr=0.001_z=64_bs=128_seed=142,lr=0.001_z=64_bs=128_seed=142,0.001,0.001,64,128,142,lr=0.001_z=64_bs=128,"LR=0.001, z=64, batch size=128",48,160.03,2026-06-13 09:58:23.529,128,128\training (3).log,202,batch size=128
lr=0.001_z=64_bs=128_seed=142,lr=0.001_z=64_bs=128_seed=142,0.001,0.001,64,128,142,lr=0.001_z=64_bs=128,"LR=0.001, z=64, batch size=128",49,155.84,2026-06-13 09:59:05.814,128,128\training (3).log,203,batch size=128
lr=0.001_z=64_bs=128_seed=142,lr=0.001_z=64_bs=128_seed=142,0.001,0.001,64,128,142,lr=0.001_z=64_bs=128,"LR=0.001, z=64, batch size=128",50,150.57,2026-06-13 10:00:07.856,128,128\training (3).log,205,batch size=128
lr=0.001_z=64_bs=128_seed=142,lr=0.001_z=64_bs=128_seed=142,0.001,0.001,64,128,142,lr=0.001_z=64_bs=128,"LR=0.001, z=64, batch size=128",51,157.54,2026-06-13 10:00:50.642,128,128\training (3).log,206,batch size=128
lr=0.001_z=64_bs=128_seed=142,lr=0.001_z=64_bs=128_seed=142,0.001,0.001,64,128,142,lr=0.001_z=64_bs=128,"LR=0.001, z=64, batch size=128",52,154.66,2026-06-13 10:01:52.421,128,128\training (3).log,207,batch size=128
lr=0.001_z=64_bs=128_seed=142,lr=0.001_z=64_bs=128_seed=142,0.001,0.001,64,128,142,lr=0.001_z=64_bs=128,"LR=0.001, z=64, batch size=128",53,156.79,2026-06-13 10:02:34.634,128,128\training (3).log,208,batch size=128
lr=0.001_z=64_bs=128_seed=142,lr=0.001_z=64_bs=128_seed=142,0.001,0.001,64,128,142,lr=0.001_z=64_bs=128,"LR=0.001, z=64, batch size=128",54,151.21,2026-06-13 10:03:36.675,128,128\training (3).log,209,batch size=128
lr=0.001_z=64_bs=128_seed=142,lr=0.001_z=64_bs=128_seed=142,0.001,0.001,64,128,142,lr=0.001_z=64_bs=128,"LR=0.001, z=64, batch size=128",55,143.03,2026-06-13 10:04:19.179,128,128\training (3).log,211,batch size=128
lr=0.001_z=64_bs=128_seed=142,lr=0.001_z=64_bs=128_seed=142,0.001,0.001,64,128,142,lr=0.001_z=64_bs=128,"LR=0.001, z=64, batch size=128",56,148.11,2026-06-13 10:05:02.670,128,128\training (3).log,212,batch size=128
lr=0.001_z=64_bs=128_seed=142,lr=0.001_z=64_bs=128_seed=142,0.001,0.001,64,128,142,lr=0.001_z=64_bs=128,"LR=0.001, z=64, batch size=128",57,153.01,2026-06-13 10:06:04.657,128,128\training (3).log,213,batch size=128
lr=0.001_z=64_bs=128_seed=142,lr=0.001_z=64_bs=128_seed=142,0.001,0.001,64,128,142,lr=0.001_z=64_bs=128,"LR=0.001, z=64, batch size=128",58,154.4,2026-06-13 10:06:47.203,128,128\training (3).log,214,batch size=128
lr=0.001_z=64_bs=128_seed=142,lr=0.001_z=64_bs=128_seed=142,0.001,0.001,64,128,142,lr=0.001_z=64_bs=128,"LR=0.001, z=64, batch size=128",59,151.13,2026-06-13 10:07:49.429,128,128\training (3).log,215,batch size=128
lr=0.001_z=64_bs=128_seed=142,lr=0.001_z=64_bs=128_seed=142,0.001,0.001,64,128,142,lr=0.001_z=64_bs=128,"LR=0.001, z=64, batch size=128",60,149.98,2026-06-13 10:08:32.151,128,128\training (3).log,216,batch size=128
lr=0.001_z=64_bs=128_seed=142,lr=0.001_z=64_bs=128_seed=142,0.001,0.001,64,128,142,lr=0.001_z=64_bs=128,"LR=0.001, z=64, batch size=128",61,148.37,2026-06-13 10:09:15.383,128,128\training (3).log,217,batch size=128
lr=0.001_z=64_bs=128_seed=142,lr=0.001_z=64_bs=128_seed=142,0.001,0.001,64,128,142,lr=0.001_z=64_bs=128,"LR=0.001, z=64, batch size=128",62,148.72,2026-06-13 10:09:58.289,128,128\training (3).log,218,batch size=128
lr=0.001_z=64_bs=128_seed=142,lr=0.001_z=64_bs=128_seed=142,0.001,0.001,64,128,142,lr=0.001_z=64_bs=128,"LR=0.001, z=64, batch size=128",63,167.76,2026-06-13 10:10:40.728,128,128\training (3).log,219,batch size=128
lr=0.001_z=64_bs=128_seed=142,lr=0.001_z=64_bs=128_seed=142,0.001,0.001,64,128,142,lr=0.001_z=64_bs=128,"LR=0.001, z=64, batch size=128",64,158.6,2026-06-13 10:11:43.507,128,128\training (3).log,220,batch size=128
lr=0.001_z=64_bs=128_seed=142,lr=0.001_z=64_bs=128_seed=142,0.001,0.001,64,128,142,lr=0.001_z=64_bs=128,"LR=0.001, z=64, batch size=128",65,152.47,2026-06-13 10:12:26.857,128,128\training (3).log,221,batch size=128
lr=0.001_z=64_bs=128_seed=142,lr=0.001_z=64_bs=128_seed=142,0.001,0.001,64,128,142,lr=0.001_z=64_bs=128,"LR=0.001, z=64, batch size=128",66,143.66,2026-06-13 10:13:29.338,128,128\training (3).log,222,batch size=128
lr=0.001_z=64_bs=128_seed=142,lr=0.001_z=64_bs=128_seed=142,0.001,0.001,64,128,142,lr=0.001_z=64_bs=128,"LR=0.001, z=64, batch size=128",67,146.43,2026-06-13 10:14:11.789,128,128\training (3).log,223,batch size=128
lr=0.001_z=64_bs=128_seed=142,lr=0.001_z=64_bs=128_seed=142,0.001,0.001,64,128,142,lr=0.001_z=64_bs=128,"LR=0.001, z=64, batch size=128",68,163.61,2026-06-13 10:14:54.926,128,128\training (3).log,224,batch size=128
lr=0.001_z=64_bs=128_seed=142,lr=0.001_z=64_bs=128_seed=142,0.001,0.001,64,128,142,lr=0.001_z=64_bs=128,"LR=0.001, z=64, batch size=128",69,152.99,2026-06-13 10:15:37.961,128,128\training (3).log,225,batch size=128
lr=0.001_z=64_bs=128_seed=142,lr=0.001_z=64_bs=128_seed=142,0.001,0.001,64,128,142,lr=0.001_z=64_bs=128,"LR=0.001, z=64, batch size=128",70,145.03,2026-06-13 10:16:20.296,128,128\training (3).log,226,batch size=128
lr=0.001_z=64_bs=128_seed=142,lr=0.001_z=64_bs=128_seed=142,0.001,0.001,64,128,142,lr=0.001_z=64_bs=128,"LR=0.001, z=64, batch size=128",71,139.39,2026-06-13 10:17:23.038,128,128\training (3).log,228,batch size=128
lr=0.001_z=64_bs=128_seed=142,lr=0.001_z=64_bs=128_seed=142,0.001,0.001,64,128,142,lr=0.001_z=64_bs=128,"LR=0.001, z=64, batch size=128",72,145.23,2026-06-13 10:18:06.521,128,128\training (3).log,229,batch size=128
lr=0.001_z=64_bs=128_seed=142,lr=0.001_z=64_bs=128_seed=142,0.001,0.001,64,128,142,lr=0.001_z=64_bs=128,"LR=0.001, z=64, batch size=128",73,138.18,2026-06-13 10:19:08.701,128,128\training (3).log,231,batch size=128
lr=0.001_z=64_bs=128_seed=142,lr=0.001_z=64_bs=128_seed=142,0.001,0.001,64,128,142,lr=0.001_z=64_bs=128,"LR=0.001, z=64, batch size=128",74,142.79,2026-06-13 10:19:51.897,128,128\training (3).log,232,batch size=128
lr=0.001_z=64_bs=128_seed=142,lr=0.001_z=64_bs=128_seed=142,0.001,0.001,64,128,142,lr=0.001_z=64_bs=128,"LR=0.001, z=64, batch size=128",75,150.27,2026-06-13 10:21:14.067,128,128\training (3).log,233,batch size=128
lr=0.001_z=64_bs=128_seed=142,lr=0.001_z=64_bs=128_seed=142,0.001,0.001,64,128,142,lr=0.001_z=64_bs=128,"LR=0.001, z=64, batch size=128",76,159.19,2026-06-13 10:21:57.184,128,128\training (3).log,234,batch size=128
lr=0.001_z=64_bs=128_seed=142,lr=0.001_z=64_bs=128_seed=142,0.001,0.001,64,128,142,lr=0.001_z=64_bs=128,"LR=0.001, z=64, batch size=128",77,142.76,2026-06-13 10:22:40.248,128,128\training (3).log,235,batch size=128
lr=0.001_z=64_bs=128_seed=142,lr=0.001_z=64_bs=128_seed=142,0.001,0.001,64,128,142,lr=0.001_z=64_bs=128,"LR=0.001, z=64, batch size=128",78,139.51,2026-06-13 10:23:42.092,128,128\training (3).log,236,batch size=128
lr=0.001_z=64_bs=128_seed=142,lr=0.001_z=64_bs=128_seed=142,0.001,0.001,64,128,142,lr=0.001_z=64_bs=128,"LR=0.001, z=64, batch size=128",79,149.92,2026-06-13 10:24:25.244,128,128\training (3).log,237,batch size=128
lr=0.001_z=64_bs=128_seed=142,lr=0.001_z=64_bs=128_seed=142,0.001,0.001,64,128,142,lr=0.001_z=64_bs=128,"LR=0.001, z=64, batch size=128",80,143.12,2026-06-13 10:25:28.073,128,128\training (3).log,238,batch size=128
lr=0.001_z=64_bs=128_seed=142,lr=0.001_z=64_bs=128_seed=142,0.001,0.001,64,128,142,lr=0.001_z=64_bs=128,"LR=0.001, z=64, batch size=128",81,142.29,2026-06-13 10:26:11.297,128,128\training (3).log,239,batch size=128
lr=0.001_z=64_bs=128_seed=142,lr=0.001_z=64_bs=128_seed=142,0.001,0.001,64,128,142,lr=0.001_z=64_bs=128,"LR=0.001, z=64, batch size=128",82,154.3,2026-06-13 10:27:33.264,128,128\training (3).log,240,batch size=128
lr=0.001_z=64_bs=128_seed=142,lr=0.001_z=64_bs=128_seed=142,0.001,0.001,64,128,142,lr=0.001_z=64_bs=128,"LR=0.001, z=64, batch size=128",83,158.96,2026-06-13 10:28:16.215,128,128\training (3).log,241,batch size=128
lr=0.001_z=64_bs=128_seed=142,lr=0.001_z=64_bs=128_seed=142,0.001,0.001,64,128,142,lr=0.001_z=64_bs=128,"LR=0.001, z=64, batch size=128",84,144.69,2026-06-13 10:28:59.270,128,128\training (3).log,242,batch size=128
lr=0.001_z=64_bs=128_seed=142,lr=0.001_z=64_bs=128_seed=142,0.001,0.001,64,128,142,lr=0.001_z=64_bs=128,"LR=0.001, z=64, batch size=128",85,140.63,2026-06-13 10:29:42.386,128,128\training (3).log,243,batch size=128
lr=0.001_z=64_bs=128_seed=142,lr=0.001_z=64_bs=128_seed=142,0.001,0.001,64,128,142,lr=0.001_z=64_bs=128,"LR=0.001, z=64, batch size=128",86,147.43,2026-06-13 10:30:25.161,128,128\training (3).log,244,batch size=128
lr=0.001_z=64_bs=128_seed=142,lr=0.001_z=64_bs=128_seed=142,0.001,0.001,64,128,142,lr=0.001_z=64_bs=128,"LR=0.001, z=64, batch size=128",87,153.08,2026-06-13 10:31:27.577,128,128\training (3).log,245,batch size=128
lr=0.001_z=64_bs=128_seed=142,lr=0.001_z=64_bs=128_seed=142,0.001,0.001,64,128,142,lr=0.001_z=64_bs=128,"LR=0.001, z=64, batch size=128",88,151.68,2026-06-13 10:32:10.442,128,128\training (3).log,246,batch size=128
lr=0.001_z=64_bs=128_seed=142,lr=0.001_z=64_bs=128_seed=142,0.001,0.001,64,128,142,lr=0.001_z=64_bs=128,"LR=0.001, z=64, batch size=128",89,145.09,2026-06-13 10:33:12.983,128,128\training (3).log,247,batch size=128
lr=0.001_z=64_bs=128_seed=142,lr=0.001_z=64_bs=128_seed=142,0.001,0.001,64,128,142,lr=0.001_z=64_bs=128,"LR=0.001, z=64, batch size=128",90,150.56,2026-06-13 10:33:56.060,128,128\training (3).log,248,batch size=128
lr=0.001_z=64_bs=128_seed=142,lr=0.001_z=64_bs=128_seed=142,0.001,0.001,64,128,142,lr=0.001_z=64_bs=128,"LR=0.001, z=64, batch size=128",91,145.66,2026-06-13 10:34:39.348,128,128\training (3).log,249,batch size=128
lr=0.001_z=64_bs=128_seed=142,lr=0.001_z=64_bs=128_seed=142,0.001,0.001,64,128,142,lr=0.001_z=64_bs=128,"LR=0.001, z=64, batch size=128",92,149.16,2026-06-13 10:35:22.331,128,128\training (3).log,250,batch size=128
lr=0.001_z=64_bs=128_seed=142,lr=0.001_z=64_bs=128_seed=142,0.001,0.001,64,128,142,lr=0.001_z=64_bs=128,"LR=0.001, z=64, batch size=128",93,142.2,2026-06-13 10:36:05.249,128,128\training (3).log,251,batch size=128
lr=0.001_z=64_bs=128_seed=142,lr=0.001_z=64_bs=128_seed=142,0.001,0.001,64,128,142,lr=0.001_z=64_bs=128,"LR=0.001, z=64, batch size=128",94,157.63,2026-06-13 10:37:09.154,128,128\training (3).log,252,batch size=128
lr=0.001_z=64_bs=128_seed=142,lr=0.001_z=64_bs=128_seed=142,0.001,0.001,64,128,142,lr=0.001_z=64_bs=128,"LR=0.001, z=64, batch size=128",95,160.29,2026-06-13 10:37:53.927,128,128\training (3).log,253,batch size=128
lr=0.001_z=64_bs=128_seed=142,lr=0.001_z=64_bs=128_seed=142,0.001,0.001,64,128,142,lr=0.001_z=64_bs=128,"LR=0.001, z=64, batch size=128",96,147.31,2026-06-13 10:38:57.799,128,128\training (3).log,254,batch size=128
lr=0.001_z=64_bs=128_seed=142,lr=0.001_z=64_bs=128_seed=142,0.001,0.001,64,128,142,lr=0.001_z=64_bs=128,"LR=0.001, z=64, batch size=128",97,145.52,2026-06-13 10:39:43.493,128,128\training (3).log,255,batch size=128
lr=0.001_z=64_bs=128_seed=142,lr=0.001_z=64_bs=128_seed=142,0.001,0.001,64,128,142,lr=0.001_z=64_bs=128,"LR=0.001, z=64, batch size=128",98,142.38,2026-06-13 10:40:45.557,128,128\training (3).log,256,batch size=128
lr=0.001_z=64_bs=128_seed=142,lr=0.001_z=64_bs=128_seed=142,0.001,0.001,64,128,142,lr=0.001_z=64_bs=128,"LR=0.001, z=64, batch size=128",99,144.45,2026-06-13 10:41:29.086,128,128\training (3).log,257,batch size=128
lr=0.001_z=64_bs=128_seed=142,lr=0.001_z=64_bs=128_seed=142,0.001,0.001,64,128,142,lr=0.001_z=64_bs=128,"LR=0.001, z=64, batch size=128",100,143.74,2026-06-13 10:42:12.443,128,128\training (3).log,258,batch size=128
lr=0.001_z=64_bs=128_seed=242,lr=0.001_z=64_bs=128_seed=242,0.001,0.001,64,128,242,lr=0.001_z=64_bs=128,"LR=0.001, z=64, batch size=128",1,281.71,2026-06-13 10:56:46.593,128,128\training (3).log,266,batch size=128
lr=0.001_z=64_bs=128_seed=242,lr=0.001_z=64_bs=128_seed=242,0.001,0.001,64,128,242,lr=0.001_z=64_bs=128,"LR=0.001, z=64, batch size=128",2,303.61,2026-06-13 10:57:29.183,128,128\training (3).log,267,batch size=128
lr=0.001_z=64_bs=128_seed=242,lr=0.001_z=64_bs=128_seed=242,0.001,0.001,64,128,242,lr=0.001_z=64_bs=128,"LR=0.001, z=64, batch size=128",3,326.92,2026-06-13 10:58:11.998,128,128\training (3).log,268,batch size=128
lr=0.001_z=64_bs=128_seed=242,lr=0.001_z=64_bs=128_seed=242,0.001,0.001,64,128,242,lr=0.001_z=64_bs=128,"LR=0.001, z=64, batch size=128",4,340.32,2026-06-13 10:59:14.223,128,128\training (3).log,269,batch size=128
lr=0.001_z=64_bs=128_seed=242,lr=0.001_z=64_bs=128_seed=242,0.001,0.001,64,128,242,lr=0.001_z=64_bs=128,"LR=0.001, z=64, batch size=128",5,342.7,2026-06-13 10:59:57.026,128,128\training (3).log,270,batch size=128
lr=0.001_z=64_bs=128_seed=242,lr=0.001_z=64_bs=128_seed=242,0.001,0.001,64,128,242,lr=0.001_z=64_bs=128,"LR=0.001, z=64, batch size=128",6,293.99,2026-06-13 11:01:18.739,128,128\training (3).log,271,batch size=128
lr=0.001_z=64_bs=128_seed=242,lr=0.001_z=64_bs=128_seed=242,0.001,0.001,64,128,242,lr=0.001_z=64_bs=128,"LR=0.001, z=64, batch size=128",7,253.41,2026-06-13 11:02:01.419,128,128\training (3).log,273,batch size=128
lr=0.001_z=64_bs=128_seed=242,lr=0.001_z=64_bs=128_seed=242,0.001,0.001,64,128,242,lr=0.001_z=64_bs=128,"LR=0.001, z=64, batch size=128",8,311.3,2026-06-13 11:02:44.816,128,128\training (3).log,274,batch size=128
lr=0.001_z=64_bs=128_seed=242,lr=0.001_z=64_bs=128_seed=242,0.001,0.001,64,128,242,lr=0.001_z=64_bs=128,"LR=0.001, z=64, batch size=128",9,287.73,2026-06-13 11:03:46.754,128,128\training (3).log,275,batch size=128
lr=0.001_z=64_bs=128_seed=242,lr=0.001_z=64_bs=128_seed=242,0.001,0.001,64,128,242,lr=0.001_z=64_bs=128,"LR=0.001, z=64, batch size=128",10,282.32,2026-06-13 11:04:29.593,128,128\training (3).log,276,batch size=128
lr=0.001_z=64_bs=128_seed=242,lr=0.001_z=64_bs=128_seed=242,0.001,0.001,64,128,242,lr=0.001_z=64_bs=128,"LR=0.001, z=64, batch size=128",11,299.01,2026-06-13 11:05:31.903,128,128\training (3).log,277,batch size=128
lr=0.001_z=64_bs=128_seed=242,lr=0.001_z=64_bs=128_seed=242,0.001,0.001,64,128,242,lr=0.001_z=64_bs=128,"LR=0.001, z=64, batch size=128",12,274.66,2026-06-13 11:06:14.389,128,128\training (3).log,278,batch size=128
lr=0.001_z=64_bs=128_seed=242,lr=0.001_z=64_bs=128_seed=242,0.001,0.001,64,128,242,lr=0.001_z=64_bs=128,"LR=0.001, z=64, batch size=128",13,275.33,2026-06-13 11:07:16.834,128,128\training (3).log,279,batch size=128
lr=0.001_z=64_bs=128_seed=242,lr=0.001_z=64_bs=128_seed=242,0.001,0.001,64,128,242,lr=0.001_z=64_bs=128,"LR=0.001, z=64, batch size=128",14,294.69,2026-06-13 11:07:59.935,128,128\training (3).log,280,batch size=128
lr=0.001_z=64_bs=128_seed=242,lr=0.001_z=64_bs=128_seed=242,0.001,0.001,64,128,242,lr=0.001_z=64_bs=128,"LR=0.001, z=64, batch size=128",15,263.71,2026-06-13 11:09:22.168,128,128\training (3).log,281,batch size=128
lr=0.001_z=64_bs=128_seed=242,lr=0.001_z=64_bs=128_seed=242,0.001,0.001,64,128,242,lr=0.001_z=64_bs=128,"LR=0.001, z=64, batch size=128",16,269.54,2026-06-13 11:10:05.245,128,128\training (3).log,282,batch size=128
lr=0.001_z=64_bs=128_seed=242,lr=0.001_z=64_bs=128_seed=242,0.001,0.001,64,128,242,lr=0.001_z=64_bs=128,"LR=0.001, z=64, batch size=128",17,239.0,2026-06-13 11:10:48.227,128,128\training (3).log,284,batch size=128
lr=0.001_z=64_bs=128_seed=242,lr=0.001_z=64_bs=128_seed=242,0.001,0.001,64,128,242,lr=0.001_z=64_bs=128,"LR=0.001, z=64, batch size=128",18,236.53,2026-06-13 11:11:50.087,128,128\training (3).log,286,batch size=128
lr=0.001_z=64_bs=128_seed=242,lr=0.001_z=64_bs=128_seed=242,0.001,0.001,64,128,242,lr=0.001_z=64_bs=128,"LR=0.001, z=64, batch size=128",19,211.92,2026-06-13 11:12:33.148,128,128\training (3).log,288,batch size=128
lr=0.001_z=64_bs=128_seed=242,lr=0.001_z=64_bs=128_seed=242,0.001,0.001,64,128,242,lr=0.001_z=64_bs=128,"LR=0.001, z=64, batch size=128",20,225.56,2026-06-13 11:13:35.206,128,128\training (3).log,289,batch size=128
lr=0.001_z=64_bs=128_seed=242,lr=0.001_z=64_bs=128_seed=242,0.001,0.001,64,128,242,lr=0.001_z=64_bs=128,"LR=0.001, z=64, batch size=128",21,208.98,2026-06-13 11:14:18.160,128,128\training (3).log,291,batch size=128
lr=0.001_z=64_bs=128_seed=242,lr=0.001_z=64_bs=128_seed=242,0.001,0.001,64,128,242,lr=0.001_z=64_bs=128,"LR=0.001, z=64, batch size=128",22,206.06,2026-06-13 11:15:20.340,128,128\training (3).log,293,batch size=128
lr=0.001_z=64_bs=128_seed=242,lr=0.001_z=64_bs=128_seed=242,0.001,0.001,64,128,242,lr=0.001_z=64_bs=128,"LR=0.001, z=64, batch size=128",23,211.52,2026-06-13 11:16:03.847,128,128\training (3).log,294,batch size=128
lr=0.001_z=64_bs=128_seed=242,lr=0.001_z=64_bs=128_seed=242,0.001,0.001,64,128,242,lr=0.001_z=64_bs=128,"LR=0.001, z=64, batch size=128",24,199.79,2026-06-13 11:17:08.318,128,128\training (3).log,296,batch size=128
lr=0.001_z=64_bs=128_seed=242,lr=0.001_z=64_bs=128_seed=242,0.001,0.001,64,128,242,lr=0.001_z=64_bs=128,"LR=0.001, z=64, batch size=128",25,204.54,2026-06-13 11:17:51.466,128,128\training (3).log,297,batch size=128
lr=0.001_z=64_bs=128_seed=242,lr=0.001_z=64_bs=128_seed=242,0.001,0.001,64,128,242,lr=0.001_z=64_bs=128,"LR=0.001, z=64, batch size=128",26,196.16,2026-06-13 11:18:34.328,128,128\training (3).log,299,batch size=128
lr=0.001_z=64_bs=128_seed=242,lr=0.001_z=64_bs=128_seed=242,0.001,0.001,64,128,242,lr=0.001_z=64_bs=128,"LR=0.001, z=64, batch size=128",27,186.61,2026-06-13 11:19:36.747,128,128\training (3).log,301,batch size=128
lr=0.001_z=64_bs=128_seed=242,lr=0.001_z=64_bs=128_seed=242,0.001,0.001,64,128,242,lr=0.001_z=64_bs=128,"LR=0.001, z=64, batch size=128",28,191.05,2026-06-13 11:20:19.510,128,128\training (3).log,302,batch size=128
lr=0.001_z=64_bs=128_seed=242,lr=0.001_z=64_bs=128_seed=242,0.001,0.001,64,128,242,lr=0.001_z=64_bs=128,"LR=0.001, z=64, batch size=128",29,184.09,2026-06-13 11:21:21.298,128,128\training (3).log,304,batch size=128
lr=0.001_z=64_bs=128_seed=242,lr=0.001_z=64_bs=128_seed=242,0.001,0.001,64,128,242,lr=0.001_z=64_bs=128,"LR=0.001, z=64, batch size=128",30,176.97,2026-06-13 11:22:05.129,128,128\training (3).log,306,batch size=128
lr=0.001_z=64_bs=128_seed=242,lr=0.001_z=64_bs=128_seed=242,0.001,0.001,64,128,242,lr=0.001_z=64_bs=128,"LR=0.001, z=64, batch size=128",31,188.69,2026-06-13 11:23:08.444,128,128\training (3).log,307,batch size=128
lr=0.001_z=64_bs=128_seed=242,lr=0.001_z=64_bs=128_seed=242,0.001,0.001,64,128,242,lr=0.001_z=64_bs=128,"LR=0.001, z=64, batch size=128",32,169.47,2026-06-13 11:23:51.161,128,128\training (3).log,309,batch size=128
lr=0.001_z=64_bs=128_seed=242,lr=0.001_z=64_bs=128_seed=242,0.001,0.001,64,128,242,lr=0.001_z=64_bs=128,"LR=0.001, z=64, batch size=128",33,174.28,2026-06-13 11:24:34.654,128,128\training (3).log,310,batch size=128
lr=0.001_z=64_bs=128_seed=242,lr=0.001_z=64_bs=128_seed=242,0.001,0.001,64,128,242,lr=0.001_z=64_bs=128,"LR=0.001, z=64, batch size=128",34,166.97,2026-06-13 11:25:36.631,128,128\training (3).log,312,batch size=128
lr=0.001_z=64_bs=128_seed=242,lr=0.001_z=64_bs=128_seed=242,0.001,0.001,64,128,242,lr=0.001_z=64_bs=128,"LR=0.001, z=64, batch size=128",35,169.21,2026-06-13 11:26:19.689,128,128\training (3).log,313,batch size=128
lr=0.001_z=64_bs=128_seed=242,lr=0.001_z=64_bs=128_seed=242,0.001,0.001,64,128,242,lr=0.001_z=64_bs=128,"LR=0.001, z=64, batch size=128",36,172.97,2026-06-13 11:27:22.519,128,128\training (3).log,314,batch size=128
lr=0.001_z=64_bs=128_seed=242,lr=0.001_z=64_bs=128_seed=242,0.001,0.001,64,128,242,lr=0.001_z=64_bs=128,"LR=0.001, z=64, batch size=128",37,168.84,2026-06-13 11:28:05.201,128,128\training (3).log,315,batch size=128
lr=0.001_z=64_bs=128_seed=242,lr=0.001_z=64_bs=128_seed=242,0.001,0.001,64,128,242,lr=0.001_z=64_bs=128,"LR=0.001, z=64, batch size=128",38,170.11,2026-06-13 11:29:07.471,128,128\training (3).log,316,batch size=128
lr=0.001_z=64_bs=128_seed=242,lr=0.001_z=64_bs=128_seed=242,0.001,0.001,64,128,242,lr=0.001_z=64_bs=128,"LR=0.001, z=64, batch size=128",39,168.16,2026-06-13 11:29:50.265,128,128\training (3).log,317,batch size=128
lr=0.001_z=64_bs=128_seed=242,lr=0.001_z=64_bs=128_seed=242,0.001,0.001,64,128,242,lr=0.001_z=64_bs=128,"LR=0.001, z=64, batch size=128",40,170.93,2026-06-13 11:30:51.959,128,128\training (3).log,318,batch size=128
lr=0.001_z=64_bs=128_seed=242,lr=0.001_z=64_bs=128_seed=242,0.001,0.001,64,128,242,lr=0.001_z=64_bs=128,"LR=0.001, z=64, batch size=128",41,166.28,2026-06-13 11:31:34.589,128,128\training (3).log,320,batch size=128
lr=0.001_z=64_bs=128_seed=242,lr=0.001_z=64_bs=128_seed=242,0.001,0.001,64,128,242,lr=0.001_z=64_bs=128,"LR=0.001, z=64, batch size=128",42,168.01,2026-06-13 11:32:18.463,128,128\training (3).log,321,batch size=128
lr=0.001_z=64_bs=128_seed=242,lr=0.001_z=64_bs=128_seed=242,0.001,0.001,64,128,242,lr=0.001_z=64_bs=128,"LR=0.001, z=64, batch size=128",43,161.65,2026-06-13 11:33:20.974,128,128\training (3).log,323,batch size=128
lr=0.001_z=64_bs=128_seed=242,lr=0.001_z=64_bs=128_seed=242,0.001,0.001,64,128,242,lr=0.001_z=64_bs=128,"LR=0.001, z=64, batch size=128",44,172.79,2026-06-13 11:34:03.860,128,128\training (3).log,324,batch size=128
lr=0.001_z=64_bs=128_seed=242,lr=0.001_z=64_bs=128_seed=242,0.001,0.001,64,128,242,lr=0.001_z=64_bs=128,"LR=0.001, z=64, batch size=128",45,161.65,2026-06-13 11:35:05.815,128,128\training (3).log,325,batch size=128
lr=0.001_z=64_bs=128_seed=242,lr=0.001_z=64_bs=128_seed=242,0.001,0.001,64,128,242,lr=0.001_z=64_bs=128,"LR=0.001, z=64, batch size=128",46,169.66,2026-06-13 11:35:48.687,128,128\training (3).log,326,batch size=128
lr=0.001_z=64_bs=128_seed=242,lr=0.001_z=64_bs=128_seed=242,0.001,0.001,64,128,242,lr=0.001_z=64_bs=128,"LR=0.001, z=64, batch size=128",47,158.41,2026-06-13 11:36:51.165,128,128\training (3).log,328,batch size=128
lr=0.001_z=64_bs=128_seed=242,lr=0.001_z=64_bs=128_seed=242,0.001,0.001,64,128,242,lr=0.001_z=64_bs=128,"LR=0.001, z=64, batch size=128",48,163.29,2026-06-13 11:37:34.509,128,128\training (3).log,329,batch size=128
lr=0.001_z=64_bs=128_seed=242,lr=0.001_z=64_bs=128_seed=242,0.001,0.001,64,128,242,lr=0.001_z=64_bs=128,"LR=0.001, z=64, batch size=128",49,166.78,2026-06-13 11:38:56.768,128,128\training (3).log,330,batch size=128
lr=0.001_z=64_bs=128_seed=242,lr=0.001_z=64_bs=128_seed=242,0.001,0.001,64,128,242,lr=0.001_z=64_bs=128,"LR=0.001, z=64, batch size=128",50,154.95,2026-06-13 11:39:39.924,128,128\training (3).log,332,batch size=128
lr=0.001_z=64_bs=128_seed=242,lr=0.001_z=64_bs=128_seed=242,0.001,0.001,64,128,242,lr=0.001_z=64_bs=128,"LR=0.001, z=64, batch size=128",51,162.41,2026-06-13 11:40:22.738,128,128\training (3).log,333,batch size=128
lr=0.001_z=64_bs=128_seed=242,lr=0.001_z=64_bs=128_seed=242,0.001,0.001,64,128,242,lr=0.001_z=64_bs=128,"LR=0.001, z=64, batch size=128",52,169.73,2026-06-13 11:41:24.715,128,128\training (3).log,334,batch size=128
lr=0.001_z=64_bs=128_seed=242,lr=0.001_z=64_bs=128_seed=242,0.001,0.001,64,128,242,lr=0.001_z=64_bs=128,"LR=0.001, z=64, batch size=128",53,157.21,2026-06-13 11:42:07.441,128,128\training (3).log,335,batch size=128
lr=0.001_z=64_bs=128_seed=242,lr=0.001_z=64_bs=128_seed=242,0.001,0.001,64,128,242,lr=0.001_z=64_bs=128,"LR=0.001, z=64, batch size=128",54,166.09,2026-06-13 11:43:09.957,128,128\training (3).log,336,batch size=128
lr=0.001_z=64_bs=128_seed=242,lr=0.001_z=64_bs=128_seed=242,0.001,0.001,64,128,242,lr=0.001_z=64_bs=128,"LR=0.001, z=64, batch size=128",55,153.85,2026-06-13 11:43:53.273,128,128\training (3).log,338,batch size=128
lr=0.001_z=64_bs=128_seed=242,lr=0.001_z=64_bs=128_seed=242,0.001,0.001,64,128,242,lr=0.001_z=64_bs=128,"LR=0.001, z=64, batch size=128",56,151.73,2026-06-13 11:45:17.175,128,128\training (3).log,340,batch size=128
lr=0.001_z=64_bs=128_seed=242,lr=0.001_z=64_bs=128_seed=242,0.001,0.001,64,128,242,lr=0.001_z=64_bs=128,"LR=0.001, z=64, batch size=128",57,152.65,2026-06-13 11:46:00.507,128,128\training (3).log,341,batch size=128
lr=0.001_z=64_bs=128_seed=242,lr=0.001_z=64_bs=128_seed=242,0.001,0.001,64,128,242,lr=0.001_z=64_bs=128,"LR=0.001, z=64, batch size=128",58,157.88,2026-06-13 11:46:43.584,128,128\training (3).log,342,batch size=128
lr=0.001_z=64_bs=128_seed=242,lr=0.001_z=64_bs=128_seed=242,0.001,0.001,64,128,242,lr=0.001_z=64_bs=128,"LR=0.001, z=64, batch size=128",59,151.95,2026-06-13 11:47:45.447,128,128\training (3).log,343,batch size=128
lr=0.001_z=64_bs=128_seed=242,lr=0.001_z=64_bs=128_seed=242,0.001,0.001,64,128,242,lr=0.001_z=64_bs=128,"LR=0.001, z=64, batch size=128",60,151.58,2026-06-13 11:48:28.099,128,128\training (3).log,345,batch size=128
lr=0.001_z=64_bs=128_seed=242,lr=0.001_z=64_bs=128_seed=242,0.001,0.001,64,128,242,lr=0.001_z=64_bs=128,"LR=0.001, z=64, batch size=128",61,155.01,2026-06-13 11:49:30.234,128,128\training (3).log,346,batch size=128
lr=0.001_z=64_bs=128_seed=242,lr=0.001_z=64_bs=128_seed=242,0.001,0.001,64,128,242,lr=0.001_z=64_bs=128,"LR=0.001, z=64, batch size=128",62,166.29,2026-06-13 11:50:13.200,128,128\training (3).log,347,batch size=128
lr=0.001_z=64_bs=128_seed=242,lr=0.001_z=64_bs=128_seed=242,0.001,0.001,64,128,242,lr=0.001_z=64_bs=128,"LR=0.001, z=64, batch size=128",63,151.4,2026-06-13 11:51:35.737,128,128\training (3).log,349,batch size=128
lr=0.001_z=64_bs=128_seed=242,lr=0.001_z=64_bs=128_seed=242,0.001,0.001,64,128,242,lr=0.001_z=64_bs=128,"LR=0.001, z=64, batch size=128",64,141.37,2026-06-13 11:52:19.202,128,128\training (3).log,351,batch size=128
lr=0.001_z=64_bs=128_seed=242,lr=0.001_z=64_bs=128_seed=242,0.001,0.001,64,128,242,lr=0.001_z=64_bs=128,"LR=0.001, z=64, batch size=128",65,142.14,2026-06-13 11:53:02.709,128,128\training (3).log,352,batch size=128
lr=0.001_z=64_bs=128_seed=242,lr=0.001_z=64_bs=128_seed=242,0.001,0.001,64,128,242,lr=0.001_z=64_bs=128,"LR=0.001, z=64, batch size=128",66,145.5,2026-06-13 11:54:04.943,128,128\training (3).log,353,batch size=128
lr=0.001_z=64_bs=128_seed=242,lr=0.001_z=64_bs=128_seed=242,0.001,0.001,64,128,242,lr=0.001_z=64_bs=128,"LR=0.001, z=64, batch size=128",67,151.47,2026-06-13 11:54:47.836,128,128\training (3).log,354,batch size=128
lr=0.001_z=64_bs=128_seed=242,lr=0.001_z=64_bs=128_seed=242,0.001,0.001,64,128,242,lr=0.001_z=64_bs=128,"LR=0.001, z=64, batch size=128",68,148.22,2026-06-13 11:55:50.504,128,128\training (3).log,355,batch size=128
lr=0.001_z=64_bs=128_seed=242,lr=0.001_z=64_bs=128_seed=242,0.001,0.001,64,128,242,lr=0.001_z=64_bs=128,"LR=0.001, z=64, batch size=128",69,149.43,2026-06-13 11:56:33.496,128,128\training (3).log,356,batch size=128
lr=0.001_z=64_bs=128_seed=242,lr=0.001_z=64_bs=128_seed=242,0.001,0.001,64,128,242,lr=0.001_z=64_bs=128,"LR=0.001, z=64, batch size=128",70,141.55,2026-06-13 11:58:01.705,128,128\training (3).log,357,batch size=128
lr=0.001_z=64_bs=128_seed=242,lr=0.001_z=64_bs=128_seed=242,0.001,0.001,64,128,242,lr=0.001_z=64_bs=128,"LR=0.001, z=64, batch size=128",71,145.39,2026-06-13 11:58:45.133,128,128\training (3).log,358,batch size=128
lr=0.001_z=64_bs=128_seed=242,lr=0.001_z=64_bs=128_seed=242,0.001,0.001,64,128,242,lr=0.001_z=64_bs=128,"LR=0.001, z=64, batch size=128",72,142.87,2026-06-13 11:59:48.045,128,128\training (3).log,359,batch size=128
lr=0.001_z=64_bs=128_seed=242,lr=0.001_z=64_bs=128_seed=242,0.001,0.001,64,128,242,lr=0.001_z=64_bs=128,"LR=0.001, z=64, batch size=128",73,160.86,2026-06-13 12:00:30.643,128,128\training (3).log,360,batch size=128
lr=0.001_z=64_bs=128_seed=242,lr=0.001_z=64_bs=128_seed=242,0.001,0.001,64,128,242,lr=0.001_z=64_bs=128,"LR=0.001, z=64, batch size=128",74,149.34,2026-06-13 12:01:13.197,128,128\training (3).log,361,batch size=128
lr=0.001_z=64_bs=128_seed=242,lr=0.001_z=64_bs=128_seed=242,0.001,0.001,64,128,242,lr=0.001_z=64_bs=128,"LR=0.001, z=64, batch size=128",75,142.89,2026-06-13 12:02:15.204,128,128\training (3).log,362,batch size=128
lr=0.001_z=64_bs=128_seed=242,lr=0.001_z=64_bs=128_seed=242,0.001,0.001,64,128,242,lr=0.001_z=64_bs=128,"LR=0.001, z=64, batch size=128",76,149.3,2026-06-13 12:02:57.849,128,128\training (3).log,363,batch size=128
lr=0.001_z=64_bs=128_seed=242,lr=0.001_z=64_bs=128_seed=242,0.001,0.001,64,128,242,lr=0.001_z=64_bs=128,"LR=0.001, z=64, batch size=128",77,140.51,2026-06-13 12:04:00.429,128,128\training (3).log,365,batch size=128
lr=0.001_z=64_bs=128_seed=242,lr=0.001_z=64_bs=128_seed=242,0.001,0.001,64,128,242,lr=0.001_z=64_bs=128,"LR=0.001, z=64, batch size=128",78,140.34,2026-06-13 12:04:44.247,128,128\training (3).log,367,batch size=128
lr=0.001_z=64_bs=128_seed=242,lr=0.001_z=64_bs=128_seed=242,0.001,0.001,64,128,242,lr=0.001_z=64_bs=128,"LR=0.001, z=64, batch size=128",79,153.16,2026-06-13 12:05:46.539,128,128\training (3).log,368,batch size=128
lr=0.001_z=64_bs=128_seed=242,lr=0.001_z=64_bs=128_seed=242,0.001,0.001,64,128,242,lr=0.001_z=64_bs=128,"LR=0.001, z=64, batch size=128",80,147.64,2026-06-13 12:06:29.374,128,128\training (3).log,369,batch size=128
lr=0.001_z=64_bs=128_seed=242,lr=0.001_z=64_bs=128_seed=242,0.001,0.001,64,128,242,lr=0.001_z=64_bs=128,"LR=0.001, z=64, batch size=128",81,146.74,2026-06-13 12:07:51.467,128,128\training (3).log,370,batch size=128
lr=0.001_z=64_bs=128_seed=242,lr=0.001_z=64_bs=128_seed=242,0.001,0.001,64,128,242,lr=0.001_z=64_bs=128,"LR=0.001, z=64, batch size=128",82,138.88,2026-06-13 12:08:34.810,128,128\training (3).log,372,batch size=128
lr=0.001_z=64_bs=128_seed=242,lr=0.001_z=64_bs=128_seed=242,0.001,0.001,64,128,242,lr=0.001_z=64_bs=128,"LR=0.001, z=64, batch size=128",83,138.87,2026-06-13 12:09:18.647,128,128\training (3).log,374,batch size=128
lr=0.001_z=64_bs=128_seed=242,lr=0.001_z=64_bs=128_seed=242,0.001,0.001,64,128,242,lr=0.001_z=64_bs=128,"LR=0.001, z=64, batch size=128",84,136.95,2026-06-13 12:10:21.457,128,128\training (3).log,376,batch size=128
lr=0.001_z=64_bs=128_seed=242,lr=0.001_z=64_bs=128_seed=242,0.001,0.001,64,128,242,lr=0.001_z=64_bs=128,"LR=0.001, z=64, batch size=128",85,143.79,2026-06-13 12:11:05.307,128,128\training (3).log,377,batch size=128
lr=0.001_z=64_bs=128_seed=242,lr=0.001_z=64_bs=128_seed=242,0.001,0.001,64,128,242,lr=0.001_z=64_bs=128,"LR=0.001, z=64, batch size=128",86,143.69,2026-06-13 12:12:07.415,128,128\training (3).log,378,batch size=128
lr=0.001_z=64_bs=128_seed=242,lr=0.001_z=64_bs=128_seed=242,0.001,0.001,64,128,242,lr=0.001_z=64_bs=128,"LR=0.001, z=64, batch size=128",87,160.01,2026-06-13 12:12:49.917,128,128\training (3).log,379,batch size=128
lr=0.001_z=64_bs=128_seed=242,lr=0.001_z=64_bs=128_seed=242,0.001,0.001,64,128,242,lr=0.001_z=64_bs=128,"LR=0.001, z=64, batch size=128",88,155.62,2026-06-13 12:14:12.127,128,128\training (3).log,380,batch size=128
lr=0.001_z=64_bs=128_seed=242,lr=0.001_z=64_bs=128_seed=242,0.001,0.001,64,128,242,lr=0.001_z=64_bs=128,"LR=0.001, z=64, batch size=128",89,151.55,2026-06-13 12:14:55.234,128,128\training (3).log,381,batch size=128
lr=0.001_z=64_bs=128_seed=242,lr=0.001_z=64_bs=128_seed=242,0.001,0.001,64,128,242,lr=0.001_z=64_bs=128,"LR=0.001, z=64, batch size=128",90,143.58,2026-06-13 12:15:38.367,128,128\training (3).log,382,batch size=128
lr=0.001_z=64_bs=128_seed=242,lr=0.001_z=64_bs=128_seed=242,0.001,0.001,64,128,242,lr=0.001_z=64_bs=128,"LR=0.001, z=64, batch size=128",91,138.4,2026-06-13 12:16:40.608,128,128\training (3).log,383,batch size=128
lr=0.001_z=64_bs=128_seed=242,lr=0.001_z=64_bs=128_seed=242,0.001,0.001,64,128,242,lr=0.001_z=64_bs=128,"LR=0.001, z=64, batch size=128",92,149.27,2026-06-13 12:17:23.292,128,128\training (3).log,384,batch size=128
lr=0.001_z=64_bs=128_seed=242,lr=0.001_z=64_bs=128_seed=242,0.001,0.001,64,128,242,lr=0.001_z=64_bs=128,"LR=0.001, z=64, batch size=128",93,144.21,2026-06-13 12:18:25.205,128,128\training (3).log,385,batch size=128
lr=0.001_z=64_bs=128_seed=242,lr=0.001_z=64_bs=128_seed=242,0.001,0.001,64,128,242,lr=0.001_z=64_bs=128,"LR=0.001, z=64, batch size=128",94,143.72,2026-06-13 12:19:07.670,128,128\training (3).log,386,batch size=128
lr=0.001_z=64_bs=128_seed=242,lr=0.001_z=64_bs=128_seed=242,0.001,0.001,64,128,242,lr=0.001_z=64_bs=128,"LR=0.001, z=64, batch size=128",95,148.85,2026-06-13 12:19:50.670,128,128\training (3).log,387,batch size=128
lr=0.001_z=64_bs=128_seed=242,lr=0.001_z=64_bs=128_seed=242,0.001,0.001,64,128,242,lr=0.001_z=64_bs=128,"LR=0.001, z=64, batch size=128",96,166.46,2026-06-13 12:20:33.491,128,128\training (3).log,388,batch size=128
lr=0.001_z=64_bs=128_seed=242,lr=0.001_z=64_bs=128_seed=242,0.001,0.001,64,128,242,lr=0.001_z=64_bs=128,"LR=0.001, z=64, batch size=128",97,158.54,2026-06-13 12:21:15.436,128,128\training (3).log,389,batch size=128
lr=0.001_z=64_bs=128_seed=242,lr=0.001_z=64_bs=128_seed=242,0.001,0.001,64,128,242,lr=0.001_z=64_bs=128,"LR=0.001, z=64, batch size=128",98,143.4,2026-06-13 12:22:17.007,128,128\training (3).log,390,batch size=128
lr=0.001_z=64_bs=128_seed=242,lr=0.001_z=64_bs=128_seed=242,0.001,0.001,64,128,242,lr=0.001_z=64_bs=128,"LR=0.001, z=64, batch size=128",99,147.84,2026-06-13 12:22:58.994,128,128\training (3).log,391,batch size=128
lr=0.001_z=64_bs=128_seed=242,lr=0.001_z=64_bs=128_seed=242,0.001,0.001,64,128,242,lr=0.001_z=64_bs=128,"LR=0.001, z=64, batch size=128",100,144.06,2026-06-13 12:24:01.059,128,128\training (3).log,392,batch size=128
lr=0.001_z=64_bs=32_seed=42,lr=0.001_z=64_bs=32_seed=42,0.001,0.001,64,32,42,lr=0.001_z=64_bs=32,"LR=0.001, z=64, batch size=32",1,297.29,2026-06-13 07:45:29.796,32,32\training.log,6,batch size=32
lr=0.001_z=64_bs=32_seed=42,lr=0.001_z=64_bs=32_seed=42,0.001,0.001,64,32,42,lr=0.001_z=64_bs=32,"LR=0.001, z=64, batch size=32",2,297.54,2026-06-13 07:46:59.607,32,32\training.log,7,batch size=32
lr=0.001_z=64_bs=32_seed=42,lr=0.001_z=64_bs=32_seed=42,0.001,0.001,64,32,42,lr=0.001_z=64_bs=32,"LR=0.001, z=64, batch size=32",3,291.16,2026-06-13 07:48:27.022,32,32\training.log,9,batch size=32
lr=0.001_z=64_bs=32_seed=42,lr=0.001_z=64_bs=32_seed=42,0.001,0.001,64,32,42,lr=0.001_z=64_bs=32,"LR=0.001, z=64, batch size=32",4,265.61,2026-06-13 07:50:02.530,32,32\training.log,11,batch size=32
lr=0.001_z=64_bs=32_seed=42,lr=0.001_z=64_bs=32_seed=42,0.001,0.001,64,32,42,lr=0.001_z=64_bs=32,"LR=0.001, z=64, batch size=32",5,281.37,2026-06-13 07:51:32.935,32,32\training.log,12,batch size=32
lr=0.001_z=64_bs=32_seed=42,lr=0.001_z=64_bs=32_seed=42,0.001,0.001,64,32,42,lr=0.001_z=64_bs=32,"LR=0.001, z=64, batch size=32",6,250.01,2026-06-13 07:52:59.971,32,32\training.log,14,batch size=32
lr=0.001_z=64_bs=32_seed=42,lr=0.001_z=64_bs=32_seed=42,0.001,0.001,64,32,42,lr=0.001_z=64_bs=32,"LR=0.001, z=64, batch size=32",7,241.11,2026-06-13 07:54:45.756,32,32\training.log,16,batch size=32
lr=0.001_z=64_bs=32_seed=42,lr=0.001_z=64_bs=32_seed=42,0.001,0.001,64,32,42,lr=0.001_z=64_bs=32,"LR=0.001, z=64, batch size=32",8,229.1,2026-06-13 07:56:20.746,32,32\training.log,18,batch size=32
lr=0.001_z=64_bs=32_seed=42,lr=0.001_z=64_bs=32_seed=42,0.001,0.001,64,32,42,lr=0.001_z=64_bs=32,"LR=0.001, z=64, batch size=32",9,214.31,2026-06-13 07:57:58.546,32,32\training.log,20,batch size=32
lr=0.001_z=64_bs=32_seed=42,lr=0.001_z=64_bs=32_seed=42,0.001,0.001,64,32,42,lr=0.001_z=64_bs=32,"LR=0.001, z=64, batch size=32",10,200.79,2026-06-13 07:59:26.119,32,32\training.log,22,batch size=32
lr=0.001_z=64_bs=32_seed=42,lr=0.001_z=64_bs=32_seed=42,0.001,0.001,64,32,42,lr=0.001_z=64_bs=32,"LR=0.001, z=64, batch size=32",11,189.27,2026-06-13 08:00:54.011,32,32\training.log,24,batch size=32
lr=0.001_z=64_bs=32_seed=42,lr=0.001_z=64_bs=32_seed=42,0.001,0.001,64,32,42,lr=0.001_z=64_bs=32,"LR=0.001, z=64, batch size=32",12,186.76,2026-06-13 08:02:46.341,32,32\training.log,26,batch size=32
lr=0.001_z=64_bs=32_seed=42,lr=0.001_z=64_bs=32_seed=42,0.001,0.001,64,32,42,lr=0.001_z=64_bs=32,"LR=0.001, z=64, batch size=32",13,185.04,2026-06-13 08:04:14.457,32,32\training.log,28,batch size=32
lr=0.001_z=64_bs=32_seed=42,lr=0.001_z=64_bs=32_seed=42,0.001,0.001,64,32,42,lr=0.001_z=64_bs=32,"LR=0.001, z=64, batch size=32",14,168.22,2026-06-13 08:05:54.803,32,32\training.log,30,batch size=32
lr=0.001_z=64_bs=32_seed=42,lr=0.001_z=64_bs=32_seed=42,0.001,0.001,64,32,42,lr=0.001_z=64_bs=32,"LR=0.001, z=64, batch size=32",15,176.07,2026-06-13 08:07:32.532,32,32\training.log,31,batch size=32
lr=0.001_z=64_bs=32_seed=42,lr=0.001_z=64_bs=32_seed=42,0.001,0.001,64,32,42,lr=0.001_z=64_bs=32,"LR=0.001, z=64, batch size=32",16,165.83,2026-06-13 08:09:10.712,32,32\training.log,33,batch size=32
lr=0.001_z=64_bs=32_seed=42,lr=0.001_z=64_bs=32_seed=42,0.001,0.001,64,32,42,lr=0.001_z=64_bs=32,"LR=0.001, z=64, batch size=32",17,166.32,2026-06-13 08:10:48.461,32,32\training.log,34,batch size=32
lr=0.001_z=64_bs=32_seed=42,lr=0.001_z=64_bs=32_seed=42,0.001,0.001,64,32,42,lr=0.001_z=64_bs=32,"LR=0.001, z=64, batch size=32",18,164.06,2026-06-13 08:12:15.797,32,32\training.log,36,batch size=32
lr=0.001_z=64_bs=32_seed=42,lr=0.001_z=64_bs=32_seed=42,0.001,0.001,64,32,42,lr=0.001_z=64_bs=32,"LR=0.001, z=64, batch size=32",19,163.73,2026-06-13 08:13:50.508,32,32\training.log,38,batch size=32
lr=0.001_z=64_bs=32_seed=42,lr=0.001_z=64_bs=32_seed=42,0.001,0.001,64,32,42,lr=0.001_z=64_bs=32,"LR=0.001, z=64, batch size=32",20,159.72,2026-06-13 08:15:13.488,32,32\training.log,40,batch size=32
lr=0.001_z=64_bs=32_seed=42,lr=0.001_z=64_bs=32_seed=42,0.001,0.001,64,32,42,lr=0.001_z=64_bs=32,"LR=0.001, z=64, batch size=32",21,162.13,2026-06-13 08:16:46.313,32,32\training.log,41,batch size=32
lr=0.001_z=64_bs=32_seed=42,lr=0.001_z=64_bs=32_seed=42,0.001,0.001,64,32,42,lr=0.001_z=64_bs=32,"LR=0.001, z=64, batch size=32",22,160.91,2026-06-13 08:18:10.972,32,32\training.log,42,batch size=32
lr=0.001_z=64_bs=32_seed=42,lr=0.001_z=64_bs=32_seed=42,0.001,0.001,64,32,42,lr=0.001_z=64_bs=32,"LR=0.001, z=64, batch size=32",23,151.14,2026-06-13 08:19:34.752,32,32\training.log,44,batch size=32
lr=0.001_z=64_bs=32_seed=42,lr=0.001_z=64_bs=32_seed=42,0.001,0.001,64,32,42,lr=0.001_z=64_bs=32,"LR=0.001, z=64, batch size=32",24,154.45,2026-06-13 08:21:29.489,32,32\training.log,45,batch size=32
lr=0.001_z=64_bs=32_seed=42,lr=0.001_z=64_bs=32_seed=42,0.001,0.001,64,32,42,lr=0.001_z=64_bs=32,"LR=0.001, z=64, batch size=32",25,156.65,2026-06-13 08:22:56.925,32,32\training.log,46,batch size=32
lr=0.001_z=64_bs=32_seed=42,lr=0.001_z=64_bs=32_seed=42,0.001,0.001,64,32,42,lr=0.001_z=64_bs=32,"LR=0.001, z=64, batch size=32",26,149.5,2026-06-13 08:24:32.389,32,32\training.log,48,batch size=32
lr=0.001_z=64_bs=32_seed=42,lr=0.001_z=64_bs=32_seed=42,0.001,0.001,64,32,42,lr=0.001_z=64_bs=32,"LR=0.001, z=64, batch size=32",27,151.66,2026-06-13 08:26:00.286,32,32\training.log,49,batch size=32
lr=0.001_z=64_bs=32_seed=42,lr=0.001_z=64_bs=32_seed=42,0.001,0.001,64,32,42,lr=0.001_z=64_bs=32,"LR=0.001, z=64, batch size=32",28,148.75,2026-06-13 08:27:25.804,32,32\training.log,51,batch size=32
lr=0.001_z=64_bs=32_seed=42,lr=0.001_z=64_bs=32_seed=42,0.001,0.001,64,32,42,lr=0.001_z=64_bs=32,"LR=0.001, z=64, batch size=32",29,139.2,2026-06-13 08:28:55.722,32,32\training.log,53,batch size=32
lr=0.001_z=64_bs=32_seed=42,lr=0.001_z=64_bs=32_seed=42,0.001,0.001,64,32,42,lr=0.001_z=64_bs=32,"LR=0.001, z=64, batch size=32",30,149.5,2026-06-13 08:31:31.317,32,32\training.log,54,batch size=32
lr=0.001_z=64_bs=32_seed=42,lr=0.001_z=64_bs=32_seed=42,0.001,0.001,64,32,42,lr=0.001_z=64_bs=32,"LR=0.001, z=64, batch size=32",31,146.49,2026-06-13 08:33:16.380,32,32\training.log,55,batch size=32
lr=0.001_z=64_bs=32_seed=42,lr=0.001_z=64_bs=32_seed=42,0.001,0.001,64,32,42,lr=0.001_z=64_bs=32,"LR=0.001, z=64, batch size=32",32,137.34,2026-06-13 08:34:59.990,32,32\training.log,57,batch size=32
lr=0.001_z=64_bs=32_seed=42,lr=0.001_z=64_bs=32_seed=42,0.001,0.001,64,32,42,lr=0.001_z=64_bs=32,"LR=0.001, z=64, batch size=32",33,149.37,2026-06-13 08:36:44.585,32,32\training.log,58,batch size=32
lr=0.001_z=64_bs=32_seed=42,lr=0.001_z=64_bs=32_seed=42,0.001,0.001,64,32,42,lr=0.001_z=64_bs=32,"LR=0.001, z=64, batch size=32",34,143.98,2026-06-13 08:38:19.744,32,32\training.log,59,batch size=32
lr=0.001_z=64_bs=32_seed=42,lr=0.001_z=64_bs=32_seed=42,0.001,0.001,64,32,42,lr=0.001_z=64_bs=32,"LR=0.001, z=64, batch size=32",35,129.15,2026-06-13 08:39:52.494,32,32\training.log,61,batch size=32
lr=0.001_z=64_bs=32_seed=42,lr=0.001_z=64_bs=32_seed=42,0.001,0.001,64,32,42,lr=0.001_z=64_bs=32,"LR=0.001, z=64, batch size=32",36,135.82,2026-06-13 08:41:29.776,32,32\training.log,62,batch size=32
lr=0.001_z=64_bs=32_seed=42,lr=0.001_z=64_bs=32_seed=42,0.001,0.001,64,32,42,lr=0.001_z=64_bs=32,"LR=0.001, z=64, batch size=32",37,132.88,2026-06-13 08:43:24.221,32,32\training.log,63,batch size=32
lr=0.001_z=64_bs=32_seed=42,lr=0.001_z=64_bs=32_seed=42,0.001,0.001,64,32,42,lr=0.001_z=64_bs=32,"LR=0.001, z=64, batch size=32",38,131.14,2026-06-13 08:45:12.531,32,32\training.log,64,batch size=32
lr=0.001_z=64_bs=32_seed=42,lr=0.001_z=64_bs=32_seed=42,0.001,0.001,64,32,42,lr=0.001_z=64_bs=32,"LR=0.001, z=64, batch size=32",39,130.71,2026-06-13 08:46:39.475,32,32\training.log,65,batch size=32
lr=0.001_z=64_bs=32_seed=42,lr=0.001_z=64_bs=32_seed=42,0.001,0.001,64,32,42,lr=0.001_z=64_bs=32,"LR=0.001, z=64, batch size=32",40,131.48,2026-06-13 08:48:09.504,32,32\training.log,66,batch size=32
lr=0.001_z=64_bs=32_seed=42,lr=0.001_z=64_bs=32_seed=42,0.001,0.001,64,32,42,lr=0.001_z=64_bs=32,"LR=0.001, z=64, batch size=32",41,134.33,2026-06-13 08:49:36.711,32,32\training.log,67,batch size=32
lr=0.001_z=64_bs=32_seed=42,lr=0.001_z=64_bs=32_seed=42,0.001,0.001,64,32,42,lr=0.001_z=64_bs=32,"LR=0.001, z=64, batch size=32",42,140.45,2026-06-13 08:51:25.784,32,32\training.log,68,batch size=32
lr=0.001_z=64_bs=32_seed=42,lr=0.001_z=64_bs=32_seed=42,0.001,0.001,64,32,42,lr=0.001_z=64_bs=32,"LR=0.001, z=64, batch size=32",43,126.25,2026-06-13 08:53:33.657,32,32\training.log,70,batch size=32
lr=0.001_z=64_bs=32_seed=42,lr=0.001_z=64_bs=32_seed=42,0.001,0.001,64,32,42,lr=0.001_z=64_bs=32,"LR=0.001, z=64, batch size=32",44,124.7,2026-06-13 08:55:27.799,32,32\training.log,72,batch size=32
lr=0.001_z=64_bs=32_seed=42,lr=0.001_z=64_bs=32_seed=42,0.001,0.001,64,32,42,lr=0.001_z=64_bs=32,"LR=0.001, z=64, batch size=32",45,126.58,2026-06-13 08:57:28.072,32,32\training.log,73,batch size=32
lr=0.001_z=64_bs=32_seed=42,lr=0.001_z=64_bs=32_seed=42,0.001,0.001,64,32,42,lr=0.001_z=64_bs=32,"LR=0.001, z=64, batch size=32",46,131.01,2026-06-13 08:59:12.868,32,32\training.log,74,batch size=32
lr=0.001_z=64_bs=32_seed=42,lr=0.001_z=64_bs=32_seed=42,0.001,0.001,64,32,42,lr=0.001_z=64_bs=32,"LR=0.001, z=64, batch size=32",47,133.87,2026-06-13 09:00:46.592,32,32\training.log,75,batch size=32
lr=0.001_z=64_bs=32_seed=42,lr=0.001_z=64_bs=32_seed=42,0.001,0.001,64,32,42,lr=0.001_z=64_bs=32,"LR=0.001, z=64, batch size=32",48,125.43,2026-06-13 09:02:38.395,32,32\training.log,76,batch size=32
lr=0.001_z=64_bs=32_seed=42,lr=0.001_z=64_bs=32_seed=42,0.001,0.001,64,32,42,lr=0.001_z=64_bs=32,"LR=0.001, z=64, batch size=32",49,129.39,2026-06-13 09:04:49.100,32,32\training.log,77,batch size=32
lr=0.001_z=64_bs=32_seed=42,lr=0.001_z=64_bs=32_seed=42,0.001,0.001,64,32,42,lr=0.001_z=64_bs=32,"LR=0.001, z=64, batch size=32",50,125.8,2026-06-13 09:06:41.652,32,32\training.log,78,batch size=32
lr=0.001_z=64_bs=32_seed=42,lr=0.001_z=64_bs=32_seed=42,0.001,0.001,64,32,42,lr=0.001_z=64_bs=32,"LR=0.001, z=64, batch size=32",51,127.26,2026-06-13 09:08:12.792,32,32\training.log,79,batch size=32
lr=0.001_z=64_bs=32_seed=42,lr=0.001_z=64_bs=32_seed=42,0.001,0.001,64,32,42,lr=0.001_z=64_bs=32,"LR=0.001, z=64, batch size=32",52,126.13,2026-06-13 09:09:47.820,32,32\training.log,80,batch size=32
lr=0.001_z=64_bs=32_seed=42,lr=0.001_z=64_bs=32_seed=42,0.001,0.001,64,32,42,lr=0.001_z=64_bs=32,"LR=0.001, z=64, batch size=32",53,131.08,2026-06-13 09:11:23.272,32,32\training.log,81,batch size=32
lr=0.001_z=64_bs=32_seed=42,lr=0.001_z=64_bs=32_seed=42,0.001,0.001,64,32,42,lr=0.001_z=64_bs=32,"LR=0.001, z=64, batch size=32",54,132.09,2026-06-13 09:12:55.193,32,32\training.log,82,batch size=32
lr=0.001_z=64_bs=32_seed=42,lr=0.001_z=64_bs=32_seed=42,0.001,0.001,64,32,42,lr=0.001_z=64_bs=32,"LR=0.001, z=64, batch size=32",55,124.18,2026-06-13 09:14:37.809,32,32\training.log,84,batch size=32
lr=0.001_z=64_bs=32_seed=42,lr=0.001_z=64_bs=32_seed=42,0.001,0.001,64,32,42,lr=0.001_z=64_bs=32,"LR=0.001, z=64, batch size=32",56,123.79,2026-06-13 09:16:06.979,32,32\training.log,86,batch size=32
lr=0.001_z=64_bs=32_seed=42,lr=0.001_z=64_bs=32_seed=42,0.001,0.001,64,32,42,lr=0.001_z=64_bs=32,"LR=0.001, z=64, batch size=32",57,128.57,2026-06-13 09:17:49.864,32,32\training.log,87,batch size=32
lr=0.001_z=64_bs=32_seed=42,lr=0.001_z=64_bs=32_seed=42,0.001,0.001,64,32,42,lr=0.001_z=64_bs=32,"LR=0.001, z=64, batch size=32",58,148.4,2026-06-13 09:19:16.478,32,32\training.log,88,batch size=32
lr=0.001_z=64_bs=32_seed=42,lr=0.001_z=64_bs=32_seed=42,0.001,0.001,64,32,42,lr=0.001_z=64_bs=32,"LR=0.001, z=64, batch size=32",59,126.34,2026-06-13 09:20:41.855,32,32\training.log,89,batch size=32
lr=0.001_z=64_bs=32_seed=42,lr=0.001_z=64_bs=32_seed=42,0.001,0.001,64,32,42,lr=0.001_z=64_bs=32,"LR=0.001, z=64, batch size=32",60,125.35,2026-06-13 09:23:03.178,32,32\training.log,90,batch size=32
lr=0.001_z=64_bs=32_seed=42,lr=0.001_z=64_bs=32_seed=42,0.001,0.001,64,32,42,lr=0.001_z=64_bs=32,"LR=0.001, z=64, batch size=32",61,131.71,2026-06-13 09:24:33.483,32,32\training.log,91,batch size=32
lr=0.001_z=64_bs=32_seed=42,lr=0.001_z=64_bs=32_seed=42,0.001,0.001,64,32,42,lr=0.001_z=64_bs=32,"LR=0.001, z=64, batch size=32",62,130.0,2026-06-13 09:26:12.227,32,32\training.log,92,batch size=32
lr=0.001_z=64_bs=32_seed=42,lr=0.001_z=64_bs=32_seed=42,0.001,0.001,64,32,42,lr=0.001_z=64_bs=32,"LR=0.001, z=64, batch size=32",63,117.51,2026-06-13 09:27:45.633,32,32\training.log,94,batch size=32
lr=0.001_z=64_bs=32_seed=42,lr=0.001_z=64_bs=32_seed=42,0.001,0.001,64,32,42,lr=0.001_z=64_bs=32,"LR=0.001, z=64, batch size=32",64,125.85,2026-06-13 09:29:38.440,32,32\training.log,95,batch size=32
lr=0.001_z=64_bs=32_seed=42,lr=0.001_z=64_bs=32_seed=42,0.001,0.001,64,32,42,lr=0.001_z=64_bs=32,"LR=0.001, z=64, batch size=32",65,125.81,2026-06-13 09:31:43.821,32,32\training.log,96,batch size=32
lr=0.001_z=64_bs=32_seed=42,lr=0.001_z=64_bs=32_seed=42,0.001,0.001,64,32,42,lr=0.001_z=64_bs=32,"LR=0.001, z=64, batch size=32",66,123.04,2026-06-13 09:34:01.916,32,32\training.log,97,batch size=32
lr=0.001_z=64_bs=32_seed=42,lr=0.001_z=64_bs=32_seed=42,0.001,0.001,64,32,42,lr=0.001_z=64_bs=32,"LR=0.001, z=64, batch size=32",67,121.61,2026-06-13 09:36:27.434,32,32\training.log,98,batch size=32
lr=0.001_z=64_bs=32_seed=42,lr=0.001_z=64_bs=32_seed=42,0.001,0.001,64,32,42,lr=0.001_z=64_bs=32,"LR=0.001, z=64, batch size=32",68,129.41,2026-06-13 09:38:04.970,32,32\training.log,99,batch size=32
lr=0.001_z=64_bs=32_seed=42,lr=0.001_z=64_bs=32_seed=42,0.001,0.001,64,32,42,lr=0.001_z=64_bs=32,"LR=0.001, z=64, batch size=32",69,119.39,2026-06-13 09:39:40.853,32,32\training.log,100,batch size=32
lr=0.001_z=64_bs=32_seed=42,lr=0.001_z=64_bs=32_seed=42,0.001,0.001,64,32,42,lr=0.001_z=64_bs=32,"LR=0.001, z=64, batch size=32",70,126.81,2026-06-13 09:41:14.651,32,32\training.log,101,batch size=32
lr=0.001_z=64_bs=32_seed=42,lr=0.001_z=64_bs=32_seed=42,0.001,0.001,64,32,42,lr=0.001_z=64_bs=32,"LR=0.001, z=64, batch size=32",71,114.12,2026-06-13 09:42:41.650,32,32\training.log,103,batch size=32
lr=0.001_z=64_bs=32_seed=42,lr=0.001_z=64_bs=32_seed=42,0.001,0.001,64,32,42,lr=0.001_z=64_bs=32,"LR=0.001, z=64, batch size=32",72,127.77,2026-06-13 09:44:27.334,32,32\training.log,104,batch size=32
lr=0.001_z=64_bs=32_seed=42,lr=0.001_z=64_bs=32_seed=42,0.001,0.001,64,32,42,lr=0.001_z=64_bs=32,"LR=0.001, z=64, batch size=32",73,126.17,2026-06-13 09:45:54.170,32,32\training.log,105,batch size=32
lr=0.001_z=64_bs=32_seed=42,lr=0.001_z=64_bs=32_seed=42,0.001,0.001,64,32,42,lr=0.001_z=64_bs=32,"LR=0.001, z=64, batch size=32",74,120.28,2026-06-13 09:47:41.217,32,32\training.log,106,batch size=32
lr=0.001_z=64_bs=32_seed=42,lr=0.001_z=64_bs=32_seed=42,0.001,0.001,64,32,42,lr=0.001_z=64_bs=32,"LR=0.001, z=64, batch size=32",75,122.55,2026-06-13 09:49:06.928,32,32\training.log,107,batch size=32
lr=0.001_z=64_bs=32_seed=42,lr=0.001_z=64_bs=32_seed=42,0.001,0.001,64,32,42,lr=0.001_z=64_bs=32,"LR=0.001, z=64, batch size=32",76,122.94,2026-06-13 09:50:50.561,32,32\training.log,108,batch size=32
lr=0.001_z=64_bs=32_seed=42,lr=0.001_z=64_bs=32_seed=42,0.001,0.001,64,32,42,lr=0.001_z=64_bs=32,"LR=0.001, z=64, batch size=32",77,108.56,2026-06-13 09:52:21.934,32,32\training.log,110,batch size=32
lr=0.001_z=64_bs=32_seed=42,lr=0.001_z=64_bs=32_seed=42,0.001,0.001,64,32,42,lr=0.001_z=64_bs=32,"LR=0.001, z=64, batch size=32",78,117.68,2026-06-13 09:53:48.028,32,32\training.log,111,batch size=32
lr=0.001_z=64_bs=32_seed=42,lr=0.001_z=64_bs=32_seed=42,0.001,0.001,64,32,42,lr=0.001_z=64_bs=32,"LR=0.001, z=64, batch size=32",79,133.28,2026-06-13 09:55:22.955,32,32\training.log,112,batch size=32
lr=0.001_z=64_bs=32_seed=42,lr=0.001_z=64_bs=32_seed=42,0.001,0.001,64,32,42,lr=0.001_z=64_bs=32,"LR=0.001, z=64, batch size=32",80,132.64,2026-06-13 09:56:47.554,32,32\training.log,113,batch size=32
lr=0.001_z=64_bs=32_seed=42,lr=0.001_z=64_bs=32_seed=42,0.001,0.001,64,32,42,lr=0.001_z=64_bs=32,"LR=0.001, z=64, batch size=32",81,112.77,2026-06-13 09:58:28.007,32,32\training.log,114,batch size=32
lr=0.001_z=64_bs=32_seed=42,lr=0.001_z=64_bs=32_seed=42,0.001,0.001,64,32,42,lr=0.001_z=64_bs=32,"LR=0.001, z=64, batch size=32",82,122.6,2026-06-13 09:59:57.544,32,32\training.log,115,batch size=32
lr=0.001_z=64_bs=32_seed=42,lr=0.001_z=64_bs=32_seed=42,0.001,0.001,64,32,42,lr=0.001_z=64_bs=32,"LR=0.001, z=64, batch size=32",83,127.58,2026-06-13 10:01:29.270,32,32\training.log,116,batch size=32
lr=0.001_z=64_bs=32_seed=42,lr=0.001_z=64_bs=32_seed=42,0.001,0.001,64,32,42,lr=0.001_z=64_bs=32,"LR=0.001, z=64, batch size=32",84,120.19,2026-06-13 10:03:01.535,32,32\training.log,117,batch size=32
lr=0.001_z=64_bs=32_seed=42,lr=0.001_z=64_bs=32_seed=42,0.001,0.001,64,32,42,lr=0.001_z=64_bs=32,"LR=0.001, z=64, batch size=32",85,123.64,2026-06-13 10:04:54.299,32,32\training.log,118,batch size=32
lr=0.001_z=64_bs=32_seed=42,lr=0.001_z=64_bs=32_seed=42,0.001,0.001,64,32,42,lr=0.001_z=64_bs=32,"LR=0.001, z=64, batch size=32",86,138.62,2026-06-13 10:07:38.773,32,32\training.log,119,batch size=32
lr=0.001_z=64_bs=32_seed=42,lr=0.001_z=64_bs=32_seed=42,0.001,0.001,64,32,42,lr=0.001_z=64_bs=32,"LR=0.001, z=64, batch size=32",87,122.54,2026-06-13 10:09:11.726,32,32\training.log,120,batch size=32
lr=0.001_z=64_bs=32_seed=42,lr=0.001_z=64_bs=32_seed=42,0.001,0.001,64,32,42,lr=0.001_z=64_bs=32,"LR=0.001, z=64, batch size=32",88,124.56,2026-06-13 10:11:10.783,32,32\training.log,121,batch size=32
lr=0.001_z=64_bs=32_seed=42,lr=0.001_z=64_bs=32_seed=42,0.001,0.001,64,32,42,lr=0.001_z=64_bs=32,"LR=0.001, z=64, batch size=32",89,117.37,2026-06-13 10:12:49.158,32,32\training.log,122,batch size=32
lr=0.001_z=64_bs=32_seed=42,lr=0.001_z=64_bs=32_seed=42,0.001,0.001,64,32,42,lr=0.001_z=64_bs=32,"LR=0.001, z=64, batch size=32",90,111.1,2026-06-13 10:14:53.909,32,32\training.log,123,batch size=32
lr=0.001_z=64_bs=32_seed=42,lr=0.001_z=64_bs=32_seed=42,0.001,0.001,64,32,42,lr=0.001_z=64_bs=32,"LR=0.001, z=64, batch size=32",91,119.25,2026-06-13 10:16:42.316,32,32\training.log,124,batch size=32
lr=0.001_z=64_bs=32_seed=42,lr=0.001_z=64_bs=32_seed=42,0.001,0.001,64,32,42,lr=0.001_z=64_bs=32,"LR=0.001, z=64, batch size=32",92,129.13,2026-06-13 10:18:41.392,32,32\training.log,125,batch size=32
lr=0.001_z=64_bs=32_seed=42,lr=0.001_z=64_bs=32_seed=42,0.001,0.001,64,32,42,lr=0.001_z=64_bs=32,"LR=0.001, z=64, batch size=32",93,111.49,2026-06-13 10:20:39.756,32,32\training.log,126,batch size=32
lr=0.001_z=64_bs=32_seed=42,lr=0.001_z=64_bs=32_seed=42,0.001,0.001,64,32,42,lr=0.001_z=64_bs=32,"LR=0.001, z=64, batch size=32",94,114.93,2026-06-13 10:22:32.735,32,32\training.log,127,batch size=32
lr=0.001_z=64_bs=32_seed=42,lr=0.001_z=64_bs=32_seed=42,0.001,0.001,64,32,42,lr=0.001_z=64_bs=32,"LR=0.001, z=64, batch size=32",95,113.76,2026-06-13 10:24:10.907,32,32\training.log,128,batch size=32
lr=0.001_z=64_bs=32_seed=42,lr=0.001_z=64_bs=32_seed=42,0.001,0.001,64,32,42,lr=0.001_z=64_bs=32,"LR=0.001, z=64, batch size=32",96,127.56,2026-06-13 10:25:55.808,32,32\training.log,129,batch size=32
lr=0.001_z=64_bs=32_seed=42,lr=0.001_z=64_bs=32_seed=42,0.001,0.001,64,32,42,lr=0.001_z=64_bs=32,"LR=0.001, z=64, batch size=32",97,118.81,2026-06-13 10:27:22.632,32,32\training.log,130,batch size=32
lr=0.001_z=64_bs=32_seed=42,lr=0.001_z=64_bs=32_seed=42,0.001,0.001,64,32,42,lr=0.001_z=64_bs=32,"LR=0.001, z=64, batch size=32",98,114.04,2026-06-13 10:29:04.973,32,32\training.log,131,batch size=32
lr=0.001_z=64_bs=32_seed=42,lr=0.001_z=64_bs=32_seed=42,0.001,0.001,64,32,42,lr=0.001_z=64_bs=32,"LR=0.001, z=64, batch size=32",99,123.75,2026-06-13 10:30:34.154,32,32\training.log,132,batch size=32
lr=0.001_z=64_bs=32_seed=42,lr=0.001_z=64_bs=32_seed=42,0.001,0.001,64,32,42,lr=0.001_z=64_bs=32,"LR=0.001, z=64, batch size=32",100,126.33,2026-06-13 10:32:15.239,32,32\training.log,133,batch size=32
lr=0.001_z=64_bs=32_seed=142,lr=0.001_z=64_bs=32_seed=142,0.001,0.001,64,32,142,lr=0.001_z=64_bs=32,"LR=0.001, z=64, batch size=32",1,295.4,2026-06-13 10:41:04.892,32,32\training.log,141,batch size=32
lr=0.001_z=64_bs=32_seed=142,lr=0.001_z=64_bs=32_seed=142,0.001,0.001,64,32,142,lr=0.001_z=64_bs=32,"LR=0.001, z=64, batch size=32",2,285.52,2026-06-13 10:42:52.718,32,32\training.log,143,batch size=32
lr=0.001_z=64_bs=32_seed=142,lr=0.001_z=64_bs=32_seed=142,0.001,0.001,64,32,142,lr=0.001_z=64_bs=32,"LR=0.001, z=64, batch size=32",3,273.84,2026-06-13 10:44:31.519,32,32\training.log,145,batch size=32
lr=0.001_z=64_bs=32_seed=142,lr=0.001_z=64_bs=32_seed=142,0.001,0.001,64,32,142,lr=0.001_z=64_bs=32,"LR=0.001, z=64, batch size=32",4,274.35,2026-06-13 10:46:03.888,32,32\training.log,146,batch size=32
lr=0.001_z=64_bs=32_seed=142,lr=0.001_z=64_bs=32_seed=142,0.001,0.001,64,32,142,lr=0.001_z=64_bs=32,"LR=0.001, z=64, batch size=32",5,255.98,2026-06-13 10:47:36.566,32,32\training.log,148,batch size=32
lr=0.001_z=64_bs=32_seed=142,lr=0.001_z=64_bs=32_seed=142,0.001,0.001,64,32,142,lr=0.001_z=64_bs=32,"LR=0.001, z=64, batch size=32",6,237.38,2026-06-13 10:49:04.267,32,32\training.log,150,batch size=32
lr=0.001_z=64_bs=32_seed=142,lr=0.001_z=64_bs=32_seed=142,0.001,0.001,64,32,142,lr=0.001_z=64_bs=32,"LR=0.001, z=64, batch size=32",7,229.75,2026-06-13 10:50:44.253,32,32\training.log,152,batch size=32
lr=0.001_z=64_bs=32_seed=142,lr=0.001_z=64_bs=32_seed=142,0.001,0.001,64,32,142,lr=0.001_z=64_bs=32,"LR=0.001, z=64, batch size=32",8,231.97,2026-06-13 10:52:12.477,32,32\training.log,153,batch size=32
lr=0.001_z=64_bs=32_seed=142,lr=0.001_z=64_bs=32_seed=142,0.001,0.001,64,32,142,lr=0.001_z=64_bs=32,"LR=0.001, z=64, batch size=32",9,220.84,2026-06-13 10:53:50.139,32,32\training.log,155,batch size=32
lr=0.001_z=64_bs=32_seed=142,lr=0.001_z=64_bs=32_seed=142,0.001,0.001,64,32,142,lr=0.001_z=64_bs=32,"LR=0.001, z=64, batch size=32",10,201.83,2026-06-13 10:55:18.442,32,32\training.log,157,batch size=32
lr=0.001_z=64_bs=32_seed=142,lr=0.001_z=64_bs=32_seed=142,0.001,0.001,64,32,142,lr=0.001_z=64_bs=32,"LR=0.001, z=64, batch size=32",11,189.69,2026-06-13 10:56:43.891,32,32\training.log,159,batch size=32
lr=0.001_z=64_bs=32_seed=142,lr=0.001_z=64_bs=32_seed=142,0.001,0.001,64,32,142,lr=0.001_z=64_bs=32,"LR=0.001, z=64, batch size=32",12,204.8,2026-06-13 10:58:08.466,32,32\training.log,160,batch size=32
lr=0.001_z=64_bs=32_seed=142,lr=0.001_z=64_bs=32_seed=142,0.001,0.001,64,32,142,lr=0.001_z=64_bs=32,"LR=0.001, z=64, batch size=32",13,189.69,2026-06-13 10:59:37.523,32,32\training.log,161,batch size=32
lr=0.001_z=64_bs=32_seed=142,lr=0.001_z=64_bs=32_seed=142,0.001,0.001,64,32,142,lr=0.001_z=64_bs=32,"LR=0.001, z=64, batch size=32",14,174.09,2026-06-13 11:01:15.161,32,32\training.log,163,batch size=32
lr=0.001_z=64_bs=32_seed=142,lr=0.001_z=64_bs=32_seed=142,0.001,0.001,64,32,142,lr=0.001_z=64_bs=32,"LR=0.001, z=64, batch size=32",15,179.99,2026-06-13 11:02:44.376,32,32\training.log,164,batch size=32
lr=0.001_z=64_bs=32_seed=142,lr=0.001_z=64_bs=32_seed=142,0.001,0.001,64,32,142,lr=0.001_z=64_bs=32,"LR=0.001, z=64, batch size=32",16,168.7,2026-06-13 11:04:15.942,32,32\training.log,166,batch size=32
lr=0.001_z=64_bs=32_seed=142,lr=0.001_z=64_bs=32_seed=142,0.001,0.001,64,32,142,lr=0.001_z=64_bs=32,"LR=0.001, z=64, batch size=32",17,167.87,2026-06-13 11:05:57.754,32,32\training.log,168,batch size=32
lr=0.001_z=64_bs=32_seed=142,lr=0.001_z=64_bs=32_seed=142,0.001,0.001,64,32,142,lr=0.001_z=64_bs=32,"LR=0.001, z=64, batch size=32",18,157.6,2026-06-13 11:07:30.900,32,32\training.log,170,batch size=32
lr=0.001_z=64_bs=32_seed=142,lr=0.001_z=64_bs=32_seed=142,0.001,0.001,64,32,142,lr=0.001_z=64_bs=32,"LR=0.001, z=64, batch size=32",19,159.64,2026-06-13 11:09:12.630,32,32\training.log,171,batch size=32
lr=0.001_z=64_bs=32_seed=142,lr=0.001_z=64_bs=32_seed=142,0.001,0.001,64,32,142,lr=0.001_z=64_bs=32,"LR=0.001, z=64, batch size=32",20,154.8,2026-06-13 11:10:46.442,32,32\training.log,173,batch size=32
lr=0.001_z=64_bs=32_seed=142,lr=0.001_z=64_bs=32_seed=142,0.001,0.001,64,32,142,lr=0.001_z=64_bs=32,"LR=0.001, z=64, batch size=32",21,147.16,2026-06-13 11:12:25.554,32,32\training.log,175,batch size=32
lr=0.001_z=64_bs=32_seed=142,lr=0.001_z=64_bs=32_seed=142,0.001,0.001,64,32,142,lr=0.001_z=64_bs=32,"LR=0.001, z=64, batch size=32",22,152.79,2026-06-13 11:13:54.159,32,32\training.log,176,batch size=32
lr=0.001_z=64_bs=32_seed=142,lr=0.001_z=64_bs=32_seed=142,0.001,0.001,64,32,142,lr=0.001_z=64_bs=32,"LR=0.001, z=64, batch size=32",23,164.54,2026-06-13 11:15:39.952,32,32\training.log,177,batch size=32
lr=0.001_z=64_bs=32_seed=142,lr=0.001_z=64_bs=32_seed=142,0.001,0.001,64,32,142,lr=0.001_z=64_bs=32,"LR=0.001, z=64, batch size=32",24,154.62,2026-06-13 11:17:31.295,32,32\training.log,178,batch size=32
lr=0.001_z=64_bs=32_seed=142,lr=0.001_z=64_bs=32_seed=142,0.001,0.001,64,32,142,lr=0.001_z=64_bs=32,"LR=0.001, z=64, batch size=32",25,147.6,2026-06-13 11:18:58.238,32,32\training.log,179,batch size=32
lr=0.001_z=64_bs=32_seed=142,lr=0.001_z=64_bs=32_seed=142,0.001,0.001,64,32,142,lr=0.001_z=64_bs=32,"LR=0.001, z=64, batch size=32",26,146.3,2026-06-13 11:20:35.487,32,32\training.log,181,batch size=32
lr=0.001_z=64_bs=32_seed=142,lr=0.001_z=64_bs=32_seed=142,0.001,0.001,64,32,142,lr=0.001_z=64_bs=32,"LR=0.001, z=64, batch size=32",27,147.56,2026-06-13 11:22:02.184,32,32\training.log,182,batch size=32
lr=0.001_z=64_bs=32_seed=142,lr=0.001_z=64_bs=32_seed=142,0.001,0.001,64,32,142,lr=0.001_z=64_bs=32,"LR=0.001, z=64, batch size=32",28,137.7,2026-06-13 11:23:31.512,32,32\training.log,184,batch size=32
lr=0.001_z=64_bs=32_seed=142,lr=0.001_z=64_bs=32_seed=142,0.001,0.001,64,32,142,lr=0.001_z=64_bs=32,"LR=0.001, z=64, batch size=32",29,136.8,2026-06-13 11:25:24.375,32,32\training.log,186,batch size=32
lr=0.001_z=64_bs=32_seed=142,lr=0.001_z=64_bs=32_seed=142,0.001,0.001,64,32,142,lr=0.001_z=64_bs=32,"LR=0.001, z=64, batch size=32",30,138.41,2026-06-13 11:27:11.260,32,32\training.log,187,batch size=32
lr=0.001_z=64_bs=32_seed=142,lr=0.001_z=64_bs=32_seed=142,0.001,0.001,64,32,142,lr=0.001_z=64_bs=32,"LR=0.001, z=64, batch size=32",31,140.9,2026-06-13 11:29:04.161,32,32\training.log,188,batch size=32
lr=0.001_z=64_bs=32_seed=142,lr=0.001_z=64_bs=32_seed=142,0.001,0.001,64,32,142,lr=0.001_z=64_bs=32,"LR=0.001, z=64, batch size=32",32,138.0,2026-06-13 11:30:33.300,32,32\training.log,189,batch size=32
lr=0.001_z=64_bs=32_seed=142,lr=0.001_z=64_bs=32_seed=142,0.001,0.001,64,32,142,lr=0.001_z=64_bs=32,"LR=0.001, z=64, batch size=32",33,138.51,2026-06-13 11:31:59.586,32,32\training.log,190,batch size=32
lr=0.001_z=64_bs=32_seed=142,lr=0.001_z=64_bs=32_seed=142,0.001,0.001,64,32,142,lr=0.001_z=64_bs=32,"LR=0.001, z=64, batch size=32",34,133.23,2026-06-13 11:33:34.478,32,32\training.log,192,batch size=32
lr=0.001_z=64_bs=32_seed=142,lr=0.001_z=64_bs=32_seed=142,0.001,0.001,64,32,142,lr=0.001_z=64_bs=32,"LR=0.001, z=64, batch size=32",35,137.35,2026-06-13 11:35:15.273,32,32\training.log,193,batch size=32
lr=0.001_z=64_bs=32_seed=142,lr=0.001_z=64_bs=32_seed=142,0.001,0.001,64,32,142,lr=0.001_z=64_bs=32,"LR=0.001, z=64, batch size=32",36,132.8,2026-06-13 11:37:10.793,32,32\training.log,195,batch size=32
lr=0.001_z=64_bs=32_seed=142,lr=0.001_z=64_bs=32_seed=142,0.001,0.001,64,32,142,lr=0.001_z=64_bs=32,"LR=0.001, z=64, batch size=32",37,138.71,2026-06-13 11:38:39.308,32,32\training.log,196,batch size=32
lr=0.001_z=64_bs=32_seed=142,lr=0.001_z=64_bs=32_seed=142,0.001,0.001,64,32,142,lr=0.001_z=64_bs=32,"LR=0.001, z=64, batch size=32",38,135.22,2026-06-13 11:40:15.684,32,32\training.log,197,batch size=32
lr=0.001_z=64_bs=32_seed=142,lr=0.001_z=64_bs=32_seed=142,0.001,0.001,64,32,142,lr=0.001_z=64_bs=32,"LR=0.001, z=64, batch size=32",39,127.7,2026-06-13 11:41:43.860,32,32\training.log,199,batch size=32
lr=0.001_z=64_bs=32_seed=142,lr=0.001_z=64_bs=32_seed=142,0.001,0.001,64,32,142,lr=0.001_z=64_bs=32,"LR=0.001, z=64, batch size=32",40,131.08,2026-06-13 11:43:17.809,32,32\training.log,200,batch size=32
lr=0.001_z=64_bs=32_seed=142,lr=0.001_z=64_bs=32_seed=142,0.001,0.001,64,32,142,lr=0.001_z=64_bs=32,"LR=0.001, z=64, batch size=32",41,142.38,2026-06-13 11:45:08.039,32,32\training.log,201,batch size=32
lr=0.001_z=64_bs=32_seed=142,lr=0.001_z=64_bs=32_seed=142,0.001,0.001,64,32,142,lr=0.001_z=64_bs=32,"LR=0.001, z=64, batch size=32",42,130.66,2026-06-13 11:46:51.734,32,32\training.log,202,batch size=32
lr=0.001_z=64_bs=32_seed=142,lr=0.001_z=64_bs=32_seed=142,0.001,0.001,64,32,142,lr=0.001_z=64_bs=32,"LR=0.001, z=64, batch size=32",43,133.25,2026-06-13 11:48:32.377,32,32\training.log,203,batch size=32
lr=0.001_z=64_bs=32_seed=142,lr=0.001_z=64_bs=32_seed=142,0.001,0.001,64,32,142,lr=0.001_z=64_bs=32,"LR=0.001, z=64, batch size=32",44,141.09,2026-06-13 11:50:02.383,32,32\training.log,204,batch size=32
lr=0.001_z=64_bs=32_seed=142,lr=0.001_z=64_bs=32_seed=142,0.001,0.001,64,32,142,lr=0.001_z=64_bs=32,"LR=0.001, z=64, batch size=32",45,135.92,2026-06-13 11:52:03.463,32,32\training.log,205,batch size=32
lr=0.001_z=64_bs=32_seed=142,lr=0.001_z=64_bs=32_seed=142,0.001,0.001,64,32,142,lr=0.001_z=64_bs=32,"LR=0.001, z=64, batch size=32",46,123.79,2026-06-13 11:53:49.247,32,32\training.log,207,batch size=32
lr=0.001_z=64_bs=32_seed=142,lr=0.001_z=64_bs=32_seed=142,0.001,0.001,64,32,142,lr=0.001_z=64_bs=32,"LR=0.001, z=64, batch size=32",47,132.95,2026-06-13 11:55:28.285,32,32\training.log,208,batch size=32
lr=0.001_z=64_bs=32_seed=142,lr=0.001_z=64_bs=32_seed=142,0.001,0.001,64,32,142,lr=0.001_z=64_bs=32,"LR=0.001, z=64, batch size=32",48,135.18,2026-06-13 11:57:13.140,32,32\training.log,209,batch size=32
lr=0.001_z=64_bs=32_seed=142,lr=0.001_z=64_bs=32_seed=142,0.001,0.001,64,32,142,lr=0.001_z=64_bs=32,"LR=0.001, z=64, batch size=32",49,134.77,2026-06-13 11:58:43.663,32,32\training.log,210,batch size=32
lr=0.001_z=64_bs=32_seed=142,lr=0.001_z=64_bs=32_seed=142,0.001,0.001,64,32,142,lr=0.001_z=64_bs=32,"LR=0.001, z=64, batch size=32",50,137.38,2026-06-13 12:00:24.966,32,32\training.log,211,batch size=32
lr=0.001_z=64_bs=32_seed=142,lr=0.001_z=64_bs=32_seed=142,0.001,0.001,64,32,142,lr=0.001_z=64_bs=32,"LR=0.001, z=64, batch size=32",51,126.15,2026-06-13 12:01:55.525,32,32\training.log,212,batch size=32
lr=0.001_z=64_bs=32_seed=142,lr=0.001_z=64_bs=32_seed=142,0.001,0.001,64,32,142,lr=0.001_z=64_bs=32,"LR=0.001, z=64, batch size=32",52,125.71,2026-06-13 12:03:28.854,32,32\training.log,213,batch size=32
lr=0.001_z=64_bs=32_seed=142,lr=0.001_z=64_bs=32_seed=142,0.001,0.001,64,32,142,lr=0.001_z=64_bs=32,"LR=0.001, z=64, batch size=32",53,129.97,2026-06-13 12:04:58.551,32,32\training.log,214,batch size=32
lr=0.001_z=64_bs=32_seed=142,lr=0.001_z=64_bs=32_seed=142,0.001,0.001,64,32,142,lr=0.001_z=64_bs=32,"LR=0.001, z=64, batch size=32",54,142.02,2026-06-13 12:06:30.267,32,32\training.log,215,batch size=32
lr=0.001_z=64_bs=32_seed=142,lr=0.001_z=64_bs=32_seed=142,0.001,0.001,64,32,142,lr=0.001_z=64_bs=32,"LR=0.001, z=64, batch size=32",55,141.54,2026-06-13 12:08:10.208,32,32\training.log,216,batch size=32
lr=0.001_z=64_bs=32_seed=142,lr=0.001_z=64_bs=32_seed=142,0.001,0.001,64,32,142,lr=0.001_z=64_bs=32,"LR=0.001, z=64, batch size=32",56,137.1,2026-06-13 12:09:40.253,32,32\training.log,217,batch size=32
lr=0.001_z=64_bs=32_seed=142,lr=0.001_z=64_bs=32_seed=142,0.001,0.001,64,32,142,lr=0.001_z=64_bs=32,"LR=0.001, z=64, batch size=32",57,127.37,2026-06-13 12:11:15.326,32,32\training.log,218,batch size=32
lr=0.001_z=64_bs=32_seed=142,lr=0.001_z=64_bs=32_seed=142,0.001,0.001,64,32,142,lr=0.001_z=64_bs=32,"LR=0.001, z=64, batch size=32",58,138.51,2026-06-13 12:12:59.625,32,32\training.log,219,batch size=32
lr=0.001_z=64_bs=32_seed=142,lr=0.001_z=64_bs=32_seed=142,0.001,0.001,64,32,142,lr=0.001_z=64_bs=32,"LR=0.001, z=64, batch size=32",59,128.73,2026-06-13 12:14:38.335,32,32\training.log,220,batch size=32
lr=0.001_z=64_bs=32_seed=142,lr=0.001_z=64_bs=32_seed=142,0.001,0.001,64,32,142,lr=0.001_z=64_bs=32,"LR=0.001, z=64, batch size=32",60,120.44,2026-06-13 12:16:25.038,32,32\training.log,222,batch size=32
lr=0.001_z=64_bs=32_seed=142,lr=0.001_z=64_bs=32_seed=142,0.001,0.001,64,32,142,lr=0.001_z=64_bs=32,"LR=0.001, z=64, batch size=32",61,131.99,2026-06-13 12:17:58.009,32,32\training.log,223,batch size=32
lr=0.001_z=64_bs=32_seed=142,lr=0.001_z=64_bs=32_seed=142,0.001,0.001,64,32,142,lr=0.001_z=64_bs=32,"LR=0.001, z=64, batch size=32",62,127.13,2026-06-13 12:19:39.916,32,32\training.log,224,batch size=32
lr=0.001_z=64_bs=32_seed=142,lr=0.001_z=64_bs=32_seed=142,0.001,0.001,64,32,142,lr=0.001_z=64_bs=32,"LR=0.001, z=64, batch size=32",63,114.93,2026-06-13 12:21:23.595,32,32\training.log,226,batch size=32
lr=0.001_z=64_bs=32_seed=142,lr=0.001_z=64_bs=32_seed=142,0.001,0.001,64,32,142,lr=0.001_z=64_bs=32,"LR=0.001, z=64, batch size=32",64,118.03,2026-06-13 12:23:04.419,32,32\training.log,227,batch size=32
lr=0.001_z=64_bs=32_seed=142,lr=0.001_z=64_bs=32_seed=142,0.001,0.001,64,32,142,lr=0.001_z=64_bs=32,"LR=0.001, z=64, batch size=32",65,120.63,2026-06-13 12:24:38.487,32,32\training.log,228,batch size=32
lr=0.001_z=64_bs=32_seed=142,lr=0.001_z=64_bs=32_seed=142,0.001,0.001,64,32,142,lr=0.001_z=64_bs=32,"LR=0.001, z=64, batch size=32",66,130.55,2026-06-13 12:26:16.148,32,32\training.log,229,batch size=32
lr=0.001_z=64_bs=32_seed=142,lr=0.001_z=64_bs=32_seed=142,0.001,0.001,64,32,142,lr=0.001_z=64_bs=32,"LR=0.001, z=64, batch size=32",67,121.27,2026-06-13 12:28:00.065,32,32\training.log,230,batch size=32
lr=0.001_z=64_bs=32_seed=142,lr=0.001_z=64_bs=32_seed=142,0.001,0.001,64,32,142,lr=0.001_z=64_bs=32,"LR=0.001, z=64, batch size=32",68,119.86,2026-06-13 12:29:33.648,32,32\training.log,231,batch size=32
lr=0.001_z=64_bs=32_seed=142,lr=0.001_z=64_bs=32_seed=142,0.001,0.001,64,32,142,lr=0.001_z=64_bs=32,"LR=0.001, z=64, batch size=32",69,120.11,2026-06-13 12:31:16.177,32,32\training.log,232,batch size=32
lr=0.001_z=64_bs=32_seed=142,lr=0.001_z=64_bs=32_seed=142,0.001,0.001,64,32,142,lr=0.001_z=64_bs=32,"LR=0.001, z=64, batch size=32",70,141.66,2026-06-13 12:37:44.186,32,32\training.log,233,batch size=32
lr=0.001_z=64_bs=32_seed=142,lr=0.001_z=64_bs=32_seed=142,0.001,0.001,64,32,142,lr=0.001_z=64_bs=32,"LR=0.001, z=64, batch size=32",71,127.6,2026-06-13 12:39:32.652,32,32\training.log,234,batch size=32
lr=0.001_z=64_bs=32_seed=142,lr=0.001_z=64_bs=32_seed=142,0.001,0.001,64,32,142,lr=0.001_z=64_bs=32,"LR=0.001, z=64, batch size=32",72,112.33,2026-06-13 12:41:38.399,32,32\training.log,236,batch size=32
lr=0.001_z=64_bs=32_seed=142,lr=0.001_z=64_bs=32_seed=142,0.001,0.001,64,32,142,lr=0.001_z=64_bs=32,"LR=0.001, z=64, batch size=32",73,130.78,2026-06-13 12:43:21.261,32,32\training.log,237,batch size=32
lr=0.001_z=64_bs=32_seed=142,lr=0.001_z=64_bs=32_seed=142,0.001,0.001,64,32,142,lr=0.001_z=64_bs=32,"LR=0.001, z=64, batch size=32",74,118.75,2026-06-13 12:45:11.957,32,32\training.log,238,batch size=32
lr=0.001_z=64_bs=32_seed=142,lr=0.001_z=64_bs=32_seed=142,0.001,0.001,64,32,142,lr=0.001_z=64_bs=32,"LR=0.001, z=64, batch size=32",75,130.66,2026-06-13 12:46:51.627,32,32\training.log,239,batch size=32
lr=0.001_z=64_bs=32_seed=142,lr=0.001_z=64_bs=32_seed=142,0.001,0.001,64,32,142,lr=0.001_z=64_bs=32,"LR=0.001, z=64, batch size=32",76,137.29,2026-06-13 12:48:32.755,32,32\training.log,240,batch size=32
lr=0.001_z=64_bs=32_seed=142,lr=0.001_z=64_bs=32_seed=142,0.001,0.001,64,32,142,lr=0.001_z=64_bs=32,"LR=0.001, z=64, batch size=32",77,125.31,2026-06-13 12:50:39.190,32,32\training.log,241,batch size=32
lr=0.001_z=64_bs=32_seed=142,lr=0.001_z=64_bs=32_seed=142,0.001,0.001,64,32,142,lr=0.001_z=64_bs=32,"LR=0.001, z=64, batch size=32",78,138.4,2026-06-13 12:52:13.703,32,32\training.log,242,batch size=32
lr=0.001_z=64_bs=32_seed=142,lr=0.001_z=64_bs=32_seed=142,0.001,0.001,64,32,142,lr=0.001_z=64_bs=32,"LR=0.001, z=64, batch size=32",79,131.27,2026-06-13 12:53:55.275,32,32\training.log,243,batch size=32
lr=0.001_z=64_bs=32_seed=142,lr=0.001_z=64_bs=32_seed=142,0.001,0.001,64,32,142,lr=0.001_z=64_bs=32,"LR=0.001, z=64, batch size=32",80,122.57,2026-06-13 12:55:24.606,32,32\training.log,244,batch size=32
lr=0.001_z=64_bs=32_seed=142,lr=0.001_z=64_bs=32_seed=142,0.001,0.001,64,32,142,lr=0.001_z=64_bs=32,"LR=0.001, z=64, batch size=32",81,123.46,2026-06-13 12:56:56.567,32,32\training.log,245,batch size=32
lr=0.001_z=64_bs=32_seed=142,lr=0.001_z=64_bs=32_seed=142,0.001,0.001,64,32,142,lr=0.001_z=64_bs=32,"LR=0.001, z=64, batch size=32",82,117.73,2026-06-13 12:58:32.384,32,32\training.log,246,batch size=32
lr=0.001_z=64_bs=32_seed=142,lr=0.001_z=64_bs=32_seed=142,0.001,0.001,64,32,142,lr=0.001_z=64_bs=32,"LR=0.001, z=64, batch size=32",83,128.48,2026-06-13 13:00:05.187,32,32\training.log,247,batch size=32
lr=0.001_z=64_bs=32_seed=142,lr=0.001_z=64_bs=32_seed=142,0.001,0.001,64,32,142,lr=0.001_z=64_bs=32,"LR=0.001, z=64, batch size=32",84,122.29,2026-06-13 13:01:44.527,32,32\training.log,248,batch size=32
lr=0.001_z=64_bs=32_seed=142,lr=0.001_z=64_bs=32_seed=142,0.001,0.001,64,32,142,lr=0.001_z=64_bs=32,"LR=0.001, z=64, batch size=32",85,136.83,2026-06-13 13:03:11.859,32,32\training.log,249,batch size=32
lr=0.001_z=64_bs=32_seed=142,lr=0.001_z=64_bs=32_seed=142,0.001,0.001,64,32,142,lr=0.001_z=64_bs=32,"LR=0.001, z=64, batch size=32",86,119.88,2026-06-13 13:04:50.341,32,32\training.log,250,batch size=32
lr=0.001_z=64_bs=32_seed=142,lr=0.001_z=64_bs=32_seed=142,0.001,0.001,64,32,142,lr=0.001_z=64_bs=32,"LR=0.001, z=64, batch size=32",87,121.48,2026-06-13 13:06:23.840,32,32\training.log,251,batch size=32
lr=0.001_z=64_bs=32_seed=142,lr=0.001_z=64_bs=32_seed=142,0.001,0.001,64,32,142,lr=0.001_z=64_bs=32,"LR=0.001, z=64, batch size=32",88,119.2,2026-06-13 13:08:39.818,32,32\training.log,252,batch size=32
lr=0.001_z=64_bs=32_seed=142,lr=0.001_z=64_bs=32_seed=142,0.001,0.001,64,32,142,lr=0.001_z=64_bs=32,"LR=0.001, z=64, batch size=32",89,117.87,2026-06-13 13:10:32.561,32,32\training.log,253,batch size=32
lr=0.001_z=64_bs=32_seed=142,lr=0.001_z=64_bs=32_seed=142,0.001,0.001,64,32,142,lr=0.001_z=64_bs=32,"LR=0.001, z=64, batch size=32",90,121.49,2026-06-13 13:12:00.121,32,32\training.log,254,batch size=32
lr=0.001_z=64_bs=32_seed=142,lr=0.001_z=64_bs=32_seed=142,0.001,0.001,64,32,142,lr=0.001_z=64_bs=32,"LR=0.001, z=64, batch size=32",91,133.0,2026-06-13 13:13:39.097,32,32\training.log,255,batch size=32
lr=0.001_z=64_bs=32_seed=142,lr=0.001_z=64_bs=32_seed=142,0.001,0.001,64,32,142,lr=0.001_z=64_bs=32,"LR=0.001, z=64, batch size=32",92,118.76,2026-06-13 13:15:11.812,32,32\training.log,256,batch size=32
lr=0.001_z=64_bs=32_seed=142,lr=0.001_z=64_bs=32_seed=142,0.001,0.001,64,32,142,lr=0.001_z=64_bs=32,"LR=0.001, z=64, batch size=32",93,124.95,2026-06-13 13:16:58.131,32,32\training.log,257,batch size=32
lr=0.001_z=64_bs=32_seed=142,lr=0.001_z=64_bs=32_seed=142,0.001,0.001,64,32,142,lr=0.001_z=64_bs=32,"LR=0.001, z=64, batch size=32",94,118.0,2026-06-13 13:18:23.580,32,32\training.log,258,batch size=32
lr=0.001_z=64_bs=32_seed=142,lr=0.001_z=64_bs=32_seed=142,0.001,0.001,64,32,142,lr=0.001_z=64_bs=32,"LR=0.001, z=64, batch size=32",95,125.56,2026-06-13 13:19:55.533,32,32\training.log,259,batch size=32
lr=0.001_z=64_bs=32_seed=142,lr=0.001_z=64_bs=32_seed=142,0.001,0.001,64,32,142,lr=0.001_z=64_bs=32,"LR=0.001, z=64, batch size=32",96,126.21,2026-06-13 13:21:32.623,32,32\training.log,260,batch size=32
lr=0.001_z=64_bs=32_seed=142,lr=0.001_z=64_bs=32_seed=142,0.001,0.001,64,32,142,lr=0.001_z=64_bs=32,"LR=0.001, z=64, batch size=32",97,132.24,2026-06-13 13:22:59.402,32,32\training.log,261,batch size=32
lr=0.001_z=64_bs=32_seed=142,lr=0.001_z=64_bs=32_seed=142,0.001,0.001,64,32,142,lr=0.001_z=64_bs=32,"LR=0.001, z=64, batch size=32",98,129.49,2026-06-13 13:24:36.761,32,32\training.log,262,batch size=32
lr=0.001_z=64_bs=32_seed=142,lr=0.001_z=64_bs=32_seed=142,0.001,0.001,64,32,142,lr=0.001_z=64_bs=32,"LR=0.001, z=64, batch size=32",99,125.89,2026-06-13 13:26:05.075,32,32\training.log,263,batch size=32
lr=0.001_z=64_bs=32_seed=142,lr=0.001_z=64_bs=32_seed=142,0.001,0.001,64,32,142,lr=0.001_z=64_bs=32,"LR=0.001, z=64, batch size=32",100,129.16,2026-06-13 13:27:35.386,32,32\training.log,264,batch size=32
lr=0.001_z=64_bs=32_seed=242,lr=0.001_z=64_bs=32_seed=242,0.001,0.001,64,32,242,lr=0.001_z=64_bs=32,"LR=0.001, z=64, batch size=32",1,308.54,2026-06-13 13:32:52.607,32,32\training.log,272,batch size=32
lr=0.001_z=64_bs=32_seed=242,lr=0.001_z=64_bs=32_seed=242,0.001,0.001,64,32,242,lr=0.001_z=64_bs=32,"LR=0.001, z=64, batch size=32",2,306.83,2026-06-13 13:34:24.244,32,32\training.log,274,batch size=32
lr=0.001_z=64_bs=32_seed=242,lr=0.001_z=64_bs=32_seed=242,0.001,0.001,64,32,242,lr=0.001_z=64_bs=32,"LR=0.001, z=64, batch size=32",3,384.31,2026-06-13 13:35:58.084,32,32\training.log,275,batch size=32
lr=0.001_z=64_bs=32_seed=242,lr=0.001_z=64_bs=32_seed=242,0.001,0.001,64,32,242,lr=0.001_z=64_bs=32,"LR=0.001, z=64, batch size=32",4,286.4,2026-06-13 13:37:30.175,32,32\training.log,277,batch size=32
lr=0.001_z=64_bs=32_seed=242,lr=0.001_z=64_bs=32_seed=242,0.001,0.001,64,32,242,lr=0.001_z=64_bs=32,"LR=0.001, z=64, batch size=32",5,264.58,2026-06-13 13:39:09.334,32,32\training.log,279,batch size=32
lr=0.001_z=64_bs=32_seed=242,lr=0.001_z=64_bs=32_seed=242,0.001,0.001,64,32,242,lr=0.001_z=64_bs=32,"LR=0.001, z=64, batch size=32",6,254.57,2026-06-13 13:40:37.743,32,32\training.log,281,batch size=32
lr=0.001_z=64_bs=32_seed=242,lr=0.001_z=64_bs=32_seed=242,0.001,0.001,64,32,242,lr=0.001_z=64_bs=32,"LR=0.001, z=64, batch size=32",7,242.03,2026-06-13 13:42:19.629,32,32\training.log,283,batch size=32
lr=0.001_z=64_bs=32_seed=242,lr=0.001_z=64_bs=32_seed=242,0.001,0.001,64,32,242,lr=0.001_z=64_bs=32,"LR=0.001, z=64, batch size=32",8,228.19,2026-06-13 13:43:50.184,32,32\training.log,285,batch size=32
lr=0.001_z=64_bs=32_seed=242,lr=0.001_z=64_bs=32_seed=242,0.001,0.001,64,32,242,lr=0.001_z=64_bs=32,"LR=0.001, z=64, batch size=32",9,210.95,2026-06-13 13:45:18.847,32,32\training.log,287,batch size=32
lr=0.001_z=64_bs=32_seed=242,lr=0.001_z=64_bs=32_seed=242,0.001,0.001,64,32,242,lr=0.001_z=64_bs=32,"LR=0.001, z=64, batch size=32",10,217.73,2026-06-13 13:47:13.116,32,32\training.log,288,batch size=32
lr=0.001_z=64_bs=32_seed=242,lr=0.001_z=64_bs=32_seed=242,0.001,0.001,64,32,242,lr=0.001_z=64_bs=32,"LR=0.001, z=64, batch size=32",11,193.56,2026-06-13 13:48:54.459,32,32\training.log,290,batch size=32
lr=0.001_z=64_bs=32_seed=242,lr=0.001_z=64_bs=32_seed=242,0.001,0.001,64,32,242,lr=0.001_z=64_bs=32,"LR=0.001, z=64, batch size=32",12,179.07,2026-06-13 13:50:38.032,32,32\training.log,292,batch size=32
lr=0.001_z=64_bs=32_seed=242,lr=0.001_z=64_bs=32_seed=242,0.001,0.001,64,32,242,lr=0.001_z=64_bs=32,"LR=0.001, z=64, batch size=32",13,184.71,2026-06-13 13:52:09.868,32,32\training.log,293,batch size=32
lr=0.001_z=64_bs=32_seed=242,lr=0.001_z=64_bs=32_seed=242,0.001,0.001,64,32,242,lr=0.001_z=64_bs=32,"LR=0.001, z=64, batch size=32",14,177.05,2026-06-13 13:53:54.913,32,32\training.log,295,batch size=32
lr=0.001_z=64_bs=32_seed=242,lr=0.001_z=64_bs=32_seed=242,0.001,0.001,64,32,242,lr=0.001_z=64_bs=32,"LR=0.001, z=64, batch size=32",15,176.22,2026-06-13 13:55:35.960,32,32\training.log,297,batch size=32
lr=0.001_z=64_bs=32_seed=242,lr=0.001_z=64_bs=32_seed=242,0.001,0.001,64,32,242,lr=0.001_z=64_bs=32,"LR=0.001, z=64, batch size=32",16,171.54,2026-06-13 13:58:02.811,32,32\training.log,299,batch size=32
lr=0.001_z=64_bs=32_seed=242,lr=0.001_z=64_bs=32_seed=242,0.001,0.001,64,32,242,lr=0.001_z=64_bs=32,"LR=0.001, z=64, batch size=32",17,176.03,2026-06-13 14:00:41.200,32,32\training.log,300,batch size=32
lr=0.001_z=64_bs=32_seed=242,lr=0.001_z=64_bs=32_seed=242,0.001,0.001,64,32,242,lr=0.001_z=64_bs=32,"LR=0.001, z=64, batch size=32",18,158.73,2026-06-13 14:03:17.376,32,32\training.log,302,batch size=32
lr=0.001_z=64_bs=32_seed=242,lr=0.001_z=64_bs=32_seed=242,0.001,0.001,64,32,242,lr=0.001_z=64_bs=32,"LR=0.001, z=64, batch size=32",19,155.85,2026-06-13 14:05:20.877,32,32\training.log,304,batch size=32
lr=0.001_z=64_bs=32_seed=242,lr=0.001_z=64_bs=32_seed=242,0.001,0.001,64,32,242,lr=0.001_z=64_bs=32,"LR=0.001, z=64, batch size=32",20,148.51,2026-06-13 14:07:09.615,32,32\training.log,306,batch size=32
lr=0.001_z=64_bs=32_seed=242,lr=0.001_z=64_bs=32_seed=242,0.001,0.001,64,32,242,lr=0.001_z=64_bs=32,"LR=0.001, z=64, batch size=32",21,145.89,2026-06-13 14:08:52.952,32,32\training.log,308,batch size=32
lr=0.001_z=64_bs=32_seed=242,lr=0.001_z=64_bs=32_seed=242,0.001,0.001,64,32,242,lr=0.001_z=64_bs=32,"LR=0.001, z=64, batch size=32",22,155.42,2026-06-13 14:10:54.976,32,32\training.log,309,batch size=32
lr=0.001_z=64_bs=32_seed=242,lr=0.001_z=64_bs=32_seed=242,0.001,0.001,64,32,242,lr=0.001_z=64_bs=32,"LR=0.001, z=64, batch size=32",23,151.26,2026-06-13 14:12:41.101,32,32\training.log,310,batch size=32
lr=0.001_z=64_bs=32_seed=242,lr=0.001_z=64_bs=32_seed=242,0.001,0.001,64,32,242,lr=0.001_z=64_bs=32,"LR=0.001, z=64, batch size=32",24,146.05,2026-06-13 14:14:30.643,32,32\training.log,311,batch size=32
lr=0.001_z=64_bs=32_seed=242,lr=0.001_z=64_bs=32_seed=242,0.001,0.001,64,32,242,lr=0.001_z=64_bs=32,"LR=0.001, z=64, batch size=32",25,154.62,2026-06-13 14:16:25.795,32,32\training.log,312,batch size=32
lr=0.001_z=64_bs=32_seed=242,lr=0.001_z=64_bs=32_seed=242,0.001,0.001,64,32,242,lr=0.001_z=64_bs=32,"LR=0.001, z=64, batch size=32",26,148.31,2026-06-13 14:18:54.100,32,32\training.log,313,batch size=32
lr=0.001_z=64_bs=32_seed=242,lr=0.001_z=64_bs=32_seed=242,0.001,0.001,64,32,242,lr=0.001_z=64_bs=32,"LR=0.001, z=64, batch size=32",27,156.68,2026-06-13 14:20:50.559,32,32\training.log,314,batch size=32
lr=0.001_z=64_bs=32_seed=242,lr=0.001_z=64_bs=32_seed=242,0.001,0.001,64,32,242,lr=0.001_z=64_bs=32,"LR=0.001, z=64, batch size=32",28,140.58,2026-06-13 14:22:31.876,32,32\training.log,316,batch size=32
lr=0.001_z=64_bs=32_seed=242,lr=0.001_z=64_bs=32_seed=242,0.001,0.001,64,32,242,lr=0.001_z=64_bs=32,"LR=0.001, z=64, batch size=32",29,147.31,2026-06-13 14:24:40.875,32,32\training.log,317,batch size=32
lr=0.001_z=64_bs=32_seed=242,lr=0.001_z=64_bs=32_seed=242,0.001,0.001,64,32,242,lr=0.001_z=64_bs=32,"LR=0.001, z=64, batch size=32",30,149.28,2026-06-13 14:26:17.909,32,32\training.log,318,batch size=32
lr=0.001_z=64_bs=32_seed=242,lr=0.001_z=64_bs=32_seed=242,0.001,0.001,64,32,242,lr=0.001_z=64_bs=32,"LR=0.001, z=64, batch size=32",31,135.31,2026-06-13 14:28:06.320,32,32\training.log,320,batch size=32
lr=0.001_z=64_bs=32_seed=242,lr=0.001_z=64_bs=32_seed=242,0.001,0.001,64,32,242,lr=0.001_z=64_bs=32,"LR=0.001, z=64, batch size=32",32,140.25,2026-06-13 14:29:47.760,32,32\training.log,321,batch size=32
lr=0.001_z=64_bs=32_seed=242,lr=0.001_z=64_bs=32_seed=242,0.001,0.001,64,32,242,lr=0.001_z=64_bs=32,"LR=0.001, z=64, batch size=32",33,157.76,2026-06-13 14:31:25.898,32,32\training.log,322,batch size=32
lr=0.001_z=64_bs=32_seed=242,lr=0.001_z=64_bs=32_seed=242,0.001,0.001,64,32,242,lr=0.001_z=64_bs=32,"LR=0.001, z=64, batch size=32",34,135.92,2026-06-13 14:33:17.975,32,32\training.log,323,batch size=32
lr=0.001_z=64_bs=32_seed=242,lr=0.001_z=64_bs=32_seed=242,0.001,0.001,64,32,242,lr=0.001_z=64_bs=32,"LR=0.001, z=64, batch size=32",35,131.54,2026-06-13 14:34:47.360,32,32\training.log,325,batch size=32
lr=0.001_z=64_bs=32_seed=242,lr=0.001_z=64_bs=32_seed=242,0.001,0.001,64,32,242,lr=0.001_z=64_bs=32,"LR=0.001, z=64, batch size=32",36,143.25,2026-06-13 14:36:25.191,32,32\training.log,326,batch size=32
lr=0.001_z=64_bs=32_seed=242,lr=0.001_z=64_bs=32_seed=242,0.001,0.001,64,32,242,lr=0.001_z=64_bs=32,"LR=0.001, z=64, batch size=32",37,136.33,2026-06-13 14:37:55.829,32,32\training.log,327,batch size=32
lr=0.001_z=64_bs=32_seed=242,lr=0.001_z=64_bs=32_seed=242,0.001,0.001,64,32,242,lr=0.001_z=64_bs=32,"LR=0.001, z=64, batch size=32",38,139.52,2026-06-13 14:39:23.172,32,32\training.log,328,batch size=32
lr=0.001_z=64_bs=32_seed=242,lr=0.001_z=64_bs=32_seed=242,0.001,0.001,64,32,242,lr=0.001_z=64_bs=32,"LR=0.001, z=64, batch size=32",39,129.17,2026-06-13 14:41:23.222,32,32\training.log,330,batch size=32
lr=0.001_z=64_bs=32_seed=242,lr=0.001_z=64_bs=32_seed=242,0.001,0.001,64,32,242,lr=0.001_z=64_bs=32,"LR=0.001, z=64, batch size=32",40,143.67,2026-06-13 14:43:01.217,32,32\training.log,331,batch size=32
lr=0.001_z=64_bs=32_seed=242,lr=0.001_z=64_bs=32_seed=242,0.001,0.001,64,32,242,lr=0.001_z=64_bs=32,"LR=0.001, z=64, batch size=32",41,135.48,2026-06-13 14:45:32.353,32,32\training.log,332,batch size=32
lr=0.001_z=64_bs=32_seed=242,lr=0.001_z=64_bs=32_seed=242,0.001,0.001,64,32,242,lr=0.001_z=64_bs=32,"LR=0.001, z=64, batch size=32",42,128.78,2026-06-13 14:47:07.026,32,32\training.log,334,batch size=32
lr=0.001_z=64_bs=32_seed=242,lr=0.001_z=64_bs=32_seed=242,0.001,0.001,64,32,242,lr=0.001_z=64_bs=32,"LR=0.001, z=64, batch size=32",43,126.59,2026-06-13 14:48:44.103,32,32\training.log,336,batch size=32
lr=0.001_z=64_bs=32_seed=242,lr=0.001_z=64_bs=32_seed=242,0.001,0.001,64,32,242,lr=0.001_z=64_bs=32,"LR=0.001, z=64, batch size=32",44,130.76,2026-06-13 14:50:43.270,32,32\training.log,337,batch size=32
lr=0.001_z=64_bs=32_seed=242,lr=0.001_z=64_bs=32_seed=242,0.001,0.001,64,32,242,lr=0.001_z=64_bs=32,"LR=0.001, z=64, batch size=32",45,128.09,2026-06-13 14:52:23.054,32,32\training.log,338,batch size=32
lr=0.001_z=64_bs=32_seed=242,lr=0.001_z=64_bs=32_seed=242,0.001,0.001,64,32,242,lr=0.001_z=64_bs=32,"LR=0.001, z=64, batch size=32",46,134.85,2026-06-13 14:54:10.467,32,32\training.log,339,batch size=32
lr=0.001_z=64_bs=32_seed=242,lr=0.001_z=64_bs=32_seed=242,0.001,0.001,64,32,242,lr=0.001_z=64_bs=32,"LR=0.001, z=64, batch size=32",47,117.71,2026-06-13 14:55:44.535,32,32\training.log,341,batch size=32
lr=0.001_z=64_bs=32_seed=242,lr=0.001_z=64_bs=32_seed=242,0.001,0.001,64,32,242,lr=0.001_z=64_bs=32,"LR=0.001, z=64, batch size=32",48,123.31,2026-06-13 14:57:18.820,32,32\training.log,342,batch size=32
lr=0.001_z=64_bs=32_seed=242,lr=0.001_z=64_bs=32_seed=242,0.001,0.001,64,32,242,lr=0.001_z=64_bs=32,"LR=0.001, z=64, batch size=32",49,130.24,2026-06-13 14:58:45.834,32,32\training.log,343,batch size=32
lr=0.001_z=64_bs=32_seed=242,lr=0.001_z=64_bs=32_seed=242,0.001,0.001,64,32,242,lr=0.001_z=64_bs=32,"LR=0.001, z=64, batch size=32",50,137.39,2026-06-13 15:00:18.009,32,32\training.log,344,batch size=32
lr=0.001_z=64_bs=32_seed=242,lr=0.001_z=64_bs=32_seed=242,0.001,0.001,64,32,242,lr=0.001_z=64_bs=32,"LR=0.001, z=64, batch size=32",51,128.71,2026-06-13 15:01:55.221,32,32\training.log,345,batch size=32
lr=0.001_z=64_bs=32_seed=242,lr=0.001_z=64_bs=32_seed=242,0.001,0.001,64,32,242,lr=0.001_z=64_bs=32,"LR=0.001, z=64, batch size=32",52,122.63,2026-06-13 15:03:31.843,32,32\training.log,346,batch size=32
lr=0.001_z=64_bs=32_seed=242,lr=0.001_z=64_bs=32_seed=242,0.001,0.001,64,32,242,lr=0.001_z=64_bs=32,"LR=0.001, z=64, batch size=32",53,122.19,2026-06-13 15:05:10.696,32,32\training.log,347,batch size=32
lr=0.001_z=64_bs=32_seed=242,lr=0.001_z=64_bs=32_seed=242,0.001,0.001,64,32,242,lr=0.001_z=64_bs=32,"LR=0.001, z=64, batch size=32",54,129.89,2026-06-13 15:06:52.452,32,32\training.log,348,batch size=32
lr=0.001_z=64_bs=32_seed=242,lr=0.001_z=64_bs=32_seed=242,0.001,0.001,64,32,242,lr=0.001_z=64_bs=32,"LR=0.001, z=64, batch size=32",55,121.82,2026-06-13 15:08:27.126,32,32\training.log,349,batch size=32
lr=0.001_z=64_bs=32_seed=242,lr=0.001_z=64_bs=32_seed=242,0.001,0.001,64,32,242,lr=0.001_z=64_bs=32,"LR=0.001, z=64, batch size=32",56,132.03,2026-06-13 15:10:41.483,32,32\training.log,350,batch size=32
lr=0.001_z=64_bs=32_seed=242,lr=0.001_z=64_bs=32_seed=242,0.001,0.001,64,32,242,lr=0.001_z=64_bs=32,"LR=0.001, z=64, batch size=32",57,121.62,2026-06-13 15:12:14.171,32,32\training.log,351,batch size=32
lr=0.001_z=64_bs=32_seed=242,lr=0.001_z=64_bs=32_seed=242,0.001,0.001,64,32,242,lr=0.001_z=64_bs=32,"LR=0.001, z=64, batch size=32",58,121.72,2026-06-13 15:13:42.609,32,32\training.log,352,batch size=32
lr=0.001_z=64_bs=32_seed=242,lr=0.001_z=64_bs=32_seed=242,0.001,0.001,64,32,242,lr=0.001_z=64_bs=32,"LR=0.001, z=64, batch size=32",59,126.19,2026-06-13 15:15:21.709,32,32\training.log,353,batch size=32
lr=0.001_z=64_bs=32_seed=242,lr=0.001_z=64_bs=32_seed=242,0.001,0.001,64,32,242,lr=0.001_z=64_bs=32,"LR=0.001, z=64, batch size=32",60,124.34,2026-06-13 15:17:05.815,32,32\training.log,354,batch size=32
lr=0.001_z=64_bs=32_seed=242,lr=0.001_z=64_bs=32_seed=242,0.001,0.001,64,32,242,lr=0.001_z=64_bs=32,"LR=0.001, z=64, batch size=32",61,122.39,2026-06-13 15:18:48.858,32,32\training.log,355,batch size=32
lr=0.001_z=64_bs=32_seed=242,lr=0.001_z=64_bs=32_seed=242,0.001,0.001,64,32,242,lr=0.001_z=64_bs=32,"LR=0.001, z=64, batch size=32",62,123.78,2026-06-13 15:20:21.295,32,32\training.log,356,batch size=32
lr=0.001_z=64_bs=32_seed=242,lr=0.001_z=64_bs=32_seed=242,0.001,0.001,64,32,242,lr=0.001_z=64_bs=32,"LR=0.001, z=64, batch size=32",63,128.11,2026-06-13 15:22:07.590,32,32\training.log,357,batch size=32
lr=0.001_z=64_bs=32_seed=242,lr=0.001_z=64_bs=32_seed=242,0.001,0.001,64,32,242,lr=0.001_z=64_bs=32,"LR=0.001, z=64, batch size=32",64,134.77,2026-06-13 15:23:48.124,32,32\training.log,358,batch size=32
lr=0.001_z=64_bs=32_seed=242,lr=0.001_z=64_bs=32_seed=242,0.001,0.001,64,32,242,lr=0.001_z=64_bs=32,"LR=0.001, z=64, batch size=32",65,125.57,2026-06-13 15:25:18.877,32,32\training.log,359,batch size=32
lr=0.001_z=64_bs=32_seed=242,lr=0.001_z=64_bs=32_seed=242,0.001,0.001,64,32,242,lr=0.001_z=64_bs=32,"LR=0.001, z=64, batch size=32",66,119.55,2026-06-13 15:27:37.860,32,32\training.log,360,batch size=32
lr=0.001_z=64_bs=32_seed=242,lr=0.001_z=64_bs=32_seed=242,0.001,0.001,64,32,242,lr=0.001_z=64_bs=32,"LR=0.001, z=64, batch size=32",67,119.47,2026-06-13 15:29:35.100,32,32\training.log,361,batch size=32
lr=0.001_z=64_bs=32_seed=242,lr=0.001_z=64_bs=32_seed=242,0.001,0.001,64,32,242,lr=0.001_z=64_bs=32,"LR=0.001, z=64, batch size=32",68,132.39,2026-06-13 15:31:16.369,32,32\training.log,362,batch size=32
lr=0.001_z=64_bs=32_seed=242,lr=0.001_z=64_bs=32_seed=242,0.001,0.001,64,32,242,lr=0.001_z=64_bs=32,"LR=0.001, z=64, batch size=32",69,120.85,2026-06-13 15:32:59.229,32,32\training.log,363,batch size=32
lr=0.001_z=64_bs=32_seed=242,lr=0.001_z=64_bs=32_seed=242,0.001,0.001,64,32,242,lr=0.001_z=64_bs=32,"LR=0.001, z=64, batch size=32",70,124.7,2026-06-13 15:34:29.316,32,32\training.log,364,batch size=32
lr=0.001_z=64_bs=32_seed=242,lr=0.001_z=64_bs=32_seed=242,0.001,0.001,64,32,242,lr=0.001_z=64_bs=32,"LR=0.001, z=64, batch size=32",71,125.91,2026-06-13 15:36:09.689,32,32\training.log,365,batch size=32
lr=0.001_z=64_bs=32_seed=242,lr=0.001_z=64_bs=32_seed=242,0.001,0.001,64,32,242,lr=0.001_z=64_bs=32,"LR=0.001, z=64, batch size=32",72,115.38,2026-06-13 15:37:52.067,32,32\training.log,367,batch size=32
lr=0.001_z=64_bs=32_seed=242,lr=0.001_z=64_bs=32_seed=242,0.001,0.001,64,32,242,lr=0.001_z=64_bs=32,"LR=0.001, z=64, batch size=32",73,124.87,2026-06-13 15:39:49.903,32,32\training.log,368,batch size=32
lr=0.001_z=64_bs=32_seed=242,lr=0.001_z=64_bs=32_seed=242,0.001,0.001,64,32,242,lr=0.001_z=64_bs=32,"LR=0.001, z=64, batch size=32",74,118.23,2026-06-13 15:41:24.433,32,32\training.log,369,batch size=32
lr=0.001_z=64_bs=32_seed=242,lr=0.001_z=64_bs=32_seed=242,0.001,0.001,64,32,242,lr=0.001_z=64_bs=32,"LR=0.001, z=64, batch size=32",75,124.22,2026-06-13 15:42:54.769,32,32\training.log,370,batch size=32
lr=0.001_z=64_bs=32_seed=242,lr=0.001_z=64_bs=32_seed=242,0.001,0.001,64,32,242,lr=0.001_z=64_bs=32,"LR=0.001, z=64, batch size=32",76,118.92,2026-06-13 15:44:34.788,32,32\training.log,371,batch size=32
lr=0.001_z=64_bs=32_seed=242,lr=0.001_z=64_bs=32_seed=242,0.001,0.001,64,32,242,lr=0.001_z=64_bs=32,"LR=0.001, z=64, batch size=32",77,125.41,2026-06-13 15:46:22.851,32,32\training.log,372,batch size=32
lr=0.001_z=64_bs=32_seed=242,lr=0.001_z=64_bs=32_seed=242,0.001,0.001,64,32,242,lr=0.001_z=64_bs=32,"LR=0.001, z=64, batch size=32",78,126.7,2026-06-13 15:48:39.597,32,32\training.log,373,batch size=32
lr=0.001_z=64_bs=32_seed=242,lr=0.001_z=64_bs=32_seed=242,0.001,0.001,64,32,242,lr=0.001_z=64_bs=32,"LR=0.001, z=64, batch size=32",79,127.86,2026-06-13 15:50:16.069,32,32\training.log,374,batch size=32
lr=0.001_z=64_bs=32_seed=242,lr=0.001_z=64_bs=32_seed=242,0.001,0.001,64,32,242,lr=0.001_z=64_bs=32,"LR=0.001, z=64, batch size=32",80,121.51,2026-06-13 15:51:52.891,32,32\training.log,375,batch size=32
lr=0.001_z=64_bs=32_seed=242,lr=0.001_z=64_bs=32_seed=242,0.001,0.001,64,32,242,lr=0.001_z=64_bs=32,"LR=0.001, z=64, batch size=32",81,123.56,2026-06-13 15:53:38.751,32,32\training.log,376,batch size=32
lr=0.001_z=64_bs=32_seed=242,lr=0.001_z=64_bs=32_seed=242,0.001,0.001,64,32,242,lr=0.001_z=64_bs=32,"LR=0.001, z=64, batch size=32",82,126.49,2026-06-13 15:55:13.093,32,32\training.log,377,batch size=32
lr=0.001_z=64_bs=32_seed=242,lr=0.001_z=64_bs=32_seed=242,0.001,0.001,64,32,242,lr=0.001_z=64_bs=32,"LR=0.001, z=64, batch size=32",83,118.93,2026-06-13 15:56:50.481,32,32\training.log,378,batch size=32
lr=0.001_z=64_bs=32_seed=242,lr=0.001_z=64_bs=32_seed=242,0.001,0.001,64,32,242,lr=0.001_z=64_bs=32,"LR=0.001, z=64, batch size=32",84,119.69,2026-06-13 15:58:16.437,32,32\training.log,379,batch size=32
lr=0.001_z=64_bs=32_seed=242,lr=0.001_z=64_bs=32_seed=242,0.001,0.001,64,32,242,lr=0.001_z=64_bs=32,"LR=0.001, z=64, batch size=32",85,128.22,2026-06-13 15:59:43.851,32,32\training.log,380,batch size=32
lr=0.001_z=64_bs=32_seed=242,lr=0.001_z=64_bs=32_seed=242,0.001,0.001,64,32,242,lr=0.001_z=64_bs=32,"LR=0.001, z=64, batch size=32",86,132.65,2026-06-13 16:01:09.736,32,32\training.log,381,batch size=32
lr=0.001_z=64_bs=32_seed=242,lr=0.001_z=64_bs=32_seed=242,0.001,0.001,64,32,242,lr=0.001_z=64_bs=32,"LR=0.001, z=64, batch size=32",87,115.85,2026-06-13 16:02:36.360,32,32\training.log,382,batch size=32
lr=0.001_z=64_bs=32_seed=242,lr=0.001_z=64_bs=32_seed=242,0.001,0.001,64,32,242,lr=0.001_z=64_bs=32,"LR=0.001, z=64, batch size=32",88,112.83,2026-06-13 16:04:25.514,32,32\training.log,384,batch size=32
lr=0.001_z=64_bs=32_seed=242,lr=0.001_z=64_bs=32_seed=242,0.001,0.001,64,32,242,lr=0.001_z=64_bs=32,"LR=0.001, z=64, batch size=32",89,130.99,2026-06-13 16:05:54.002,32,32\training.log,385,batch size=32
lr=0.001_z=64_bs=32_seed=242,lr=0.001_z=64_bs=32_seed=242,0.001,0.001,64,32,242,lr=0.001_z=64_bs=32,"LR=0.001, z=64, batch size=32",90,119.3,2026-06-13 16:07:36.018,32,32\training.log,386,batch size=32
lr=0.001_z=64_bs=32_seed=242,lr=0.001_z=64_bs=32_seed=242,0.001,0.001,64,32,242,lr=0.001_z=64_bs=32,"LR=0.001, z=64, batch size=32",91,122.59,2026-06-13 16:09:02.593,32,32\training.log,387,batch size=32
lr=0.001_z=64_bs=32_seed=242,lr=0.001_z=64_bs=32_seed=242,0.001,0.001,64,32,242,lr=0.001_z=64_bs=32,"LR=0.001, z=64, batch size=32",92,116.12,2026-06-13 16:10:30.123,32,32\training.log,388,batch size=32
lr=0.001_z=64_bs=32_seed=242,lr=0.001_z=64_bs=32_seed=242,0.001,0.001,64,32,242,lr=0.001_z=64_bs=32,"LR=0.001, z=64, batch size=32",93,112.06,2026-06-13 16:12:18.041,32,32\training.log,390,batch size=32
lr=0.001_z=64_bs=32_seed=242,lr=0.001_z=64_bs=32_seed=242,0.001,0.001,64,32,242,lr=0.001_z=64_bs=32,"LR=0.001, z=64, batch size=32",94,110.71,2026-06-13 16:14:50.137,32,32\training.log,392,batch size=32
lr=0.001_z=64_bs=32_seed=242,lr=0.001_z=64_bs=32_seed=242,0.001,0.001,64,32,242,lr=0.001_z=64_bs=32,"LR=0.001, z=64, batch size=32",95,117.77,2026-06-13 16:16:36.882,32,32\training.log,393,batch size=32
lr=0.001_z=64_bs=32_seed=242,lr=0.001_z=64_bs=32_seed=242,0.001,0.001,64,32,242,lr=0.001_z=64_bs=32,"LR=0.001, z=64, batch size=32",96,137.27,2026-06-13 16:18:13.982,32,32\training.log,394,batch size=32
lr=0.001_z=64_bs=32_seed=242,lr=0.001_z=64_bs=32_seed=242,0.001,0.001,64,32,242,lr=0.001_z=64_bs=32,"LR=0.001, z=64, batch size=32",97,123.81,2026-06-13 16:19:52.516,32,32\training.log,395,batch size=32
lr=0.001_z=64_bs=32_seed=242,lr=0.001_z=64_bs=32_seed=242,0.001,0.001,64,32,242,lr=0.001_z=64_bs=32,"LR=0.001, z=64, batch size=32",98,128.04,2026-06-13 16:21:39.309,32,32\training.log,396,batch size=32
lr=0.001_z=64_bs=32_seed=242,lr=0.001_z=64_bs=32_seed=242,0.001,0.001,64,32,242,lr=0.001_z=64_bs=32,"LR=0.001, z=64, batch size=32",99,120.68,2026-06-13 16:23:42.677,32,32\training.log,397,batch size=32
lr=0.001_z=64_bs=32_seed=242,lr=0.001_z=64_bs=32_seed=242,0.001,0.001,64,32,242,lr=0.001_z=64_bs=32,"LR=0.001, z=64, batch size=32",100,128.84,2026-06-13 16:25:18.494,32,32\training.log,398,batch size=32
lr=0.001_z=64_bs=64_seed=42,lr=0.001_z=64_bs=64_seed=42,0.001,0.001,64,64,42,lr=0.001_z=64_bs=64,"LR=0.001, z=64, batch size=64",1,267.89,2026-06-05 13:41:48.085,64,64\training.log,6,batch size=64
lr=0.001_z=64_bs=64_seed=42,lr=0.001_z=64_bs=64_seed=42,0.001,0.001,64,64,42,lr=0.001_z=64_bs=64,"LR=0.001, z=64, batch size=64",2,300.45,2026-06-05 13:43:15.105,64,64\training.log,7,batch size=64
lr=0.001_z=64_bs=64_seed=42,lr=0.001_z=64_bs=64_seed=42,0.001,0.001,64,64,42,lr=0.001_z=64_bs=64,"LR=0.001, z=64, batch size=64",3,296.79,2026-06-05 13:44:44.108,64,64\training.log,8,batch size=64
lr=0.001_z=64_bs=64_seed=42,lr=0.001_z=64_bs=64_seed=42,0.001,0.001,64,64,42,lr=0.001_z=64_bs=64,"LR=0.001, z=64, batch size=64",4,288.6,2026-06-05 13:46:31.827,64,64\training.log,9,batch size=64
lr=0.001_z=64_bs=64_seed=42,lr=0.001_z=64_bs=64_seed=42,0.001,0.001,64,64,42,lr=0.001_z=64_bs=64,"LR=0.001, z=64, batch size=64",5,267.26,2026-06-05 13:47:55.197,64,64\training.log,11,batch size=64
lr=0.001_z=64_bs=64_seed=42,lr=0.001_z=64_bs=64_seed=42,0.001,0.001,64,64,42,lr=0.001_z=64_bs=64,"LR=0.001, z=64, batch size=64",6,289.54,2026-06-05 13:49:20.734,64,64\training.log,12,batch size=64
lr=0.001_z=64_bs=64_seed=42,lr=0.001_z=64_bs=64_seed=42,0.001,0.001,64,64,42,lr=0.001_z=64_bs=64,"LR=0.001, z=64, batch size=64",7,302.45,2026-06-05 13:50:54.510,64,64\training.log,13,batch size=64
lr=0.001_z=64_bs=64_seed=42,lr=0.001_z=64_bs=64_seed=42,0.001,0.001,64,64,42,lr=0.001_z=64_bs=64,"LR=0.001, z=64, batch size=64",8,286.6,2026-06-05 13:52:20.147,64,64\training.log,14,batch size=64
lr=0.001_z=64_bs=64_seed=42,lr=0.001_z=64_bs=64_seed=42,0.001,0.001,64,64,42,lr=0.001_z=64_bs=64,"LR=0.001, z=64, batch size=64",9,258.0,2026-06-05 13:53:53.223,64,64\training.log,16,batch size=64
lr=0.001_z=64_bs=64_seed=42,lr=0.001_z=64_bs=64_seed=42,0.001,0.001,64,64,42,lr=0.001_z=64_bs=64,"LR=0.001, z=64, batch size=64",10,240.23,2026-06-05 13:55:30.576,64,64\training.log,18,batch size=64
lr=0.001_z=64_bs=64_seed=42,lr=0.001_z=64_bs=64_seed=42,0.001,0.001,64,64,42,lr=0.001_z=64_bs=64,"LR=0.001, z=64, batch size=64",11,285.83,2026-06-05 13:57:06.506,64,64\training.log,19,batch size=64
lr=0.001_z=64_bs=64_seed=42,lr=0.001_z=64_bs=64_seed=42,0.001,0.001,64,64,42,lr=0.001_z=64_bs=64,"LR=0.001, z=64, batch size=64",12,225.45,2026-06-05 13:58:51.516,64,64\training.log,21,batch size=64
lr=0.001_z=64_bs=64_seed=42,lr=0.001_z=64_bs=64_seed=42,0.001,0.001,64,64,42,lr=0.001_z=64_bs=64,"LR=0.001, z=64, batch size=64",13,220.43,2026-06-05 14:00:15.679,64,64\training.log,23,batch size=64
lr=0.001_z=64_bs=64_seed=42,lr=0.001_z=64_bs=64_seed=42,0.001,0.001,64,64,42,lr=0.001_z=64_bs=64,"LR=0.001, z=64, batch size=64",14,204.71,2026-06-05 14:01:55.076,64,64\training.log,25,batch size=64
lr=0.001_z=64_bs=64_seed=42,lr=0.001_z=64_bs=64_seed=42,0.001,0.001,64,64,42,lr=0.001_z=64_bs=64,"LR=0.001, z=64, batch size=64",15,219.88,2026-06-05 14:03:35.958,64,64\training.log,26,batch size=64
lr=0.001_z=64_bs=64_seed=42,lr=0.001_z=64_bs=64_seed=42,0.001,0.001,64,64,42,lr=0.001_z=64_bs=64,"LR=0.001, z=64, batch size=64",16,194.04,2026-06-05 14:05:08.230,64,64\training.log,28,batch size=64
lr=0.001_z=64_bs=64_seed=42,lr=0.001_z=64_bs=64_seed=42,0.001,0.001,64,64,42,lr=0.001_z=64_bs=64,"LR=0.001, z=64, batch size=64",17,194.56,2026-06-05 14:06:41.376,64,64\training.log,29,batch size=64
lr=0.001_z=64_bs=64_seed=42,lr=0.001_z=64_bs=64_seed=42,0.001,0.001,64,64,42,lr=0.001_z=64_bs=64,"LR=0.001, z=64, batch size=64",18,193.11,2026-06-05 14:08:10.885,64,64\training.log,31,batch size=64
lr=0.001_z=64_bs=64_seed=42,lr=0.001_z=64_bs=64_seed=42,0.001,0.001,64,64,42,lr=0.001_z=64_bs=64,"LR=0.001, z=64, batch size=64",19,188.93,2026-06-05 14:09:52.751,64,64\training.log,33,batch size=64
lr=0.001_z=64_bs=64_seed=42,lr=0.001_z=64_bs=64_seed=42,0.001,0.001,64,64,42,lr=0.001_z=64_bs=64,"LR=0.001, z=64, batch size=64",20,185.43,2026-06-05 14:11:23.986,64,64\training.log,35,batch size=64
lr=0.001_z=64_bs=64_seed=42,lr=0.001_z=64_bs=64_seed=42,0.001,0.001,64,64,42,lr=0.001_z=64_bs=64,"LR=0.001, z=64, batch size=64",21,179.46,2026-06-05 14:13:02.244,64,64\training.log,37,batch size=64
lr=0.001_z=64_bs=64_seed=42,lr=0.001_z=64_bs=64_seed=42,0.001,0.001,64,64,42,lr=0.001_z=64_bs=64,"LR=0.001, z=64, batch size=64",22,168.16,2026-06-05 14:14:29.188,64,64\training.log,39,batch size=64
lr=0.001_z=64_bs=64_seed=42,lr=0.001_z=64_bs=64_seed=42,0.001,0.001,64,64,42,lr=0.001_z=64_bs=64,"LR=0.001, z=64, batch size=64",23,168.94,2026-06-05 14:15:59.392,64,64\training.log,40,batch size=64
lr=0.001_z=64_bs=64_seed=42,lr=0.001_z=64_bs=64_seed=42,0.001,0.001,64,64,42,lr=0.001_z=64_bs=64,"LR=0.001, z=64, batch size=64",24,179.68,2026-06-05 14:17:54.737,64,64\training.log,41,batch size=64
lr=0.001_z=64_bs=64_seed=42,lr=0.001_z=64_bs=64_seed=42,0.001,0.001,64,64,42,lr=0.001_z=64_bs=64,"LR=0.001, z=64, batch size=64",25,175.9,2026-06-05 14:19:21.288,64,64\training.log,42,batch size=64
lr=0.001_z=64_bs=64_seed=42,lr=0.001_z=64_bs=64_seed=42,0.001,0.001,64,64,42,lr=0.001_z=64_bs=64,"LR=0.001, z=64, batch size=64",26,167.18,2026-06-05 14:20:59.196,64,64\training.log,44,batch size=64
lr=0.001_z=64_bs=64_seed=42,lr=0.001_z=64_bs=64_seed=42,0.001,0.001,64,64,42,lr=0.001_z=64_bs=64,"LR=0.001, z=64, batch size=64",27,167.81,2026-06-05 14:22:24.920,64,64\training.log,45,batch size=64
lr=0.001_z=64_bs=64_seed=42,lr=0.001_z=64_bs=64_seed=42,0.001,0.001,64,64,42,lr=0.001_z=64_bs=64,"LR=0.001, z=64, batch size=64",28,156.0,2026-06-05 14:23:57.341,64,64\training.log,47,batch size=64
lr=0.001_z=64_bs=64_seed=42,lr=0.001_z=64_bs=64_seed=42,0.001,0.001,64,64,42,lr=0.001_z=64_bs=64,"LR=0.001, z=64, batch size=64",29,171.66,2026-06-05 14:25:27.347,64,64\training.log,48,batch size=64
lr=0.001_z=64_bs=64_seed=42,lr=0.001_z=64_bs=64_seed=42,0.001,0.001,64,64,42,lr=0.001_z=64_bs=64,"LR=0.001, z=64, batch size=64",30,164.2,2026-06-05 14:26:59.594,64,64\training.log,49,batch size=64
lr=0.001_z=64_bs=64_seed=42,lr=0.001_z=64_bs=64_seed=42,0.001,0.001,64,64,42,lr=0.001_z=64_bs=64,"LR=0.001, z=64, batch size=64",31,158.97,2026-06-05 14:28:41.412,64,64\training.log,50,batch size=64
lr=0.001_z=64_bs=64_seed=42,lr=0.001_z=64_bs=64_seed=42,0.001,0.001,64,64,42,lr=0.001_z=64_bs=64,"LR=0.001, z=64, batch size=64",32,158.96,2026-06-05 14:30:08.430,64,64\training.log,51,batch size=64
lr=0.001_z=64_bs=64_seed=42,lr=0.001_z=64_bs=64_seed=42,0.001,0.001,64,64,42,lr=0.001_z=64_bs=64,"LR=0.001, z=64, batch size=64",33,153.45,2026-06-05 14:31:52.261,64,64\training.log,53,batch size=64
lr=0.001_z=64_bs=64_seed=42,lr=0.001_z=64_bs=64_seed=42,0.001,0.001,64,64,42,lr=0.001_z=64_bs=64,"LR=0.001, z=64, batch size=64",34,157.62,2026-06-05 14:33:18.541,64,64\training.log,54,batch size=64
lr=0.001_z=64_bs=64_seed=42,lr=0.001_z=64_bs=64_seed=42,0.001,0.001,64,64,42,lr=0.001_z=64_bs=64,"LR=0.001, z=64, batch size=64",35,150.66,2026-06-05 14:34:49.425,64,64\training.log,56,batch size=64
lr=0.001_z=64_bs=64_seed=42,lr=0.001_z=64_bs=64_seed=42,0.001,0.001,64,64,42,lr=0.001_z=64_bs=64,"LR=0.001, z=64, batch size=64",36,168.98,2026-06-05 14:36:14.645,64,64\training.log,57,batch size=64
lr=0.001_z=64_bs=64_seed=42,lr=0.001_z=64_bs=64_seed=42,0.001,0.001,64,64,42,lr=0.001_z=64_bs=64,"LR=0.001, z=64, batch size=64",37,145.94,2026-06-05 14:37:38.294,64,64\training.log,59,batch size=64
lr=0.001_z=64_bs=64_seed=42,lr=0.001_z=64_bs=64_seed=42,0.001,0.001,64,64,42,lr=0.001_z=64_bs=64,"LR=0.001, z=64, batch size=64",38,150.74,2026-06-05 14:39:25.351,64,64\training.log,60,batch size=64
lr=0.001_z=64_bs=64_seed=42,lr=0.001_z=64_bs=64_seed=42,0.001,0.001,64,64,42,lr=0.001_z=64_bs=64,"LR=0.001, z=64, batch size=64",39,152.06,2026-06-05 14:41:31.482,64,64\training.log,61,batch size=64
lr=0.001_z=64_bs=64_seed=42,lr=0.001_z=64_bs=64_seed=42,0.001,0.001,64,64,42,lr=0.001_z=64_bs=64,"LR=0.001, z=64, batch size=64",40,143.56,2026-06-05 14:43:16.833,64,64\training.log,63,batch size=64
lr=0.001_z=64_bs=64_seed=42,lr=0.001_z=64_bs=64_seed=42,0.001,0.001,64,64,42,lr=0.001_z=64_bs=64,"LR=0.001, z=64, batch size=64",41,142.49,2026-06-05 14:44:38.974,64,64\training.log,65,batch size=64
lr=0.001_z=64_bs=64_seed=42,lr=0.001_z=64_bs=64_seed=42,0.001,0.001,64,64,42,lr=0.001_z=64_bs=64,"LR=0.001, z=64, batch size=64",42,156.36,2026-06-05 14:46:02.162,64,64\training.log,66,batch size=64
lr=0.001_z=64_bs=64_seed=42,lr=0.001_z=64_bs=64_seed=42,0.001,0.001,64,64,42,lr=0.001_z=64_bs=64,"LR=0.001, z=64, batch size=64",43,150.38,2026-06-05 14:47:33.635,64,64\training.log,67,batch size=64
lr=0.001_z=64_bs=64_seed=42,lr=0.001_z=64_bs=64_seed=42,0.001,0.001,64,64,42,lr=0.001_z=64_bs=64,"LR=0.001, z=64, batch size=64",44,145.77,2026-06-05 14:48:53.078,64,64\training.log,68,batch size=64
lr=0.001_z=64_bs=64_seed=42,lr=0.001_z=64_bs=64_seed=42,0.001,0.001,64,64,42,lr=0.001_z=64_bs=64,"LR=0.001, z=64, batch size=64",45,156.77,2026-06-05 14:50:22.567,64,64\training.log,69,batch size=64
lr=0.001_z=64_bs=64_seed=42,lr=0.001_z=64_bs=64_seed=42,0.001,0.001,64,64,42,lr=0.001_z=64_bs=64,"LR=0.001, z=64, batch size=64",46,139.8,2026-06-05 14:51:42.016,64,64\training.log,71,batch size=64
lr=0.001_z=64_bs=64_seed=42,lr=0.001_z=64_bs=64_seed=42,0.001,0.001,64,64,42,lr=0.001_z=64_bs=64,"LR=0.001, z=64, batch size=64",47,146.9,2026-06-05 14:53:01.303,64,64\training.log,72,batch size=64
lr=0.001_z=64_bs=64_seed=42,lr=0.001_z=64_bs=64_seed=42,0.001,0.001,64,64,42,lr=0.001_z=64_bs=64,"LR=0.001, z=64, batch size=64",48,135.24,2026-06-05 14:54:42.205,64,64\training.log,74,batch size=64
lr=0.001_z=64_bs=64_seed=42,lr=0.001_z=64_bs=64_seed=42,0.001,0.001,64,64,42,lr=0.001_z=64_bs=64,"LR=0.001, z=64, batch size=64",49,144.17,2026-06-05 14:56:11.039,64,64\training.log,75,batch size=64
lr=0.001_z=64_bs=64_seed=42,lr=0.001_z=64_bs=64_seed=42,0.001,0.001,64,64,42,lr=0.001_z=64_bs=64,"LR=0.001, z=64, batch size=64",50,148.04,2026-06-05 14:57:47.335,64,64\training.log,76,batch size=64
lr=0.001_z=64_bs=64_seed=42,lr=0.001_z=64_bs=64_seed=42,0.001,0.001,64,64,42,lr=0.001_z=64_bs=64,"LR=0.001, z=64, batch size=64",51,149.74,2026-06-05 14:59:10.055,64,64\training.log,77,batch size=64
lr=0.001_z=64_bs=64_seed=42,lr=0.001_z=64_bs=64_seed=42,0.001,0.001,64,64,42,lr=0.001_z=64_bs=64,"LR=0.001, z=64, batch size=64",52,140.44,2026-06-05 15:00:41.660,64,64\training.log,78,batch size=64
lr=0.001_z=64_bs=64_seed=42,lr=0.001_z=64_bs=64_seed=42,0.001,0.001,64,64,42,lr=0.001_z=64_bs=64,"LR=0.001, z=64, batch size=64",53,137.14,2026-06-05 15:02:20.260,64,64\training.log,79,batch size=64
lr=0.001_z=64_bs=64_seed=42,lr=0.001_z=64_bs=64_seed=42,0.001,0.001,64,64,42,lr=0.001_z=64_bs=64,"LR=0.001, z=64, batch size=64",54,136.84,2026-06-05 15:03:54.054,64,64\training.log,80,batch size=64
lr=0.001_z=64_bs=64_seed=42,lr=0.001_z=64_bs=64_seed=42,0.001,0.001,64,64,42,lr=0.001_z=64_bs=64,"LR=0.001, z=64, batch size=64",55,143.95,2026-06-05 15:05:31.338,64,64\training.log,81,batch size=64
lr=0.001_z=64_bs=64_seed=42,lr=0.001_z=64_bs=64_seed=42,0.001,0.001,64,64,42,lr=0.001_z=64_bs=64,"LR=0.001, z=64, batch size=64",56,142.17,2026-06-05 15:06:55.336,64,64\training.log,82,batch size=64
lr=0.001_z=64_bs=64_seed=42,lr=0.001_z=64_bs=64_seed=42,0.001,0.001,64,64,42,lr=0.001_z=64_bs=64,"LR=0.001, z=64, batch size=64",57,140.09,2026-06-05 15:08:28.985,64,64\training.log,83,batch size=64
lr=0.001_z=64_bs=64_seed=42,lr=0.001_z=64_bs=64_seed=42,0.001,0.001,64,64,42,lr=0.001_z=64_bs=64,"LR=0.001, z=64, batch size=64",58,146.44,2026-06-05 15:09:47.693,64,64\training.log,84,batch size=64
lr=0.001_z=64_bs=64_seed=42,lr=0.001_z=64_bs=64_seed=42,0.001,0.001,64,64,42,lr=0.001_z=64_bs=64,"LR=0.001, z=64, batch size=64",59,134.97,2026-06-05 15:11:07.936,64,64\training.log,86,batch size=64
lr=0.001_z=64_bs=64_seed=42,lr=0.001_z=64_bs=64_seed=42,0.001,0.001,64,64,42,lr=0.001_z=64_bs=64,"LR=0.001, z=64, batch size=64",60,137.42,2026-06-05 15:12:51.020,64,64\training.log,87,batch size=64
lr=0.001_z=64_bs=64_seed=42,lr=0.001_z=64_bs=64_seed=42,0.001,0.001,64,64,42,lr=0.001_z=64_bs=64,"LR=0.001, z=64, batch size=64",61,141.96,2026-06-05 15:14:12.887,64,64\training.log,88,batch size=64
lr=0.001_z=64_bs=64_seed=42,lr=0.001_z=64_bs=64_seed=42,0.001,0.001,64,64,42,lr=0.001_z=64_bs=64,"LR=0.001, z=64, batch size=64",62,138.01,2026-06-05 15:15:45.715,64,64\training.log,89,batch size=64
lr=0.001_z=64_bs=64_seed=42,lr=0.001_z=64_bs=64_seed=42,0.001,0.001,64,64,42,lr=0.001_z=64_bs=64,"LR=0.001, z=64, batch size=64",63,137.78,2026-06-05 15:17:15.544,64,64\training.log,90,batch size=64
lr=0.001_z=64_bs=64_seed=42,lr=0.001_z=64_bs=64_seed=42,0.001,0.001,64,64,42,lr=0.001_z=64_bs=64,"LR=0.001, z=64, batch size=64",64,142.66,2026-06-05 15:18:51.860,64,64\training.log,91,batch size=64
lr=0.001_z=64_bs=64_seed=42,lr=0.001_z=64_bs=64_seed=42,0.001,0.001,64,64,42,lr=0.001_z=64_bs=64,"LR=0.001, z=64, batch size=64",65,137.19,2026-06-05 15:20:19.860,64,64\training.log,92,batch size=64
lr=0.001_z=64_bs=64_seed=42,lr=0.001_z=64_bs=64_seed=42,0.001,0.001,64,64,42,lr=0.001_z=64_bs=64,"LR=0.001, z=64, batch size=64",66,132.49,2026-06-05 15:21:52.402,64,64\training.log,94,batch size=64
lr=0.001_z=64_bs=64_seed=42,lr=0.001_z=64_bs=64_seed=42,0.001,0.001,64,64,42,lr=0.001_z=64_bs=64,"LR=0.001, z=64, batch size=64",67,142.4,2026-06-05 15:23:36.793,64,64\training.log,95,batch size=64
lr=0.001_z=64_bs=64_seed=42,lr=0.001_z=64_bs=64_seed=42,0.001,0.001,64,64,42,lr=0.001_z=64_bs=64,"LR=0.001, z=64, batch size=64",68,139.6,2026-06-05 15:24:57.050,64,64\training.log,96,batch size=64
lr=0.001_z=64_bs=64_seed=42,lr=0.001_z=64_bs=64_seed=42,0.001,0.001,64,64,42,lr=0.001_z=64_bs=64,"LR=0.001, z=64, batch size=64",69,134.78,2026-06-05 15:26:28.136,64,64\training.log,97,batch size=64
lr=0.001_z=64_bs=64_seed=42,lr=0.001_z=64_bs=64_seed=42,0.001,0.001,64,64,42,lr=0.001_z=64_bs=64,"LR=0.001, z=64, batch size=64",70,131.38,2026-06-05 15:27:47.889,64,64\training.log,99,batch size=64
lr=0.001_z=64_bs=64_seed=42,lr=0.001_z=64_bs=64_seed=42,0.001,0.001,64,64,42,lr=0.001_z=64_bs=64,"LR=0.001, z=64, batch size=64",71,143.12,2026-06-05 15:29:08.545,64,64\training.log,100,batch size=64
lr=0.001_z=64_bs=64_seed=42,lr=0.001_z=64_bs=64_seed=42,0.001,0.001,64,64,42,lr=0.001_z=64_bs=64,"LR=0.001, z=64, batch size=64",72,135.7,2026-06-05 15:30:50.325,64,64\training.log,101,batch size=64
lr=0.001_z=64_bs=64_seed=42,lr=0.001_z=64_bs=64_seed=42,0.001,0.001,64,64,42,lr=0.001_z=64_bs=64,"LR=0.001, z=64, batch size=64",73,137.06,2026-06-05 15:32:10.902,64,64\training.log,102,batch size=64
lr=0.001_z=64_bs=64_seed=42,lr=0.001_z=64_bs=64_seed=42,0.001,0.001,64,64,42,lr=0.001_z=64_bs=64,"LR=0.001, z=64, batch size=64",74,141.95,2026-06-05 15:33:42.871,64,64\training.log,103,batch size=64
lr=0.001_z=64_bs=64_seed=42,lr=0.001_z=64_bs=64_seed=42,0.001,0.001,64,64,42,lr=0.001_z=64_bs=64,"LR=0.001, z=64, batch size=64",75,135.36,2026-06-05 15:35:05.545,64,64\training.log,104,batch size=64
lr=0.001_z=64_bs=64_seed=42,lr=0.001_z=64_bs=64_seed=42,0.001,0.001,64,64,42,lr=0.001_z=64_bs=64,"LR=0.001, z=64, batch size=64",76,151.64,2026-06-05 15:36:46.018,64,64\training.log,105,batch size=64
lr=0.001_z=64_bs=64_seed=42,lr=0.001_z=64_bs=64_seed=42,0.001,0.001,64,64,42,lr=0.001_z=64_bs=64,"LR=0.001, z=64, batch size=64",77,142.79,2026-06-05 15:38:06.122,64,64\training.log,106,batch size=64
lr=0.001_z=64_bs=64_seed=42,lr=0.001_z=64_bs=64_seed=42,0.001,0.001,64,64,42,lr=0.001_z=64_bs=64,"LR=0.001, z=64, batch size=64",78,138.56,2026-06-05 15:39:25.848,64,64\training.log,107,batch size=64
lr=0.001_z=64_bs=64_seed=42,lr=0.001_z=64_bs=64_seed=42,0.001,0.001,64,64,42,lr=0.001_z=64_bs=64,"LR=0.001, z=64, batch size=64",79,125.95,2026-06-05 15:40:58.070,64,64\training.log,109,batch size=64
lr=0.001_z=64_bs=64_seed=42,lr=0.001_z=64_bs=64_seed=42,0.001,0.001,64,64,42,lr=0.001_z=64_bs=64,"LR=0.001, z=64, batch size=64",80,131.06,2026-06-05 15:42:18.638,64,64\training.log,110,batch size=64
lr=0.001_z=64_bs=64_seed=42,lr=0.001_z=64_bs=64_seed=42,0.001,0.001,64,64,42,lr=0.001_z=64_bs=64,"LR=0.001, z=64, batch size=64",81,131.92,2026-06-05 15:43:55.721,64,64\training.log,111,batch size=64
lr=0.001_z=64_bs=64_seed=42,lr=0.001_z=64_bs=64_seed=42,0.001,0.001,64,64,42,lr=0.001_z=64_bs=64,"LR=0.001, z=64, batch size=64",82,137.72,2026-06-05 15:45:23.982,64,64\training.log,112,batch size=64
lr=0.001_z=64_bs=64_seed=42,lr=0.001_z=64_bs=64_seed=42,0.001,0.001,64,64,42,lr=0.001_z=64_bs=64,"LR=0.001, z=64, batch size=64",83,135.65,2026-06-05 15:46:53.796,64,64\training.log,113,batch size=64
lr=0.001_z=64_bs=64_seed=42,lr=0.001_z=64_bs=64_seed=42,0.001,0.001,64,64,42,lr=0.001_z=64_bs=64,"LR=0.001, z=64, batch size=64",84,141.14,2026-06-05 15:48:27.520,64,64\training.log,114,batch size=64
lr=0.001_z=64_bs=64_seed=42,lr=0.001_z=64_bs=64_seed=42,0.001,0.001,64,64,42,lr=0.001_z=64_bs=64,"LR=0.001, z=64, batch size=64",85,137.9,2026-06-05 15:49:53.090,64,64\training.log,115,batch size=64
lr=0.001_z=64_bs=64_seed=42,lr=0.001_z=64_bs=64_seed=42,0.001,0.001,64,64,42,lr=0.001_z=64_bs=64,"LR=0.001, z=64, batch size=64",86,147.31,2026-06-05 15:51:46.008,64,64\training.log,116,batch size=64
lr=0.001_z=64_bs=64_seed=42,lr=0.001_z=64_bs=64_seed=42,0.001,0.001,64,64,42,lr=0.001_z=64_bs=64,"LR=0.001, z=64, batch size=64",87,134.86,2026-06-05 15:53:07.101,64,64\training.log,117,batch size=64
lr=0.001_z=64_bs=64_seed=42,lr=0.001_z=64_bs=64_seed=42,0.001,0.001,64,64,42,lr=0.001_z=64_bs=64,"LR=0.001, z=64, batch size=64",88,134.23,2026-06-05 15:54:37.843,64,64\training.log,118,batch size=64
lr=0.001_z=64_bs=64_seed=42,lr=0.001_z=64_bs=64_seed=42,0.001,0.001,64,64,42,lr=0.001_z=64_bs=64,"LR=0.001, z=64, batch size=64",89,131.09,2026-06-05 15:55:59.834,64,64\training.log,119,batch size=64
lr=0.001_z=64_bs=64_seed=42,lr=0.001_z=64_bs=64_seed=42,0.001,0.001,64,64,42,lr=0.001_z=64_bs=64,"LR=0.001, z=64, batch size=64",90,136.76,2026-06-05 15:57:20.187,64,64\training.log,120,batch size=64
lr=0.001_z=64_bs=64_seed=42,lr=0.001_z=64_bs=64_seed=42,0.001,0.001,64,64,42,lr=0.001_z=64_bs=64,"LR=0.001, z=64, batch size=64",91,138.14,2026-06-05 15:58:50.615,64,64\training.log,121,batch size=64
lr=0.001_z=64_bs=64_seed=42,lr=0.001_z=64_bs=64_seed=42,0.001,0.001,64,64,42,lr=0.001_z=64_bs=64,"LR=0.001, z=64, batch size=64",92,130.03,2026-06-05 16:00:10.755,64,64\training.log,122,batch size=64
lr=0.001_z=64_bs=64_seed=42,lr=0.001_z=64_bs=64_seed=42,0.001,0.001,64,64,42,lr=0.001_z=64_bs=64,"LR=0.001, z=64, batch size=64",93,140.22,2026-06-05 16:01:41.324,64,64\training.log,123,batch size=64
lr=0.001_z=64_bs=64_seed=42,lr=0.001_z=64_bs=64_seed=42,0.001,0.001,64,64,42,lr=0.001_z=64_bs=64,"LR=0.001, z=64, batch size=64",94,129.73,2026-06-05 16:03:01.849,64,64\training.log,124,batch size=64
lr=0.001_z=64_bs=64_seed=42,lr=0.001_z=64_bs=64_seed=42,0.001,0.001,64,64,42,lr=0.001_z=64_bs=64,"LR=0.001, z=64, batch size=64",95,132.57,2026-06-05 16:04:23.624,64,64\training.log,125,batch size=64
lr=0.001_z=64_bs=64_seed=42,lr=0.001_z=64_bs=64_seed=42,0.001,0.001,64,64,42,lr=0.001_z=64_bs=64,"LR=0.001, z=64, batch size=64",96,135.25,2026-06-05 16:05:46.733,64,64\training.log,126,batch size=64
lr=0.001_z=64_bs=64_seed=42,lr=0.001_z=64_bs=64_seed=42,0.001,0.001,64,64,42,lr=0.001_z=64_bs=64,"LR=0.001, z=64, batch size=64",97,132.99,2026-06-05 16:07:08.709,64,64\training.log,127,batch size=64
lr=0.001_z=64_bs=64_seed=42,lr=0.001_z=64_bs=64_seed=42,0.001,0.001,64,64,42,lr=0.001_z=64_bs=64,"LR=0.001, z=64, batch size=64",98,136.1,2026-06-05 16:08:41.582,64,64\training.log,128,batch size=64
lr=0.001_z=64_bs=64_seed=42,lr=0.001_z=64_bs=64_seed=42,0.001,0.001,64,64,42,lr=0.001_z=64_bs=64,"LR=0.001, z=64, batch size=64",99,138.54,2026-06-05 16:10:07.262,64,64\training.log,129,batch size=64
lr=0.001_z=64_bs=64_seed=42,lr=0.001_z=64_bs=64_seed=42,0.001,0.001,64,64,42,lr=0.001_z=64_bs=64,"LR=0.001, z=64, batch size=64",100,135.12,2026-06-05 16:11:34.836,64,64\training.log,130,batch size=64
lr=0.001_z=64_bs=64_seed=142,lr=0.001_z=64_bs=64_seed=142,0.001,0.001,64,64,142,lr=0.001_z=64_bs=64,"LR=0.001, z=64, batch size=64",1,320.0,2026-06-05 16:19:25.927,64,64\training.log,138,batch size=64
lr=0.001_z=64_bs=64_seed=142,lr=0.001_z=64_bs=64_seed=142,0.001,0.001,64,64,142,lr=0.001_z=64_bs=64,"LR=0.001, z=64, batch size=64",2,292.53,2026-06-05 16:20:51.627,64,64\training.log,140,batch size=64
lr=0.001_z=64_bs=64_seed=142,lr=0.001_z=64_bs=64_seed=142,0.001,0.001,64,64,142,lr=0.001_z=64_bs=64,"LR=0.001, z=64, batch size=64",3,325.45,2026-06-05 16:22:26.546,64,64\training.log,141,batch size=64
lr=0.001_z=64_bs=64_seed=142,lr=0.001_z=64_bs=64_seed=142,0.001,0.001,64,64,142,lr=0.001_z=64_bs=64,"LR=0.001, z=64, batch size=64",4,285.42,2026-06-05 16:23:46.848,64,64\training.log,143,batch size=64
lr=0.001_z=64_bs=64_seed=142,lr=0.001_z=64_bs=64_seed=142,0.001,0.001,64,64,142,lr=0.001_z=64_bs=64,"LR=0.001, z=64, batch size=64",5,299.33,2026-06-05 16:25:07.090,64,64\training.log,144,batch size=64
lr=0.001_z=64_bs=64_seed=142,lr=0.001_z=64_bs=64_seed=142,0.001,0.001,64,64,142,lr=0.001_z=64_bs=64,"LR=0.001, z=64, batch size=64",6,284.21,2026-06-05 16:26:29.051,64,64\training.log,146,batch size=64
lr=0.001_z=64_bs=64_seed=142,lr=0.001_z=64_bs=64_seed=142,0.001,0.001,64,64,142,lr=0.001_z=64_bs=64,"LR=0.001, z=64, batch size=64",7,302.24,2026-06-05 16:28:10.254,64,64\training.log,147,batch size=64
lr=0.001_z=64_bs=64_seed=142,lr=0.001_z=64_bs=64_seed=142,0.001,0.001,64,64,142,lr=0.001_z=64_bs=64,"LR=0.001, z=64, batch size=64",8,262.36,2026-06-05 16:29:44.359,64,64\training.log,149,batch size=64
lr=0.001_z=64_bs=64_seed=142,lr=0.001_z=64_bs=64_seed=142,0.001,0.001,64,64,142,lr=0.001_z=64_bs=64,"LR=0.001, z=64, batch size=64",9,254.72,2026-06-05 16:31:27.550,64,64\training.log,151,batch size=64
lr=0.001_z=64_bs=64_seed=142,lr=0.001_z=64_bs=64_seed=142,0.001,0.001,64,64,142,lr=0.001_z=64_bs=64,"LR=0.001, z=64, batch size=64",10,236.95,2026-06-05 16:32:53.471,64,64\training.log,153,batch size=64
lr=0.001_z=64_bs=64_seed=142,lr=0.001_z=64_bs=64_seed=142,0.001,0.001,64,64,142,lr=0.001_z=64_bs=64,"LR=0.001, z=64, batch size=64",11,231.49,2026-06-05 16:34:19.091,64,64\training.log,155,batch size=64
lr=0.001_z=64_bs=64_seed=142,lr=0.001_z=64_bs=64_seed=142,0.001,0.001,64,64,142,lr=0.001_z=64_bs=64,"LR=0.001, z=64, batch size=64",12,221.12,2026-06-05 16:36:04.732,64,64\training.log,157,batch size=64
lr=0.001_z=64_bs=64_seed=142,lr=0.001_z=64_bs=64_seed=142,0.001,0.001,64,64,142,lr=0.001_z=64_bs=64,"LR=0.001, z=64, batch size=64",13,225.34,2026-06-05 16:37:29.146,64,64\training.log,158,batch size=64
lr=0.001_z=64_bs=64_seed=142,lr=0.001_z=64_bs=64_seed=142,0.001,0.001,64,64,142,lr=0.001_z=64_bs=64,"LR=0.001, z=64, batch size=64",14,214.74,2026-06-05 16:39:01.046,64,64\training.log,160,batch size=64
lr=0.001_z=64_bs=64_seed=142,lr=0.001_z=64_bs=64_seed=142,0.001,0.001,64,64,142,lr=0.001_z=64_bs=64,"LR=0.001, z=64, batch size=64",15,208.59,2026-06-05 16:40:24.072,64,64\training.log,162,batch size=64
lr=0.001_z=64_bs=64_seed=142,lr=0.001_z=64_bs=64_seed=142,0.001,0.001,64,64,142,lr=0.001_z=64_bs=64,"LR=0.001, z=64, batch size=64",16,199.85,2026-06-05 16:41:47.570,64,64\training.log,164,batch size=64
lr=0.001_z=64_bs=64_seed=142,lr=0.001_z=64_bs=64_seed=142,0.001,0.001,64,64,142,lr=0.001_z=64_bs=64,"LR=0.001, z=64, batch size=64",17,188.64,2026-06-05 16:43:11.310,64,64\training.log,166,batch size=64
lr=0.001_z=64_bs=64_seed=142,lr=0.001_z=64_bs=64_seed=142,0.001,0.001,64,64,142,lr=0.001_z=64_bs=64,"LR=0.001, z=64, batch size=64",18,196.21,2026-06-05 16:44:34.265,64,64\training.log,167,batch size=64
lr=0.001_z=64_bs=64_seed=142,lr=0.001_z=64_bs=64_seed=142,0.001,0.001,64,64,142,lr=0.001_z=64_bs=64,"LR=0.001, z=64, batch size=64",19,177.27,2026-06-05 16:46:09.743,64,64\training.log,169,batch size=64
lr=0.001_z=64_bs=64_seed=142,lr=0.001_z=64_bs=64_seed=142,0.001,0.001,64,64,142,lr=0.001_z=64_bs=64,"LR=0.001, z=64, batch size=64",20,184.71,2026-06-05 16:47:32.126,64,64\training.log,170,batch size=64
lr=0.001_z=64_bs=64_seed=142,lr=0.001_z=64_bs=64_seed=142,0.001,0.001,64,64,142,lr=0.001_z=64_bs=64,"LR=0.001, z=64, batch size=64",21,171.16,2026-06-05 16:49:04.085,64,64\training.log,172,batch size=64
lr=0.001_z=64_bs=64_seed=142,lr=0.001_z=64_bs=64_seed=142,0.001,0.001,64,64,142,lr=0.001_z=64_bs=64,"LR=0.001, z=64, batch size=64",22,179.21,2026-06-05 16:50:36.155,64,64\training.log,173,batch size=64
lr=0.001_z=64_bs=64_seed=142,lr=0.001_z=64_bs=64_seed=142,0.001,0.001,64,64,142,lr=0.001_z=64_bs=64,"LR=0.001, z=64, batch size=64",23,177.64,2026-06-05 16:52:11.880,64,64\training.log,174,batch size=64
lr=0.001_z=64_bs=64_seed=142,lr=0.001_z=64_bs=64_seed=142,0.001,0.001,64,64,142,lr=0.001_z=64_bs=64,"LR=0.001, z=64, batch size=64",24,160.53,2026-06-05 16:53:56.609,64,64\training.log,176,batch size=64
lr=0.001_z=64_bs=64_seed=142,lr=0.001_z=64_bs=64_seed=142,0.001,0.001,64,64,142,lr=0.001_z=64_bs=64,"LR=0.001, z=64, batch size=64",25,168.74,2026-06-05 16:55:17.825,64,64\training.log,177,batch size=64
lr=0.001_z=64_bs=64_seed=142,lr=0.001_z=64_bs=64_seed=142,0.001,0.001,64,64,142,lr=0.001_z=64_bs=64,"LR=0.001, z=64, batch size=64",26,155.15,2026-06-05 16:56:52.837,64,64\training.log,179,batch size=64
lr=0.001_z=64_bs=64_seed=142,lr=0.001_z=64_bs=64_seed=142,0.001,0.001,64,64,142,lr=0.001_z=64_bs=64,"LR=0.001, z=64, batch size=64",27,165.15,2026-06-05 16:58:18.740,64,64\training.log,180,batch size=64
lr=0.001_z=64_bs=64_seed=142,lr=0.001_z=64_bs=64_seed=142,0.001,0.001,64,64,142,lr=0.001_z=64_bs=64,"LR=0.001, z=64, batch size=64",28,163.61,2026-06-05 16:59:42.877,64,64\training.log,181,batch size=64
lr=0.001_z=64_bs=64_seed=142,lr=0.001_z=64_bs=64_seed=142,0.001,0.001,64,64,142,lr=0.001_z=64_bs=64,"LR=0.001, z=64, batch size=64",29,152.61,2026-06-05 17:01:03.807,64,64\training.log,183,batch size=64
lr=0.001_z=64_bs=64_seed=142,lr=0.001_z=64_bs=64_seed=142,0.001,0.001,64,64,142,lr=0.001_z=64_bs=64,"LR=0.001, z=64, batch size=64",30,148.76,2026-06-05 17:02:29.937,64,64\training.log,185,batch size=64
lr=0.001_z=64_bs=64_seed=142,lr=0.001_z=64_bs=64_seed=142,0.001,0.001,64,64,142,lr=0.001_z=64_bs=64,"LR=0.001, z=64, batch size=64",31,161.87,2026-06-05 17:04:03.078,64,64\training.log,186,batch size=64
lr=0.001_z=64_bs=64_seed=142,lr=0.001_z=64_bs=64_seed=142,0.001,0.001,64,64,142,lr=0.001_z=64_bs=64,"LR=0.001, z=64, batch size=64",32,153.1,2026-06-05 17:05:26.665,64,64\training.log,187,batch size=64
lr=0.001_z=64_bs=64_seed=142,lr=0.001_z=64_bs=64_seed=142,0.001,0.001,64,64,142,lr=0.001_z=64_bs=64,"LR=0.001, z=64, batch size=64",33,149.64,2026-06-05 17:07:04.047,64,64\training.log,188,batch size=64
lr=0.001_z=64_bs=64_seed=142,lr=0.001_z=64_bs=64_seed=142,0.001,0.001,64,64,142,lr=0.001_z=64_bs=64,"LR=0.001, z=64, batch size=64",34,147.92,2026-06-05 17:08:28.272,64,64\training.log,190,batch size=64
lr=0.001_z=64_bs=64_seed=142,lr=0.001_z=64_bs=64_seed=142,0.001,0.001,64,64,142,lr=0.001_z=64_bs=64,"LR=0.001, z=64, batch size=64",35,150.74,2026-06-05 17:09:50.622,64,64\training.log,191,batch size=64
lr=0.001_z=64_bs=64_seed=142,lr=0.001_z=64_bs=64_seed=142,0.001,0.001,64,64,142,lr=0.001_z=64_bs=64,"LR=0.001, z=64, batch size=64",36,155.54,2026-06-05 17:11:14.249,64,64\training.log,192,batch size=64
lr=0.001_z=64_bs=64_seed=142,lr=0.001_z=64_bs=64_seed=142,0.001,0.001,64,64,142,lr=0.001_z=64_bs=64,"LR=0.001, z=64, batch size=64",37,145.04,2026-06-05 17:12:40.791,64,64\training.log,194,batch size=64
lr=0.001_z=64_bs=64_seed=142,lr=0.001_z=64_bs=64_seed=142,0.001,0.001,64,64,142,lr=0.001_z=64_bs=64,"LR=0.001, z=64, batch size=64",38,146.73,2026-06-05 17:14:17.972,64,64\training.log,195,batch size=64
lr=0.001_z=64_bs=64_seed=142,lr=0.001_z=64_bs=64_seed=142,0.001,0.001,64,64,142,lr=0.001_z=64_bs=64,"LR=0.001, z=64, batch size=64",39,144.49,2026-06-05 17:15:44.779,64,64\training.log,197,batch size=64
lr=0.001_z=64_bs=64_seed=142,lr=0.001_z=64_bs=64_seed=142,0.001,0.001,64,64,142,lr=0.001_z=64_bs=64,"LR=0.001, z=64, batch size=64",40,143.61,2026-06-05 17:17:32.389,64,64\training.log,199,batch size=64
lr=0.001_z=64_bs=64_seed=142,lr=0.001_z=64_bs=64_seed=142,0.001,0.001,64,64,142,lr=0.001_z=64_bs=64,"LR=0.001, z=64, batch size=64",41,140.59,2026-06-05 17:18:58.023,64,64\training.log,201,batch size=64
lr=0.001_z=64_bs=64_seed=142,lr=0.001_z=64_bs=64_seed=142,0.001,0.001,64,64,142,lr=0.001_z=64_bs=64,"LR=0.001, z=64, batch size=64",42,154.21,2026-06-05 17:20:21.472,64,64\training.log,202,batch size=64
lr=0.001_z=64_bs=64_seed=142,lr=0.001_z=64_bs=64_seed=142,0.001,0.001,64,64,142,lr=0.001_z=64_bs=64,"LR=0.001, z=64, batch size=64",43,149.12,2026-06-05 17:21:56.121,64,64\training.log,203,batch size=64
lr=0.001_z=64_bs=64_seed=142,lr=0.001_z=64_bs=64_seed=142,0.001,0.001,64,64,142,lr=0.001_z=64_bs=64,"LR=0.001, z=64, batch size=64",44,141.02,2026-06-05 17:23:25.380,64,64\training.log,204,batch size=64
lr=0.001_z=64_bs=64_seed=142,lr=0.001_z=64_bs=64_seed=142,0.001,0.001,64,64,142,lr=0.001_z=64_bs=64,"LR=0.001, z=64, batch size=64",45,141.41,2026-06-05 17:25:00.448,64,64\training.log,205,batch size=64
lr=0.001_z=64_bs=64_seed=142,lr=0.001_z=64_bs=64_seed=142,0.001,0.001,64,64,142,lr=0.001_z=64_bs=64,"LR=0.001, z=64, batch size=64",46,139.28,2026-06-05 17:26:25.204,64,64\training.log,207,batch size=64
lr=0.001_z=64_bs=64_seed=142,lr=0.001_z=64_bs=64_seed=142,0.001,0.001,64,64,142,lr=0.001_z=64_bs=64,"LR=0.001, z=64, batch size=64",47,137.07,2026-06-05 17:27:51.032,64,64\training.log,209,batch size=64
lr=0.001_z=64_bs=64_seed=142,lr=0.001_z=64_bs=64_seed=142,0.001,0.001,64,64,142,lr=0.001_z=64_bs=64,"LR=0.001, z=64, batch size=64",48,145.65,2026-06-05 17:29:16.406,64,64\training.log,210,batch size=64
lr=0.001_z=64_bs=64_seed=142,lr=0.001_z=64_bs=64_seed=142,0.001,0.001,64,64,142,lr=0.001_z=64_bs=64,"LR=0.001, z=64, batch size=64",49,144.9,2026-06-05 17:30:42.161,64,64\training.log,211,batch size=64
lr=0.001_z=64_bs=64_seed=142,lr=0.001_z=64_bs=64_seed=142,0.001,0.001,64,64,142,lr=0.001_z=64_bs=64,"LR=0.001, z=64, batch size=64",50,144.99,2026-06-05 17:32:16.741,64,64\training.log,212,batch size=64
lr=0.001_z=64_bs=64_seed=142,lr=0.001_z=64_bs=64_seed=142,0.001,0.001,64,64,142,lr=0.001_z=64_bs=64,"LR=0.001, z=64, batch size=64",51,143.06,2026-06-05 17:33:37.717,64,64\training.log,213,batch size=64
lr=0.001_z=64_bs=64_seed=142,lr=0.001_z=64_bs=64_seed=142,0.001,0.001,64,64,142,lr=0.001_z=64_bs=64,"LR=0.001, z=64, batch size=64",52,147.39,2026-06-05 17:35:02.927,64,64\training.log,214,batch size=64
lr=0.001_z=64_bs=64_seed=142,lr=0.001_z=64_bs=64_seed=142,0.001,0.001,64,64,142,lr=0.001_z=64_bs=64,"LR=0.001, z=64, batch size=64",53,141.77,2026-06-05 17:36:30.088,64,64\training.log,215,batch size=64
lr=0.001_z=64_bs=64_seed=142,lr=0.001_z=64_bs=64_seed=142,0.001,0.001,64,64,142,lr=0.001_z=64_bs=64,"LR=0.001, z=64, batch size=64",54,131.92,2026-06-05 17:37:55.651,64,64\training.log,217,batch size=64
lr=0.001_z=64_bs=64_seed=142,lr=0.001_z=64_bs=64_seed=142,0.001,0.001,64,64,142,lr=0.001_z=64_bs=64,"LR=0.001, z=64, batch size=64",55,140.52,2026-06-05 17:39:31.053,64,64\training.log,218,batch size=64
lr=0.001_z=64_bs=64_seed=142,lr=0.001_z=64_bs=64_seed=142,0.001,0.001,64,64,142,lr=0.001_z=64_bs=64,"LR=0.001, z=64, batch size=64",56,135.56,2026-06-05 17:40:58.435,64,64\training.log,219,batch size=64
lr=0.001_z=64_bs=64_seed=142,lr=0.001_z=64_bs=64_seed=142,0.001,0.001,64,64,142,lr=0.001_z=64_bs=64,"LR=0.001, z=64, batch size=64",57,138.95,2026-06-05 17:42:32.628,64,64\training.log,220,batch size=64
lr=0.001_z=64_bs=64_seed=142,lr=0.001_z=64_bs=64_seed=142,0.001,0.001,64,64,142,lr=0.001_z=64_bs=64,"LR=0.001, z=64, batch size=64",58,138.59,2026-06-05 17:43:58.742,64,64\training.log,221,batch size=64
lr=0.001_z=64_bs=64_seed=142,lr=0.001_z=64_bs=64_seed=142,0.001,0.001,64,64,142,lr=0.001_z=64_bs=64,"LR=0.001, z=64, batch size=64",59,138.06,2026-06-05 17:45:23.218,64,64\training.log,222,batch size=64
lr=0.001_z=64_bs=64_seed=142,lr=0.001_z=64_bs=64_seed=142,0.001,0.001,64,64,142,lr=0.001_z=64_bs=64,"LR=0.001, z=64, batch size=64",60,135.55,2026-06-05 17:46:47.787,64,64\training.log,223,batch size=64
lr=0.001_z=64_bs=64_seed=142,lr=0.001_z=64_bs=64_seed=142,0.001,0.001,64,64,142,lr=0.001_z=64_bs=64,"LR=0.001, z=64, batch size=64",61,147.68,2026-06-05 17:48:10.772,64,64\training.log,224,batch size=64
lr=0.001_z=64_bs=64_seed=142,lr=0.001_z=64_bs=64_seed=142,0.001,0.001,64,64,142,lr=0.001_z=64_bs=64,"LR=0.001, z=64, batch size=64",62,135.34,2026-06-05 17:49:45.608,64,64\training.log,225,batch size=64
lr=0.001_z=64_bs=64_seed=142,lr=0.001_z=64_bs=64_seed=142,0.001,0.001,64,64,142,lr=0.001_z=64_bs=64,"LR=0.001, z=64, batch size=64",63,133.95,2026-06-05 17:51:10.971,64,64\training.log,226,batch size=64
lr=0.001_z=64_bs=64_seed=142,lr=0.001_z=64_bs=64_seed=142,0.001,0.001,64,64,142,lr=0.001_z=64_bs=64,"LR=0.001, z=64, batch size=64",64,132.32,2026-06-05 17:52:43.653,64,64\training.log,227,batch size=64
lr=0.001_z=64_bs=64_seed=142,lr=0.001_z=64_bs=64_seed=142,0.001,0.001,64,64,142,lr=0.001_z=64_bs=64,"LR=0.001, z=64, batch size=64",65,145.9,2026-06-05 17:58:29.069,64,64\training.log,228,batch size=64
lr=0.001_z=64_bs=64_seed=142,lr=0.001_z=64_bs=64_seed=142,0.001,0.001,64,64,142,lr=0.001_z=64_bs=64,"LR=0.001, z=64, batch size=64",66,136.81,2026-06-05 17:59:51.614,64,64\training.log,229,batch size=64
lr=0.001_z=64_bs=64_seed=142,lr=0.001_z=64_bs=64_seed=142,0.001,0.001,64,64,142,lr=0.001_z=64_bs=64,"LR=0.001, z=64, batch size=64",67,139.16,2026-06-05 18:01:24.599,64,64\training.log,230,batch size=64
lr=0.001_z=64_bs=64_seed=142,lr=0.001_z=64_bs=64_seed=142,0.001,0.001,64,64,142,lr=0.001_z=64_bs=64,"LR=0.001, z=64, batch size=64",68,150.86,2026-06-05 18:02:46.358,64,64\training.log,231,batch size=64
lr=0.001_z=64_bs=64_seed=142,lr=0.001_z=64_bs=64_seed=142,0.001,0.001,64,64,142,lr=0.001_z=64_bs=64,"LR=0.001, z=64, batch size=64",69,142.14,2026-06-05 18:04:18.237,64,64\training.log,232,batch size=64
lr=0.001_z=64_bs=64_seed=142,lr=0.001_z=64_bs=64_seed=142,0.001,0.001,64,64,142,lr=0.001_z=64_bs=64,"LR=0.001, z=64, batch size=64",70,144.47,2026-06-05 18:05:45.276,64,64\training.log,233,batch size=64
lr=0.001_z=64_bs=64_seed=142,lr=0.001_z=64_bs=64_seed=142,0.001,0.001,64,64,142,lr=0.001_z=64_bs=64,"LR=0.001, z=64, batch size=64",71,134.72,2026-06-05 18:07:11.341,64,64\training.log,234,batch size=64
lr=0.001_z=64_bs=64_seed=142,lr=0.001_z=64_bs=64_seed=142,0.001,0.001,64,64,142,lr=0.001_z=64_bs=64,"LR=0.001, z=64, batch size=64",72,137.57,2026-06-05 18:08:47.113,64,64\training.log,235,batch size=64
lr=0.001_z=64_bs=64_seed=142,lr=0.001_z=64_bs=64_seed=142,0.001,0.001,64,64,142,lr=0.001_z=64_bs=64,"LR=0.001, z=64, batch size=64",73,140.8,2026-06-05 18:10:11.111,64,64\training.log,236,batch size=64
lr=0.001_z=64_bs=64_seed=142,lr=0.001_z=64_bs=64_seed=142,0.001,0.001,64,64,142,lr=0.001_z=64_bs=64,"LR=0.001, z=64, batch size=64",74,143.93,2026-06-05 18:11:43.304,64,64\training.log,237,batch size=64
lr=0.001_z=64_bs=64_seed=142,lr=0.001_z=64_bs=64_seed=142,0.001,0.001,64,64,142,lr=0.001_z=64_bs=64,"LR=0.001, z=64, batch size=64",75,141.19,2026-06-05 18:13:06.284,64,64\training.log,238,batch size=64
lr=0.001_z=64_bs=64_seed=142,lr=0.001_z=64_bs=64_seed=142,0.001,0.001,64,64,142,lr=0.001_z=64_bs=64,"LR=0.001, z=64, batch size=64",76,137.97,2026-06-05 18:14:27.846,64,64\training.log,239,batch size=64
lr=0.001_z=64_bs=64_seed=142,lr=0.001_z=64_bs=64_seed=142,0.001,0.001,64,64,142,lr=0.001_z=64_bs=64,"LR=0.001, z=64, batch size=64",77,144.96,2026-06-05 18:16:09.014,64,64\training.log,240,batch size=64
lr=0.001_z=64_bs=64_seed=142,lr=0.001_z=64_bs=64_seed=142,0.001,0.001,64,64,142,lr=0.001_z=64_bs=64,"LR=0.001, z=64, batch size=64",78,136.13,2026-06-05 18:17:29.199,64,64\training.log,241,batch size=64
lr=0.001_z=64_bs=64_seed=142,lr=0.001_z=64_bs=64_seed=142,0.001,0.001,64,64,142,lr=0.001_z=64_bs=64,"LR=0.001, z=64, batch size=64",79,141.06,2026-06-05 18:19:00.388,64,64\training.log,242,batch size=64
lr=0.001_z=64_bs=64_seed=142,lr=0.001_z=64_bs=64_seed=142,0.001,0.001,64,64,142,lr=0.001_z=64_bs=64,"LR=0.001, z=64, batch size=64",80,135.77,2026-06-05 18:20:22.211,64,64\training.log,243,batch size=64
lr=0.001_z=64_bs=64_seed=142,lr=0.001_z=64_bs=64_seed=142,0.001,0.001,64,64,142,lr=0.001_z=64_bs=64,"LR=0.001, z=64, batch size=64",81,139.12,2026-06-05 18:22:03.253,64,64\training.log,244,batch size=64
lr=0.001_z=64_bs=64_seed=142,lr=0.001_z=64_bs=64_seed=142,0.001,0.001,64,64,142,lr=0.001_z=64_bs=64,"LR=0.001, z=64, batch size=64",82,146.45,2026-06-05 18:23:25.033,64,64\training.log,245,batch size=64
lr=0.001_z=64_bs=64_seed=142,lr=0.001_z=64_bs=64_seed=142,0.001,0.001,64,64,142,lr=0.001_z=64_bs=64,"LR=0.001, z=64, batch size=64",83,137.65,2026-06-05 18:24:47.061,64,64\training.log,246,batch size=64
lr=0.001_z=64_bs=64_seed=142,lr=0.001_z=64_bs=64_seed=142,0.001,0.001,64,64,142,lr=0.001_z=64_bs=64,"LR=0.001, z=64, batch size=64",84,141.43,2026-06-05 18:26:18.058,64,64\training.log,247,batch size=64
lr=0.001_z=64_bs=64_seed=142,lr=0.001_z=64_bs=64_seed=142,0.001,0.001,64,64,142,lr=0.001_z=64_bs=64,"LR=0.001, z=64, batch size=64",85,146.7,2026-06-05 18:27:40.597,64,64\training.log,248,batch size=64
lr=0.001_z=64_bs=64_seed=142,lr=0.001_z=64_bs=64_seed=142,0.001,0.001,64,64,142,lr=0.001_z=64_bs=64,"LR=0.001, z=64, batch size=64",86,130.27,2026-06-05 18:29:12.553,64,64\training.log,250,batch size=64
lr=0.001_z=64_bs=64_seed=142,lr=0.001_z=64_bs=64_seed=142,0.001,0.001,64,64,142,lr=0.001_z=64_bs=64,"LR=0.001, z=64, batch size=64",87,137.85,2026-06-05 18:30:34.933,64,64\training.log,251,batch size=64
lr=0.001_z=64_bs=64_seed=142,lr=0.001_z=64_bs=64_seed=142,0.001,0.001,64,64,142,lr=0.001_z=64_bs=64,"LR=0.001, z=64, batch size=64",88,137.72,2026-06-05 18:31:56.893,64,64\training.log,252,batch size=64
lr=0.001_z=64_bs=64_seed=142,lr=0.001_z=64_bs=64_seed=142,0.001,0.001,64,64,142,lr=0.001_z=64_bs=64,"LR=0.001, z=64, batch size=64",89,134.55,2026-06-05 18:33:17.329,64,64\training.log,253,batch size=64
lr=0.001_z=64_bs=64_seed=142,lr=0.001_z=64_bs=64_seed=142,0.001,0.001,64,64,142,lr=0.001_z=64_bs=64,"LR=0.001, z=64, batch size=64",90,133.27,2026-06-05 18:34:40.381,64,64\training.log,254,batch size=64
lr=0.001_z=64_bs=64_seed=142,lr=0.001_z=64_bs=64_seed=142,0.001,0.001,64,64,142,lr=0.001_z=64_bs=64,"LR=0.001, z=64, batch size=64",91,127.52,2026-06-05 18:36:14.266,64,64\training.log,256,batch size=64
lr=0.001_z=64_bs=64_seed=142,lr=0.001_z=64_bs=64_seed=142,0.001,0.001,64,64,142,lr=0.001_z=64_bs=64,"LR=0.001, z=64, batch size=64",92,129.75,2026-06-05 18:37:36.814,64,64\training.log,257,batch size=64
lr=0.001_z=64_bs=64_seed=142,lr=0.001_z=64_bs=64_seed=142,0.001,0.001,64,64,142,lr=0.001_z=64_bs=64,"LR=0.001, z=64, batch size=64",93,134.84,2026-06-05 18:39:00.887,64,64\training.log,258,batch size=64
lr=0.001_z=64_bs=64_seed=142,lr=0.001_z=64_bs=64_seed=142,0.001,0.001,64,64,142,lr=0.001_z=64_bs=64,"LR=0.001, z=64, batch size=64",94,133.47,2026-06-05 18:40:24.469,64,64\training.log,259,batch size=64
lr=0.001_z=64_bs=64_seed=142,lr=0.001_z=64_bs=64_seed=142,0.001,0.001,64,64,142,lr=0.001_z=64_bs=64,"LR=0.001, z=64, batch size=64",95,134.66,2026-06-05 18:41:49.216,64,64\training.log,260,batch size=64
lr=0.001_z=64_bs=64_seed=142,lr=0.001_z=64_bs=64_seed=142,0.001,0.001,64,64,142,lr=0.001_z=64_bs=64,"LR=0.001, z=64, batch size=64",96,149.29,2026-06-05 18:43:20.917,64,64\training.log,261,batch size=64
lr=0.001_z=64_bs=64_seed=142,lr=0.001_z=64_bs=64_seed=142,0.001,0.001,64,64,142,lr=0.001_z=64_bs=64,"LR=0.001, z=64, batch size=64",97,131.1,2026-06-05 18:44:42.492,64,64\training.log,262,batch size=64
lr=0.001_z=64_bs=64_seed=142,lr=0.001_z=64_bs=64_seed=142,0.001,0.001,64,64,142,lr=0.001_z=64_bs=64,"LR=0.001, z=64, batch size=64",98,135.38,2026-06-05 18:46:15.665,64,64\training.log,263,batch size=64
lr=0.001_z=64_bs=64_seed=142,lr=0.001_z=64_bs=64_seed=142,0.001,0.001,64,64,142,lr=0.001_z=64_bs=64,"LR=0.001, z=64, batch size=64",99,113.85,2026-06-05 18:47:46.358,64,64\training.log,265,batch size=64
lr=0.001_z=64_bs=64_seed=142,lr=0.001_z=64_bs=64_seed=142,0.001,0.001,64,64,142,lr=0.001_z=64_bs=64,"LR=0.001, z=64, batch size=64",100,139.63,2026-06-05 18:49:08.649,64,64\training.log,266,batch size=64
lr=0.001_z=64_bs=64_seed=242,lr=0.001_z=64_bs=64_seed=242,0.001,0.001,64,64,242,lr=0.001_z=64_bs=64,"LR=0.001, z=64, batch size=64",1,328.19,2026-06-05 18:54:44.812,64,64\training.log,274,batch size=64
lr=0.001_z=64_bs=64_seed=242,lr=0.001_z=64_bs=64_seed=242,0.001,0.001,64,64,242,lr=0.001_z=64_bs=64,"LR=0.001, z=64, batch size=64",2,315.05,2026-06-05 18:56:06.543,64,64\training.log,276,batch size=64
lr=0.001_z=64_bs=64_seed=242,lr=0.001_z=64_bs=64_seed=242,0.001,0.001,64,64,242,lr=0.001_z=64_bs=64,"LR=0.001, z=64, batch size=64",3,295.08,2026-06-05 18:57:30.232,64,64\training.log,278,batch size=64
lr=0.001_z=64_bs=64_seed=242,lr=0.001_z=64_bs=64_seed=242,0.001,0.001,64,64,242,lr=0.001_z=64_bs=64,"LR=0.001, z=64, batch size=64",4,323.22,2026-06-05 18:58:51.993,64,64\training.log,279,batch size=64
lr=0.001_z=64_bs=64_seed=242,lr=0.001_z=64_bs=64_seed=242,0.001,0.001,64,64,242,lr=0.001_z=64_bs=64,"LR=0.001, z=64, batch size=64",5,307.23,2026-06-05 19:00:35.004,64,64\training.log,280,batch size=64
lr=0.001_z=64_bs=64_seed=242,lr=0.001_z=64_bs=64_seed=242,0.001,0.001,64,64,242,lr=0.001_z=64_bs=64,"LR=0.001, z=64, batch size=64",6,308.6,2026-06-05 19:01:55.218,64,64\training.log,281,batch size=64
lr=0.001_z=64_bs=64_seed=242,lr=0.001_z=64_bs=64_seed=242,0.001,0.001,64,64,242,lr=0.001_z=64_bs=64,"LR=0.001, z=64, batch size=64",7,317.85,2026-06-05 19:03:27.256,64,64\training.log,282,batch size=64
lr=0.001_z=64_bs=64_seed=242,lr=0.001_z=64_bs=64_seed=242,0.001,0.001,64,64,242,lr=0.001_z=64_bs=64,"LR=0.001, z=64, batch size=64",8,259.34,2026-06-05 19:04:48.302,64,64\training.log,284,batch size=64
lr=0.001_z=64_bs=64_seed=242,lr=0.001_z=64_bs=64_seed=242,0.001,0.001,64,64,242,lr=0.001_z=64_bs=64,"LR=0.001, z=64, batch size=64",9,225.65,2026-06-05 19:06:29.927,64,64\training.log,286,batch size=64
lr=0.001_z=64_bs=64_seed=242,lr=0.001_z=64_bs=64_seed=242,0.001,0.001,64,64,242,lr=0.001_z=64_bs=64,"LR=0.001, z=64, batch size=64",10,272.56,2026-06-05 19:07:51.173,64,64\training.log,287,batch size=64
lr=0.001_z=64_bs=64_seed=242,lr=0.001_z=64_bs=64_seed=242,0.001,0.001,64,64,242,lr=0.001_z=64_bs=64,"LR=0.001, z=64, batch size=64",11,235.36,2026-06-05 19:09:14.167,64,64\training.log,288,batch size=64
lr=0.001_z=64_bs=64_seed=242,lr=0.001_z=64_bs=64_seed=242,0.001,0.001,64,64,242,lr=0.001_z=64_bs=64,"LR=0.001, z=64, batch size=64",12,229.46,2026-06-05 19:10:46.711,64,64\training.log,289,batch size=64
lr=0.001_z=64_bs=64_seed=242,lr=0.001_z=64_bs=64_seed=242,0.001,0.001,64,64,242,lr=0.001_z=64_bs=64,"LR=0.001, z=64, batch size=64",13,212.91,2026-06-05 19:12:10.423,64,64\training.log,291,batch size=64
lr=0.001_z=64_bs=64_seed=242,lr=0.001_z=64_bs=64_seed=242,0.001,0.001,64,64,242,lr=0.001_z=64_bs=64,"LR=0.001, z=64, batch size=64",14,224.33,2026-06-05 19:13:44.098,64,64\training.log,292,batch size=64
lr=0.001_z=64_bs=64_seed=242,lr=0.001_z=64_bs=64_seed=242,0.001,0.001,64,64,242,lr=0.001_z=64_bs=64,"LR=0.001, z=64, batch size=64",15,216.2,2026-06-05 19:15:05.928,64,64\training.log,293,batch size=64
lr=0.001_z=64_bs=64_seed=242,lr=0.001_z=64_bs=64_seed=242,0.001,0.001,64,64,242,lr=0.001_z=64_bs=64,"LR=0.001, z=64, batch size=64",16,203.66,2026-06-05 19:16:29.391,64,64\training.log,295,batch size=64
lr=0.001_z=64_bs=64_seed=242,lr=0.001_z=64_bs=64_seed=242,0.001,0.001,64,64,242,lr=0.001_z=64_bs=64,"LR=0.001, z=64, batch size=64",17,191.1,2026-06-05 19:18:11.922,64,64\training.log,297,batch size=64
lr=0.001_z=64_bs=64_seed=242,lr=0.001_z=64_bs=64_seed=242,0.001,0.001,64,64,242,lr=0.001_z=64_bs=64,"LR=0.001, z=64, batch size=64",18,186.4,2026-06-05 19:19:33.897,64,64\training.log,299,batch size=64
lr=0.001_z=64_bs=64_seed=242,lr=0.001_z=64_bs=64_seed=242,0.001,0.001,64,64,242,lr=0.001_z=64_bs=64,"LR=0.001, z=64, batch size=64",19,184.57,2026-06-05 19:21:19.180,64,64\training.log,301,batch size=64
lr=0.001_z=64_bs=64_seed=242,lr=0.001_z=64_bs=64_seed=242,0.001,0.001,64,64,242,lr=0.001_z=64_bs=64,"LR=0.001, z=64, batch size=64",20,189.88,2026-06-05 19:22:59.303,64,64\training.log,302,batch size=64
lr=0.001_z=64_bs=64_seed=242,lr=0.001_z=64_bs=64_seed=242,0.001,0.001,64,64,242,lr=0.001_z=64_bs=64,"LR=0.001, z=64, batch size=64",21,179.44,2026-06-05 19:24:33.747,64,64\training.log,304,batch size=64
lr=0.001_z=64_bs=64_seed=242,lr=0.001_z=64_bs=64_seed=242,0.001,0.001,64,64,242,lr=0.001_z=64_bs=64,"LR=0.001, z=64, batch size=64",22,172.89,2026-06-05 19:26:05.352,64,64\training.log,306,batch size=64
lr=0.001_z=64_bs=64_seed=242,lr=0.001_z=64_bs=64_seed=242,0.001,0.001,64,64,242,lr=0.001_z=64_bs=64,"LR=0.001, z=64, batch size=64",23,177.96,2026-06-05 19:27:41.290,64,64\training.log,307,batch size=64
lr=0.001_z=64_bs=64_seed=242,lr=0.001_z=64_bs=64_seed=242,0.001,0.001,64,64,242,lr=0.001_z=64_bs=64,"LR=0.001, z=64, batch size=64",24,179.6,2026-06-05 19:29:26.203,64,64\training.log,308,batch size=64
lr=0.001_z=64_bs=64_seed=242,lr=0.001_z=64_bs=64_seed=242,0.001,0.001,64,64,242,lr=0.001_z=64_bs=64,"LR=0.001, z=64, batch size=64",25,166.2,2026-06-05 19:30:55.143,64,64\training.log,310,batch size=64
lr=0.001_z=64_bs=64_seed=242,lr=0.001_z=64_bs=64_seed=242,0.001,0.001,64,64,242,lr=0.001_z=64_bs=64,"LR=0.001, z=64, batch size=64",26,166.05,2026-06-05 19:32:24.639,64,64\training.log,312,batch size=64
lr=0.001_z=64_bs=64_seed=242,lr=0.001_z=64_bs=64_seed=242,0.001,0.001,64,64,242,lr=0.001_z=64_bs=64,"LR=0.001, z=64, batch size=64",27,173.57,2026-06-05 19:33:46.958,64,64\training.log,313,batch size=64
lr=0.001_z=64_bs=64_seed=242,lr=0.001_z=64_bs=64_seed=242,0.001,0.001,64,64,242,lr=0.001_z=64_bs=64,"LR=0.001, z=64, batch size=64",28,162.08,2026-06-05 19:35:08.943,64,64\training.log,315,batch size=64
lr=0.001_z=64_bs=64_seed=242,lr=0.001_z=64_bs=64_seed=242,0.001,0.001,64,64,242,lr=0.001_z=64_bs=64,"LR=0.001, z=64, batch size=64",29,163.22,2026-06-05 19:36:42.449,64,64\training.log,316,batch size=64
lr=0.001_z=64_bs=64_seed=242,lr=0.001_z=64_bs=64_seed=242,0.001,0.001,64,64,242,lr=0.001_z=64_bs=64,"LR=0.001, z=64, batch size=64",30,168.05,2026-06-05 19:38:15.412,64,64\training.log,317,batch size=64
lr=0.001_z=64_bs=64_seed=242,lr=0.001_z=64_bs=64_seed=242,0.001,0.001,64,64,242,lr=0.001_z=64_bs=64,"LR=0.001, z=64, batch size=64",31,161.01,2026-06-05 19:39:50.321,64,64\training.log,319,batch size=64
lr=0.001_z=64_bs=64_seed=242,lr=0.001_z=64_bs=64_seed=242,0.001,0.001,64,64,242,lr=0.001_z=64_bs=64,"LR=0.001, z=64, batch size=64",32,161.37,2026-06-05 19:41:13.220,64,64\training.log,320,batch size=64
lr=0.001_z=64_bs=64_seed=242,lr=0.001_z=64_bs=64_seed=242,0.001,0.001,64,64,242,lr=0.001_z=64_bs=64,"LR=0.001, z=64, batch size=64",33,152.8,2026-06-05 19:42:34.971,64,64\training.log,322,batch size=64
lr=0.001_z=64_bs=64_seed=242,lr=0.001_z=64_bs=64_seed=242,0.001,0.001,64,64,242,lr=0.001_z=64_bs=64,"LR=0.001, z=64, batch size=64",34,152.18,2026-06-05 19:44:07.723,64,64\training.log,324,batch size=64
lr=0.001_z=64_bs=64_seed=242,lr=0.001_z=64_bs=64_seed=242,0.001,0.001,64,64,242,lr=0.001_z=64_bs=64,"LR=0.001, z=64, batch size=64",35,151.1,2026-06-05 19:45:29.672,64,64\training.log,326,batch size=64
lr=0.001_z=64_bs=64_seed=242,lr=0.001_z=64_bs=64_seed=242,0.001,0.001,64,64,242,lr=0.001_z=64_bs=64,"LR=0.001, z=64, batch size=64",36,155.11,2026-06-05 19:47:02.137,64,64\training.log,327,batch size=64
lr=0.001_z=64_bs=64_seed=242,lr=0.001_z=64_bs=64_seed=242,0.001,0.001,64,64,242,lr=0.001_z=64_bs=64,"LR=0.001, z=64, batch size=64",37,152.69,2026-06-05 19:48:23.825,64,64\training.log,328,batch size=64
lr=0.001_z=64_bs=64_seed=242,lr=0.001_z=64_bs=64_seed=242,0.001,0.001,64,64,242,lr=0.001_z=64_bs=64,"LR=0.001, z=64, batch size=64",38,149.72,2026-06-05 19:49:46.764,64,64\training.log,330,batch size=64
lr=0.001_z=64_bs=64_seed=242,lr=0.001_z=64_bs=64_seed=242,0.001,0.001,64,64,242,lr=0.001_z=64_bs=64,"LR=0.001, z=64, batch size=64",39,153.95,2026-06-05 19:51:09.761,64,64\training.log,331,batch size=64
lr=0.001_z=64_bs=64_seed=242,lr=0.001_z=64_bs=64_seed=242,0.001,0.001,64,64,242,lr=0.001_z=64_bs=64,"LR=0.001, z=64, batch size=64",40,157.68,2026-06-05 19:52:33.490,64,64\training.log,332,batch size=64
lr=0.001_z=64_bs=64_seed=242,lr=0.001_z=64_bs=64_seed=242,0.001,0.001,64,64,242,lr=0.001_z=64_bs=64,"LR=0.001, z=64, batch size=64",41,160.04,2026-06-05 19:54:07.341,64,64\training.log,333,batch size=64
lr=0.001_z=64_bs=64_seed=242,lr=0.001_z=64_bs=64_seed=242,0.001,0.001,64,64,242,lr=0.001_z=64_bs=64,"LR=0.001, z=64, batch size=64",42,146.58,2026-06-05 19:55:35.541,64,64\training.log,335,batch size=64
lr=0.001_z=64_bs=64_seed=242,lr=0.001_z=64_bs=64_seed=242,0.001,0.001,64,64,242,lr=0.001_z=64_bs=64,"LR=0.001, z=64, batch size=64",43,155.32,2026-06-05 19:57:15.720,64,64\training.log,336,batch size=64
lr=0.001_z=64_bs=64_seed=242,lr=0.001_z=64_bs=64_seed=242,0.001,0.001,64,64,242,lr=0.001_z=64_bs=64,"LR=0.001, z=64, batch size=64",44,145.27,2026-06-05 19:58:41.857,64,64\training.log,338,batch size=64
lr=0.001_z=64_bs=64_seed=242,lr=0.001_z=64_bs=64_seed=242,0.001,0.001,64,64,242,lr=0.001_z=64_bs=64,"LR=0.001, z=64, batch size=64",45,146.08,2026-06-05 20:00:04.679,64,64\training.log,339,batch size=64
lr=0.001_z=64_bs=64_seed=242,lr=0.001_z=64_bs=64_seed=242,0.001,0.001,64,64,242,lr=0.001_z=64_bs=64,"LR=0.001, z=64, batch size=64",46,154.58,2026-06-05 20:01:41.067,64,64\training.log,340,batch size=64
lr=0.001_z=64_bs=64_seed=242,lr=0.001_z=64_bs=64_seed=242,0.001,0.001,64,64,242,lr=0.001_z=64_bs=64,"LR=0.001, z=64, batch size=64",47,144.86,2026-06-05 20:03:04.394,64,64\training.log,342,batch size=64
lr=0.001_z=64_bs=64_seed=242,lr=0.001_z=64_bs=64_seed=242,0.001,0.001,64,64,242,lr=0.001_z=64_bs=64,"LR=0.001, z=64, batch size=64",48,144.36,2026-06-05 20:04:38.197,64,64\training.log,344,batch size=64
lr=0.001_z=64_bs=64_seed=242,lr=0.001_z=64_bs=64_seed=242,0.001,0.001,64,64,242,lr=0.001_z=64_bs=64,"LR=0.001, z=64, batch size=64",49,143.63,2026-06-05 20:06:07.001,64,64\training.log,346,batch size=64
lr=0.001_z=64_bs=64_seed=242,lr=0.001_z=64_bs=64_seed=242,0.001,0.001,64,64,242,lr=0.001_z=64_bs=64,"LR=0.001, z=64, batch size=64",50,135.44,2026-06-05 20:07:30.818,64,64\training.log,348,batch size=64
lr=0.001_z=64_bs=64_seed=242,lr=0.001_z=64_bs=64_seed=242,0.001,0.001,64,64,242,lr=0.001_z=64_bs=64,"LR=0.001, z=64, batch size=64",51,143.72,2026-06-05 20:08:53.194,64,64\training.log,349,batch size=64
lr=0.001_z=64_bs=64_seed=242,lr=0.001_z=64_bs=64_seed=242,0.001,0.001,64,64,242,lr=0.001_z=64_bs=64,"LR=0.001, z=64, batch size=64",52,143.59,2026-06-05 20:10:16.119,64,64\training.log,350,batch size=64
lr=0.001_z=64_bs=64_seed=242,lr=0.001_z=64_bs=64_seed=242,0.001,0.001,64,64,242,lr=0.001_z=64_bs=64,"LR=0.001, z=64, batch size=64",53,151.48,2026-06-05 20:11:50.136,64,64\training.log,351,batch size=64
lr=0.001_z=64_bs=64_seed=242,lr=0.001_z=64_bs=64_seed=242,0.001,0.001,64,64,242,lr=0.001_z=64_bs=64,"LR=0.001, z=64, batch size=64",54,146.96,2026-06-05 20:13:15.267,64,64\training.log,352,batch size=64
lr=0.001_z=64_bs=64_seed=242,lr=0.001_z=64_bs=64_seed=242,0.001,0.001,64,64,242,lr=0.001_z=64_bs=64,"LR=0.001, z=64, batch size=64",55,136.83,2026-06-05 20:14:39.968,64,64\training.log,353,batch size=64
lr=0.001_z=64_bs=64_seed=242,lr=0.001_z=64_bs=64_seed=242,0.001,0.001,64,64,242,lr=0.001_z=64_bs=64,"LR=0.001, z=64, batch size=64",56,149.24,2026-06-05 20:16:04.914,64,64\training.log,354,batch size=64
lr=0.001_z=64_bs=64_seed=242,lr=0.001_z=64_bs=64_seed=242,0.001,0.001,64,64,242,lr=0.001_z=64_bs=64,"LR=0.001, z=64, batch size=64",57,146.87,2026-06-05 20:17:27.218,64,64\training.log,355,batch size=64
lr=0.001_z=64_bs=64_seed=242,lr=0.001_z=64_bs=64_seed=242,0.001,0.001,64,64,242,lr=0.001_z=64_bs=64,"LR=0.001, z=64, batch size=64",58,145.33,2026-06-05 20:19:00.722,64,64\training.log,356,batch size=64
lr=0.001_z=64_bs=64_seed=242,lr=0.001_z=64_bs=64_seed=242,0.001,0.001,64,64,242,lr=0.001_z=64_bs=64,"LR=0.001, z=64, batch size=64",59,141.22,2026-06-05 20:20:35.678,64,64\training.log,357,batch size=64
lr=0.001_z=64_bs=64_seed=242,lr=0.001_z=64_bs=64_seed=242,0.001,0.001,64,64,242,lr=0.001_z=64_bs=64,"LR=0.001, z=64, batch size=64",60,147.53,2026-06-05 20:22:12.659,64,64\training.log,358,batch size=64
lr=0.001_z=64_bs=64_seed=242,lr=0.001_z=64_bs=64_seed=242,0.001,0.001,64,64,242,lr=0.001_z=64_bs=64,"LR=0.001, z=64, batch size=64",61,140.03,2026-06-05 20:23:36.515,64,64\training.log,359,batch size=64
lr=0.001_z=64_bs=64_seed=242,lr=0.001_z=64_bs=64_seed=242,0.001,0.001,64,64,242,lr=0.001_z=64_bs=64,"LR=0.001, z=64, batch size=64",62,152.77,2026-06-05 20:24:58.552,64,64\training.log,360,batch size=64
lr=0.001_z=64_bs=64_seed=242,lr=0.001_z=64_bs=64_seed=242,0.001,0.001,64,64,242,lr=0.001_z=64_bs=64,"LR=0.001, z=64, batch size=64",63,138.62,2026-06-05 20:26:31.417,64,64\training.log,361,batch size=64
lr=0.001_z=64_bs=64_seed=242,lr=0.001_z=64_bs=64_seed=242,0.001,0.001,64,64,242,lr=0.001_z=64_bs=64,"LR=0.001, z=64, batch size=64",64,143.78,2026-06-05 20:27:54.912,64,64\training.log,362,batch size=64
lr=0.001_z=64_bs=64_seed=242,lr=0.001_z=64_bs=64_seed=242,0.001,0.001,64,64,242,lr=0.001_z=64_bs=64,"LR=0.001, z=64, batch size=64",65,142.14,2026-06-05 20:29:30.412,64,64\training.log,363,batch size=64
lr=0.001_z=64_bs=64_seed=242,lr=0.001_z=64_bs=64_seed=242,0.001,0.001,64,64,242,lr=0.001_z=64_bs=64,"LR=0.001, z=64, batch size=64",66,144.17,2026-06-05 20:30:52.967,64,64\training.log,364,batch size=64
lr=0.001_z=64_bs=64_seed=242,lr=0.001_z=64_bs=64_seed=242,0.001,0.001,64,64,242,lr=0.001_z=64_bs=64,"LR=0.001, z=64, batch size=64",67,152.78,2026-06-05 20:32:16.126,64,64\training.log,365,batch size=64
lr=0.001_z=64_bs=64_seed=242,lr=0.001_z=64_bs=64_seed=242,0.001,0.001,64,64,242,lr=0.001_z=64_bs=64,"LR=0.001, z=64, batch size=64",68,144.59,2026-06-05 20:33:37.748,64,64\training.log,366,batch size=64
lr=0.001_z=64_bs=64_seed=242,lr=0.001_z=64_bs=64_seed=242,0.001,0.001,64,64,242,lr=0.001_z=64_bs=64,"LR=0.001, z=64, batch size=64",69,140.76,2026-06-05 20:35:00.246,64,64\training.log,367,batch size=64
lr=0.001_z=64_bs=64_seed=242,lr=0.001_z=64_bs=64_seed=242,0.001,0.001,64,64,242,lr=0.001_z=64_bs=64,"LR=0.001, z=64, batch size=64",70,139.02,2026-06-05 20:36:32.977,64,64\training.log,368,batch size=64
lr=0.001_z=64_bs=64_seed=242,lr=0.001_z=64_bs=64_seed=242,0.001,0.001,64,64,242,lr=0.001_z=64_bs=64,"LR=0.001, z=64, batch size=64",71,148.69,2026-06-05 20:37:56.505,64,64\training.log,369,batch size=64
lr=0.001_z=64_bs=64_seed=242,lr=0.001_z=64_bs=64_seed=242,0.001,0.001,64,64,242,lr=0.001_z=64_bs=64,"LR=0.001, z=64, batch size=64",72,139.12,2026-06-05 20:39:20.807,64,64\training.log,370,batch size=64
lr=0.001_z=64_bs=64_seed=242,lr=0.001_z=64_bs=64_seed=242,0.001,0.001,64,64,242,lr=0.001_z=64_bs=64,"LR=0.001, z=64, batch size=64",73,148.64,2026-06-05 20:40:43.771,64,64\training.log,371,batch size=64
lr=0.001_z=64_bs=64_seed=242,lr=0.001_z=64_bs=64_seed=242,0.001,0.001,64,64,242,lr=0.001_z=64_bs=64,"LR=0.001, z=64, batch size=64",74,149.07,2026-06-05 20:42:07.249,64,64\training.log,372,batch size=64
lr=0.001_z=64_bs=64_seed=242,lr=0.001_z=64_bs=64_seed=242,0.001,0.001,64,64,242,lr=0.001_z=64_bs=64,"LR=0.001, z=64, batch size=64",75,155.97,2026-06-05 20:43:39.388,64,64\training.log,373,batch size=64
lr=0.001_z=64_bs=64_seed=242,lr=0.001_z=64_bs=64_seed=242,0.001,0.001,64,64,242,lr=0.001_z=64_bs=64,"LR=0.001, z=64, batch size=64",76,145.38,2026-06-05 20:45:06.879,64,64\training.log,374,batch size=64
lr=0.001_z=64_bs=64_seed=242,lr=0.001_z=64_bs=64_seed=242,0.001,0.001,64,64,242,lr=0.001_z=64_bs=64,"LR=0.001, z=64, batch size=64",77,143.07,2026-06-05 20:46:49.915,64,64\training.log,375,batch size=64
lr=0.001_z=64_bs=64_seed=242,lr=0.001_z=64_bs=64_seed=242,0.001,0.001,64,64,242,lr=0.001_z=64_bs=64,"LR=0.001, z=64, batch size=64",78,141.48,2026-06-05 20:48:22.005,64,64\training.log,376,batch size=64
lr=0.001_z=64_bs=64_seed=242,lr=0.001_z=64_bs=64_seed=242,0.001,0.001,64,64,242,lr=0.001_z=64_bs=64,"LR=0.001, z=64, batch size=64",79,142.12,2026-06-05 20:49:47.624,64,64\training.log,377,batch size=64
lr=0.001_z=64_bs=64_seed=242,lr=0.001_z=64_bs=64_seed=242,0.001,0.001,64,64,242,lr=0.001_z=64_bs=64,"LR=0.001, z=64, batch size=64",80,143.85,2026-06-05 20:51:23.191,64,64\training.log,378,batch size=64
lr=0.001_z=64_bs=64_seed=242,lr=0.001_z=64_bs=64_seed=242,0.001,0.001,64,64,242,lr=0.001_z=64_bs=64,"LR=0.001, z=64, batch size=64",81,148.92,2026-06-05 20:52:48.054,64,64\training.log,379,batch size=64
lr=0.001_z=64_bs=64_seed=242,lr=0.001_z=64_bs=64_seed=242,0.001,0.001,64,64,242,lr=0.001_z=64_bs=64,"LR=0.001, z=64, batch size=64",82,135.73,2026-06-05 20:54:28.927,64,64\training.log,380,batch size=64
lr=0.001_z=64_bs=64_seed=242,lr=0.001_z=64_bs=64_seed=242,0.001,0.001,64,64,242,lr=0.001_z=64_bs=64,"LR=0.001, z=64, batch size=64",83,149.42,2026-06-05 20:55:57.369,64,64\training.log,381,batch size=64
lr=0.001_z=64_bs=64_seed=242,lr=0.001_z=64_bs=64_seed=242,0.001,0.001,64,64,242,lr=0.001_z=64_bs=64,"LR=0.001, z=64, batch size=64",84,141.87,2026-06-05 20:57:25.339,64,64\training.log,382,batch size=64
lr=0.001_z=64_bs=64_seed=242,lr=0.001_z=64_bs=64_seed=242,0.001,0.001,64,64,242,lr=0.001_z=64_bs=64,"LR=0.001, z=64, batch size=64",85,153.88,2026-06-05 20:58:58.730,64,64\training.log,383,batch size=64
lr=0.001_z=64_bs=64_seed=242,lr=0.001_z=64_bs=64_seed=242,0.001,0.001,64,64,242,lr=0.001_z=64_bs=64,"LR=0.001, z=64, batch size=64",86,147.57,2026-06-05 21:00:51.897,64,64\training.log,384,batch size=64
lr=0.001_z=64_bs=64_seed=242,lr=0.001_z=64_bs=64_seed=242,0.001,0.001,64,64,242,lr=0.001_z=64_bs=64,"LR=0.001, z=64, batch size=64",87,138.29,2026-06-05 21:02:25.698,64,64\training.log,385,batch size=64
lr=0.001_z=64_bs=64_seed=242,lr=0.001_z=64_bs=64_seed=242,0.001,0.001,64,64,242,lr=0.001_z=64_bs=64,"LR=0.001, z=64, batch size=64",88,143.84,2026-06-05 21:03:48.573,64,64\training.log,386,batch size=64
lr=0.001_z=64_bs=64_seed=242,lr=0.001_z=64_bs=64_seed=242,0.001,0.001,64,64,242,lr=0.001_z=64_bs=64,"LR=0.001, z=64, batch size=64",89,142.12,2026-06-05 21:05:32.406,64,64\training.log,387,batch size=64
lr=0.001_z=64_bs=64_seed=242,lr=0.001_z=64_bs=64_seed=242,0.001,0.001,64,64,242,lr=0.001_z=64_bs=64,"LR=0.001, z=64, batch size=64",90,143.0,2026-06-05 21:06:55.377,64,64\training.log,388,batch size=64
lr=0.001_z=64_bs=64_seed=242,lr=0.001_z=64_bs=64_seed=242,0.001,0.001,64,64,242,lr=0.001_z=64_bs=64,"LR=0.001, z=64, batch size=64",91,163.52,2026-06-05 21:08:19.994,64,64\training.log,389,batch size=64
lr=0.001_z=64_bs=64_seed=242,lr=0.001_z=64_bs=64_seed=242,0.001,0.001,64,64,242,lr=0.001_z=64_bs=64,"LR=0.001, z=64, batch size=64",92,148.23,2026-06-05 21:09:51.830,64,64\training.log,390,batch size=64
lr=0.001_z=64_bs=64_seed=242,lr=0.001_z=64_bs=64_seed=242,0.001,0.001,64,64,242,lr=0.001_z=64_bs=64,"LR=0.001, z=64, batch size=64",93,149.48,2026-06-05 21:11:15.214,64,64\training.log,391,batch size=64
lr=0.001_z=64_bs=64_seed=242,lr=0.001_z=64_bs=64_seed=242,0.001,0.001,64,64,242,lr=0.001_z=64_bs=64,"LR=0.001, z=64, batch size=64",94,151.79,2026-06-05 21:12:38.734,64,64\training.log,392,batch size=64
lr=0.001_z=64_bs=64_seed=242,lr=0.001_z=64_bs=64_seed=242,0.001,0.001,64,64,242,lr=0.001_z=64_bs=64,"LR=0.001, z=64, batch size=64",95,132.77,2026-06-05 21:14:02.468,64,64\training.log,394,batch size=64
lr=0.001_z=64_bs=64_seed=242,lr=0.001_z=64_bs=64_seed=242,0.001,0.001,64,64,242,lr=0.001_z=64_bs=64,"LR=0.001, z=64, batch size=64",96,134.13,2026-06-05 21:15:26.471,64,64\training.log,395,batch size=64
lr=0.001_z=64_bs=64_seed=242,lr=0.001_z=64_bs=64_seed=242,0.001,0.001,64,64,242,lr=0.001_z=64_bs=64,"LR=0.001, z=64, batch size=64",97,143.61,2026-06-05 21:16:59.729,64,64\training.log,396,batch size=64
lr=0.001_z=64_bs=64_seed=242,lr=0.001_z=64_bs=64_seed=242,0.001,0.001,64,64,242,lr=0.001_z=64_bs=64,"LR=0.001, z=64, batch size=64",98,139.61,2026-06-05 21:18:23.569,64,64\training.log,397,batch size=64
lr=0.001_z=64_bs=64_seed=242,lr=0.001_z=64_bs=64_seed=242,0.001,0.001,64,64,242,lr=0.001_z=64_bs=64,"LR=0.001, z=64, batch size=64",99,130.06,2026-06-05 21:19:58.520,64,64\training.log,399,batch size=64
lr=0.001_z=64_bs=64_seed=242,lr=0.001_z=64_bs=64_seed=242,0.001,0.001,64,64,242,lr=0.001_z=64_bs=64,"LR=0.001, z=64, batch size=64",100,143.0,2026-06-05 21:21:23.290,64,64\training.log,400,batch size=64
