run_id_raw,run_id,lr_raw,lr,z,bs,seed,config,config_label_full,epoch,fid,timestamp,source_folder,source_file,line_no,config_display_label
lr=0.001_z=100_bs=64_seed=42,lr=0.001_z=100_bs=64_seed=42,0.001,0.001,100,64,42,lr=0.001_z=100_bs=64,"LR=0.001, z=100, batch size=64",1,294.37,2026-06-01 16:55:02.333,100,100\training (1).log,144,z=100
lr=0.001_z=100_bs=64_seed=42,lr=0.001_z=100_bs=64_seed=42,0.001,0.001,100,64,42,lr=0.001_z=100_bs=64,"LR=0.001, z=100, batch size=64",2,300.0,2026-06-01 16:55:35.687,100,100\training (1).log,145,z=100
lr=0.001_z=100_bs=64_seed=42,lr=0.001_z=100_bs=64_seed=42,0.001,0.001,100,64,42,lr=0.001_z=100_bs=64,"LR=0.001, z=100, batch size=64",3,363.23,2026-06-01 16:56:38.406,100,100\training (1).log,146,z=100
lr=0.001_z=100_bs=64_seed=42,lr=0.001_z=100_bs=64_seed=42,0.001,0.001,100,64,42,lr=0.001_z=100_bs=64,"LR=0.001, z=100, batch size=64",4,290.4,2026-06-01 16:57:11.414,100,100\training (1).log,148,z=100
lr=0.001_z=100_bs=64_seed=42,lr=0.001_z=100_bs=64_seed=42,0.001,0.001,100,64,42,lr=0.001_z=100_bs=64,"LR=0.001, z=100, batch size=64",5,285.61,2026-06-01 16:58:14.024,100,100\training (1).log,150,z=100
lr=0.001_z=100_bs=64_seed=42,lr=0.001_z=100_bs=64_seed=42,0.001,0.001,100,64,42,lr=0.001_z=100_bs=64,"LR=0.001, z=100, batch size=64",6,280.13,2026-06-01 16:58:47.964,100,100\training (1).log,152,z=100
lr=0.001_z=100_bs=64_seed=42,lr=0.001_z=100_bs=64_seed=42,0.001,0.001,100,64,42,lr=0.001_z=100_bs=64,"LR=0.001, z=100, batch size=64",7,308.0,2026-06-01 16:59:50.604,100,100\training (1).log,153,z=100
lr=0.001_z=100_bs=64_seed=42,lr=0.001_z=100_bs=64_seed=42,0.001,0.001,100,64,42,lr=0.001_z=100_bs=64,"LR=0.001, z=100, batch size=64",8,304.77,2026-06-01 17:00:24.003,100,100\training (1).log,154,z=100
lr=0.001_z=100_bs=64_seed=42,lr=0.001_z=100_bs=64_seed=42,0.001,0.001,100,64,42,lr=0.001_z=100_bs=64,"LR=0.001, z=100, batch size=64",9,282.65,2026-06-01 17:01:26.241,100,100\training (1).log,155,z=100
lr=0.001_z=100_bs=64_seed=42,lr=0.001_z=100_bs=64_seed=42,0.001,0.001,100,64,42,lr=0.001_z=100_bs=64,"LR=0.001, z=100, batch size=64",10,263.08,2026-06-01 17:01:59.637,100,100\training (1).log,157,z=100
lr=0.001_z=100_bs=64_seed=42,lr=0.001_z=100_bs=64_seed=42,0.001,0.001,100,64,42,lr=0.001_z=100_bs=64,"LR=0.001, z=100, batch size=64",11,245.36,2026-06-01 17:03:02.431,100,100\training (1).log,159,z=100
lr=0.001_z=100_bs=64_seed=42,lr=0.001_z=100_bs=64_seed=42,0.001,0.001,100,64,42,lr=0.001_z=100_bs=64,"LR=0.001, z=100, batch size=64",12,226.92,2026-06-01 17:03:35.785,100,100\training (1).log,161,z=100
lr=0.001_z=100_bs=64_seed=42,lr=0.001_z=100_bs=64_seed=42,0.001,0.001,100,64,42,lr=0.001_z=100_bs=64,"LR=0.001, z=100, batch size=64",13,227.22,2026-06-01 17:04:38.507,100,100\training (1).log,162,z=100
lr=0.001_z=100_bs=64_seed=42,lr=0.001_z=100_bs=64_seed=42,0.001,0.001,100,64,42,lr=0.001_z=100_bs=64,"LR=0.001, z=100, batch size=64",14,202.65,2026-06-01 17:05:11.576,100,100\training (1).log,164,z=100
lr=0.001_z=100_bs=64_seed=42,lr=0.001_z=100_bs=64_seed=42,0.001,0.001,100,64,42,lr=0.001_z=100_bs=64,"LR=0.001, z=100, batch size=64",15,214.15,2026-06-01 17:06:14.332,100,100\training (1).log,165,z=100
lr=0.001_z=100_bs=64_seed=42,lr=0.001_z=100_bs=64_seed=42,0.001,0.001,100,64,42,lr=0.001_z=100_bs=64,"LR=0.001, z=100, batch size=64",16,204.98,2026-06-01 17:06:47.220,100,100\training (1).log,166,z=100
lr=0.001_z=100_bs=64_seed=42,lr=0.001_z=100_bs=64_seed=42,0.001,0.001,100,64,42,lr=0.001_z=100_bs=64,"LR=0.001, z=100, batch size=64",17,196.64,2026-06-01 17:07:50.406,100,100\training (1).log,168,z=100
lr=0.001_z=100_bs=64_seed=42,lr=0.001_z=100_bs=64_seed=42,0.001,0.001,100,64,42,lr=0.001_z=100_bs=64,"LR=0.001, z=100, batch size=64",18,192.82,2026-06-01 17:08:23.341,100,100\training (1).log,170,z=100
lr=0.001_z=100_bs=64_seed=42,lr=0.001_z=100_bs=64_seed=42,0.001,0.001,100,64,42,lr=0.001_z=100_bs=64,"LR=0.001, z=100, batch size=64",19,197.86,2026-06-01 17:09:26.389,100,100\training (1).log,171,z=100
lr=0.001_z=100_bs=64_seed=42,lr=0.001_z=100_bs=64_seed=42,0.001,0.001,100,64,42,lr=0.001_z=100_bs=64,"LR=0.001, z=100, batch size=64",20,187.25,2026-06-01 17:09:59.511,100,100\training (1).log,173,z=100
lr=0.001_z=100_bs=64_seed=42,lr=0.001_z=100_bs=64_seed=42,0.001,0.001,100,64,42,lr=0.001_z=100_bs=64,"LR=0.001, z=100, batch size=64",21,209.44,2026-06-01 17:11:01.908,100,100\training (1).log,174,z=100
lr=0.001_z=100_bs=64_seed=42,lr=0.001_z=100_bs=64_seed=42,0.001,0.001,100,64,42,lr=0.001_z=100_bs=64,"LR=0.001, z=100, batch size=64",22,181.56,2026-06-01 17:11:35.336,100,100\training (1).log,176,z=100
lr=0.001_z=100_bs=64_seed=42,lr=0.001_z=100_bs=64_seed=42,0.001,0.001,100,64,42,lr=0.001_z=100_bs=64,"LR=0.001, z=100, batch size=64",23,177.98,2026-06-01 17:12:38.611,100,100\training (1).log,178,z=100
lr=0.001_z=100_bs=64_seed=42,lr=0.001_z=100_bs=64_seed=42,0.001,0.001,100,64,42,lr=0.001_z=100_bs=64,"LR=0.001, z=100, batch size=64",24,176.33,2026-06-01 17:13:12.039,100,100\training (1).log,180,z=100
lr=0.001_z=100_bs=64_seed=42,lr=0.001_z=100_bs=64_seed=42,0.001,0.001,100,64,42,lr=0.001_z=100_bs=64,"LR=0.001, z=100, batch size=64",25,176.44,2026-06-01 17:14:14.407,100,100\training (1).log,181,z=100
lr=0.001_z=100_bs=64_seed=42,lr=0.001_z=100_bs=64_seed=42,0.001,0.001,100,64,42,lr=0.001_z=100_bs=64,"LR=0.001, z=100, batch size=64",26,160.36,2026-06-01 17:14:47.594,100,100\training (1).log,183,z=100
lr=0.001_z=100_bs=64_seed=42,lr=0.001_z=100_bs=64_seed=42,0.001,0.001,100,64,42,lr=0.001_z=100_bs=64,"LR=0.001, z=100, batch size=64",27,164.21,2026-06-01 17:15:50.611,100,100\training (1).log,184,z=100
lr=0.001_z=100_bs=64_seed=42,lr=0.001_z=100_bs=64_seed=42,0.001,0.001,100,64,42,lr=0.001_z=100_bs=64,"LR=0.001, z=100, batch size=64",28,160.85,2026-06-01 17:16:23.607,100,100\training (1).log,185,z=100
lr=0.001_z=100_bs=64_seed=42,lr=0.001_z=100_bs=64_seed=42,0.001,0.001,100,64,42,lr=0.001_z=100_bs=64,"LR=0.001, z=100, batch size=64",29,164.18,2026-06-01 17:17:26.942,100,100\training (1).log,186,z=100
lr=0.001_z=100_bs=64_seed=42,lr=0.001_z=100_bs=64_seed=42,0.001,0.001,100,64,42,lr=0.001_z=100_bs=64,"LR=0.001, z=100, batch size=64",30,167.73,2026-06-01 17:18:00.306,100,100\training (1).log,187,z=100
lr=0.001_z=100_bs=64_seed=42,lr=0.001_z=100_bs=64_seed=42,0.001,0.001,100,64,42,lr=0.001_z=100_bs=64,"LR=0.001, z=100, batch size=64",31,165.28,2026-06-01 17:19:03.245,100,100\training (1).log,188,z=100
lr=0.001_z=100_bs=64_seed=42,lr=0.001_z=100_bs=64_seed=42,0.001,0.001,100,64,42,lr=0.001_z=100_bs=64,"LR=0.001, z=100, batch size=64",32,164.09,2026-06-01 17:19:36.444,100,100\training (1).log,189,z=100
lr=0.001_z=100_bs=64_seed=42,lr=0.001_z=100_bs=64_seed=42,0.001,0.001,100,64,42,lr=0.001_z=100_bs=64,"LR=0.001, z=100, batch size=64",33,166.44,2026-06-01 17:20:39.343,100,100\training (1).log,190,z=100
lr=0.001_z=100_bs=64_seed=42,lr=0.001_z=100_bs=64_seed=42,0.001,0.001,100,64,42,lr=0.001_z=100_bs=64,"LR=0.001, z=100, batch size=64",34,157.48,2026-06-01 17:21:13.109,100,100\training (1).log,192,z=100
lr=0.001_z=100_bs=64_seed=42,lr=0.001_z=100_bs=64_seed=42,0.001,0.001,100,64,42,lr=0.001_z=100_bs=64,"LR=0.001, z=100, batch size=64",35,159.16,2026-06-01 17:22:15.693,100,100\training (1).log,193,z=100
lr=0.001_z=100_bs=64_seed=42,lr=0.001_z=100_bs=64_seed=42,0.001,0.001,100,64,42,lr=0.001_z=100_bs=64,"LR=0.001, z=100, batch size=64",36,166.38,2026-06-01 17:22:48.845,100,100\training (1).log,194,z=100
lr=0.001_z=100_bs=64_seed=42,lr=0.001_z=100_bs=64_seed=42,0.001,0.001,100,64,42,lr=0.001_z=100_bs=64,"LR=0.001, z=100, batch size=64",37,160.85,2026-06-01 17:23:51.452,100,100\training (1).log,195,z=100
lr=0.001_z=100_bs=64_seed=42,lr=0.001_z=100_bs=64_seed=42,0.001,0.001,100,64,42,lr=0.001_z=100_bs=64,"LR=0.001, z=100, batch size=64",38,152.3,2026-06-01 17:24:24.221,100,100\training (1).log,197,z=100
lr=0.001_z=100_bs=64_seed=42,lr=0.001_z=100_bs=64_seed=42,0.001,0.001,100,64,42,lr=0.001_z=100_bs=64,"LR=0.001, z=100, batch size=64",39,158.33,2026-06-01 17:25:26.739,100,100\training (1).log,198,z=100
lr=0.001_z=100_bs=64_seed=42,lr=0.001_z=100_bs=64_seed=42,0.001,0.001,100,64,42,lr=0.001_z=100_bs=64,"LR=0.001, z=100, batch size=64",40,149.4,2026-06-01 17:25:59.608,100,100\training (1).log,200,z=100
lr=0.001_z=100_bs=64_seed=42,lr=0.001_z=100_bs=64_seed=42,0.001,0.001,100,64,42,lr=0.001_z=100_bs=64,"LR=0.001, z=100, batch size=64",41,158.76,2026-06-01 17:27:02.760,100,100\training (1).log,201,z=100
lr=0.001_z=100_bs=64_seed=42,lr=0.001_z=100_bs=64_seed=42,0.001,0.001,100,64,42,lr=0.001_z=100_bs=64,"LR=0.001, z=100, batch size=64",42,148.37,2026-06-01 17:27:36.255,100,100\training (1).log,203,z=100
lr=0.001_z=100_bs=64_seed=42,lr=0.001_z=100_bs=64_seed=42,0.001,0.001,100,64,42,lr=0.001_z=100_bs=64,"LR=0.001, z=100, batch size=64",43,166.93,2026-06-01 17:28:39.566,100,100\training (1).log,204,z=100
lr=0.001_z=100_bs=64_seed=42,lr=0.001_z=100_bs=64_seed=42,0.001,0.001,100,64,42,lr=0.001_z=100_bs=64,"LR=0.001, z=100, batch size=64",44,150.37,2026-06-01 17:29:12.464,100,100\training (1).log,205,z=100
lr=0.001_z=100_bs=64_seed=42,lr=0.001_z=100_bs=64_seed=42,0.001,0.001,100,64,42,lr=0.001_z=100_bs=64,"LR=0.001, z=100, batch size=64",45,161.49,2026-06-01 17:30:15.958,100,100\training (1).log,206,z=100
lr=0.001_z=100_bs=64_seed=42,lr=0.001_z=100_bs=64_seed=42,0.001,0.001,100,64,42,lr=0.001_z=100_bs=64,"LR=0.001, z=100, batch size=64",46,143.65,2026-06-01 17:30:49.826,100,100\training (1).log,208,z=100
lr=0.001_z=100_bs=64_seed=42,lr=0.001_z=100_bs=64_seed=42,0.001,0.001,100,64,42,lr=0.001_z=100_bs=64,"LR=0.001, z=100, batch size=64",47,158.44,2026-06-01 17:31:52.670,100,100\training (1).log,209,z=100
lr=0.001_z=100_bs=64_seed=42,lr=0.001_z=100_bs=64_seed=42,0.001,0.001,100,64,42,lr=0.001_z=100_bs=64,"LR=0.001, z=100, batch size=64",48,156.48,2026-06-01 17:32:26.389,100,100\training (1).log,210,z=100
lr=0.001_z=100_bs=64_seed=42,lr=0.001_z=100_bs=64_seed=42,0.001,0.001,100,64,42,lr=0.001_z=100_bs=64,"LR=0.001, z=100, batch size=64",49,145.59,2026-06-01 17:33:29.875,100,100\training (1).log,211,z=100
lr=0.001_z=100_bs=64_seed=42,lr=0.001_z=100_bs=64_seed=42,0.001,0.001,100,64,42,lr=0.001_z=100_bs=64,"LR=0.001, z=100, batch size=64",50,155.47,2026-06-01 17:34:02.678,100,100\training (1).log,212,z=100
lr=0.001_z=100_bs=64_seed=42,lr=0.001_z=100_bs=64_seed=42,0.001,0.001,100,64,42,lr=0.001_z=100_bs=64,"LR=0.001, z=100, batch size=64",51,149.12,2026-06-01 17:35:05.123,100,100\training (1).log,213,z=100
lr=0.001_z=100_bs=64_seed=42,lr=0.001_z=100_bs=64_seed=42,0.001,0.001,100,64,42,lr=0.001_z=100_bs=64,"LR=0.001, z=100, batch size=64",52,142.51,2026-06-01 17:35:38.194,100,100\training (1).log,215,z=100
lr=0.001_z=100_bs=64_seed=42,lr=0.001_z=100_bs=64_seed=42,0.001,0.001,100,64,42,lr=0.001_z=100_bs=64,"LR=0.001, z=100, batch size=64",53,160.89,2026-06-01 17:36:40.764,100,100\training (1).log,216,z=100
lr=0.001_z=100_bs=64_seed=42,lr=0.001_z=100_bs=64_seed=42,0.001,0.001,100,64,42,lr=0.001_z=100_bs=64,"LR=0.001, z=100, batch size=64",54,145.6,2026-06-01 17:37:14.129,100,100\training (1).log,217,z=100
lr=0.001_z=100_bs=64_seed=42,lr=0.001_z=100_bs=64_seed=42,0.001,0.001,100,64,42,lr=0.001_z=100_bs=64,"LR=0.001, z=100, batch size=64",55,137.69,2026-06-01 17:38:17.930,100,100\training (1).log,219,z=100
lr=0.001_z=100_bs=64_seed=42,lr=0.001_z=100_bs=64_seed=42,0.001,0.001,100,64,42,lr=0.001_z=100_bs=64,"LR=0.001, z=100, batch size=64",56,152.79,2026-06-01 17:38:52.092,100,100\training (1).log,220,z=100
lr=0.001_z=100_bs=64_seed=42,lr=0.001_z=100_bs=64_seed=42,0.001,0.001,100,64,42,lr=0.001_z=100_bs=64,"LR=0.001, z=100, batch size=64",57,143.62,2026-06-01 17:39:55.088,100,100\training (1).log,221,z=100
lr=0.001_z=100_bs=64_seed=42,lr=0.001_z=100_bs=64_seed=42,0.001,0.001,100,64,42,lr=0.001_z=100_bs=64,"LR=0.001, z=100, batch size=64",58,149.42,2026-06-01 17:40:28.305,100,100\training (1).log,222,z=100
lr=0.001_z=100_bs=64_seed=42,lr=0.001_z=100_bs=64_seed=42,0.001,0.001,100,64,42,lr=0.001_z=100_bs=64,"LR=0.001, z=100, batch size=64",59,140.4,2026-06-01 17:41:31.349,100,100\training (1).log,223,z=100
lr=0.001_z=100_bs=64_seed=42,lr=0.001_z=100_bs=64_seed=42,0.001,0.001,100,64,42,lr=0.001_z=100_bs=64,"LR=0.001, z=100, batch size=64",60,148.67,2026-06-01 17:42:04.137,100,100\training (1).log,224,z=100
lr=0.001_z=100_bs=64_seed=42,lr=0.001_z=100_bs=64_seed=42,0.001,0.001,100,64,42,lr=0.001_z=100_bs=64,"LR=0.001, z=100, batch size=64",61,141.2,2026-06-01 17:43:07.192,100,100\training (1).log,225,z=100
lr=0.001_z=100_bs=64_seed=42,lr=0.001_z=100_bs=64_seed=42,0.001,0.001,100,64,42,lr=0.001_z=100_bs=64,"LR=0.001, z=100, batch size=64",62,151.69,2026-06-01 17:43:40.310,100,100\training (1).log,226,z=100
lr=0.001_z=100_bs=64_seed=42,lr=0.001_z=100_bs=64_seed=42,0.001,0.001,100,64,42,lr=0.001_z=100_bs=64,"LR=0.001, z=100, batch size=64",63,147.25,2026-06-01 17:44:43.872,100,100\training (1).log,227,z=100
lr=0.001_z=100_bs=64_seed=42,lr=0.001_z=100_bs=64_seed=42,0.001,0.001,100,64,42,lr=0.001_z=100_bs=64,"LR=0.001, z=100, batch size=64",64,141.24,2026-06-01 17:45:17.502,100,100\training (1).log,228,z=100
lr=0.001_z=100_bs=64_seed=42,lr=0.001_z=100_bs=64_seed=42,0.001,0.001,100,64,42,lr=0.001_z=100_bs=64,"LR=0.001, z=100, batch size=64",65,142.36,2026-06-01 17:46:21.128,100,100\training (1).log,229,z=100
lr=0.001_z=100_bs=64_seed=42,lr=0.001_z=100_bs=64_seed=42,0.001,0.001,100,64,42,lr=0.001_z=100_bs=64,"LR=0.001, z=100, batch size=64",66,142.24,2026-06-01 17:46:55.266,100,100\training (1).log,230,z=100
lr=0.001_z=100_bs=64_seed=42,lr=0.001_z=100_bs=64_seed=42,0.001,0.001,100,64,42,lr=0.001_z=100_bs=64,"LR=0.001, z=100, batch size=64",67,140.54,2026-06-01 17:47:58.334,100,100\training (1).log,231,z=100
lr=0.001_z=100_bs=64_seed=42,lr=0.001_z=100_bs=64_seed=42,0.001,0.001,100,64,42,lr=0.001_z=100_bs=64,"LR=0.001, z=100, batch size=64",68,147.4,2026-06-01 17:48:32.270,100,100\training (1).log,232,z=100
lr=0.001_z=100_bs=64_seed=42,lr=0.001_z=100_bs=64_seed=42,0.001,0.001,100,64,42,lr=0.001_z=100_bs=64,"LR=0.001, z=100, batch size=64",69,141.72,2026-06-01 17:49:36.689,100,100\training (1).log,233,z=100
lr=0.001_z=100_bs=64_seed=42,lr=0.001_z=100_bs=64_seed=42,0.001,0.001,100,64,42,lr=0.001_z=100_bs=64,"LR=0.001, z=100, batch size=64",70,150.02,2026-06-01 17:50:10.840,100,100\training (1).log,234,z=100
lr=0.001_z=100_bs=64_seed=42,lr=0.001_z=100_bs=64_seed=42,0.001,0.001,100,64,42,lr=0.001_z=100_bs=64,"LR=0.001, z=100, batch size=64",71,151.39,2026-06-01 17:51:14.356,100,100\training (1).log,235,z=100
lr=0.001_z=100_bs=64_seed=42,lr=0.001_z=100_bs=64_seed=42,0.001,0.001,100,64,42,lr=0.001_z=100_bs=64,"LR=0.001, z=100, batch size=64",72,141.75,2026-06-01 17:51:47.826,100,100\training (1).log,236,z=100
lr=0.001_z=100_bs=64_seed=42,lr=0.001_z=100_bs=64_seed=42,0.001,0.001,100,64,42,lr=0.001_z=100_bs=64,"LR=0.001, z=100, batch size=64",73,138.6,2026-06-01 17:52:51.165,100,100\training (1).log,237,z=100
lr=0.001_z=100_bs=64_seed=42,lr=0.001_z=100_bs=64_seed=42,0.001,0.001,100,64,42,lr=0.001_z=100_bs=64,"LR=0.001, z=100, batch size=64",74,141.16,2026-06-01 17:53:24.480,100,100\training (1).log,238,z=100
lr=0.001_z=100_bs=64_seed=42,lr=0.001_z=100_bs=64_seed=42,0.001,0.001,100,64,42,lr=0.001_z=100_bs=64,"LR=0.001, z=100, batch size=64",75,145.4,2026-06-01 18:12:26.037,100,100\training (1).log,239,z=100
lr=0.001_z=100_bs=64_seed=42,lr=0.001_z=100_bs=64_seed=42,0.001,0.001,100,64,42,lr=0.001_z=100_bs=64,"LR=0.001, z=100, batch size=64",76,142.28,2026-06-01 18:12:56.211,100,100\training (1).log,240,z=100
lr=0.001_z=100_bs=64_seed=42,lr=0.001_z=100_bs=64_seed=42,0.001,0.001,100,64,42,lr=0.001_z=100_bs=64,"LR=0.001, z=100, batch size=64",77,140.77,2026-06-01 18:13:26.429,100,100\training (1).log,241,z=100
lr=0.001_z=100_bs=64_seed=42,lr=0.001_z=100_bs=64_seed=42,0.001,0.001,100,64,42,lr=0.001_z=100_bs=64,"LR=0.001, z=100, batch size=64",78,136.54,2026-06-01 18:13:56.967,100,100\training (1).log,243,z=100
lr=0.001_z=100_bs=64_seed=42,lr=0.001_z=100_bs=64_seed=42,0.001,0.001,100,64,42,lr=0.001_z=100_bs=64,"LR=0.001, z=100, batch size=64",79,134.82,2026-06-01 18:14:57.158,100,100\training (1).log,245,z=100
lr=0.001_z=100_bs=64_seed=42,lr=0.001_z=100_bs=64_seed=42,0.001,0.001,100,64,42,lr=0.001_z=100_bs=64,"LR=0.001, z=100, batch size=64",80,147.01,2026-06-01 18:15:27.912,100,100\training (1).log,246,z=100
lr=0.001_z=100_bs=64_seed=42,lr=0.001_z=100_bs=64_seed=42,0.001,0.001,100,64,42,lr=0.001_z=100_bs=64,"LR=0.001, z=100, batch size=64",81,141.7,2026-06-01 18:16:27.167,100,100\training (1).log,247,z=100
lr=0.001_z=100_bs=64_seed=42,lr=0.001_z=100_bs=64_seed=42,0.001,0.001,100,64,42,lr=0.001_z=100_bs=64,"LR=0.001, z=100, batch size=64",82,148.84,2026-06-01 18:16:57.458,100,100\training (1).log,248,z=100
lr=0.001_z=100_bs=64_seed=42,lr=0.001_z=100_bs=64_seed=42,0.001,0.001,100,64,42,lr=0.001_z=100_bs=64,"LR=0.001, z=100, batch size=64",83,129.9,2026-06-01 18:17:57.643,100,100\training (1).log,250,z=100
lr=0.001_z=100_bs=64_seed=42,lr=0.001_z=100_bs=64_seed=42,0.001,0.001,100,64,42,lr=0.001_z=100_bs=64,"LR=0.001, z=100, batch size=64",84,133.01,2026-06-01 18:18:27.615,100,100\training (1).log,251,z=100
lr=0.001_z=100_bs=64_seed=42,lr=0.001_z=100_bs=64_seed=42,0.001,0.001,100,64,42,lr=0.001_z=100_bs=64,"LR=0.001, z=100, batch size=64",85,142.03,2026-06-01 18:19:27.597,100,100\training (1).log,252,z=100
lr=0.001_z=100_bs=64_seed=42,lr=0.001_z=100_bs=64_seed=42,0.001,0.001,100,64,42,lr=0.001_z=100_bs=64,"LR=0.001, z=100, batch size=64",86,138.28,2026-06-01 18:19:57.758,100,100\training (1).log,253,z=100
lr=0.001_z=100_bs=64_seed=42,lr=0.001_z=100_bs=64_seed=42,0.001,0.001,100,64,42,lr=0.001_z=100_bs=64,"LR=0.001, z=100, batch size=64",87,134.71,2026-06-01 18:20:57.238,100,100\training (1).log,254,z=100
lr=0.001_z=100_bs=64_seed=42,lr=0.001_z=100_bs=64_seed=42,0.001,0.001,100,64,42,lr=0.001_z=100_bs=64,"LR=0.001, z=100, batch size=64",88,148.18,2026-06-01 18:21:27.243,100,100\training (1).log,255,z=100
lr=0.001_z=100_bs=64_seed=42,lr=0.001_z=100_bs=64_seed=42,0.001,0.001,100,64,42,lr=0.001_z=100_bs=64,"LR=0.001, z=100, batch size=64",89,150.68,2026-06-01 18:22:27.017,100,100\training (1).log,256,z=100
lr=0.001_z=100_bs=64_seed=42,lr=0.001_z=100_bs=64_seed=42,0.001,0.001,100,64,42,lr=0.001_z=100_bs=64,"LR=0.001, z=100, batch size=64",90,129.19,2026-06-01 18:22:57.451,100,100\training (1).log,258,z=100
lr=0.001_z=100_bs=64_seed=42,lr=0.001_z=100_bs=64_seed=42,0.001,0.001,100,64,42,lr=0.001_z=100_bs=64,"LR=0.001, z=100, batch size=64",91,140.7,2026-06-01 18:23:57.259,100,100\training (1).log,259,z=100
lr=0.001_z=100_bs=64_seed=42,lr=0.001_z=100_bs=64_seed=42,0.001,0.001,100,64,42,lr=0.001_z=100_bs=64,"LR=0.001, z=100, batch size=64",92,143.31,2026-06-01 18:24:27.544,100,100\training (1).log,260,z=100
lr=0.001_z=100_bs=64_seed=42,lr=0.001_z=100_bs=64_seed=42,0.001,0.001,100,64,42,lr=0.001_z=100_bs=64,"LR=0.001, z=100, batch size=64",93,140.28,2026-06-01 18:25:27.678,100,100\training (1).log,261,z=100
lr=0.001_z=100_bs=64_seed=42,lr=0.001_z=100_bs=64_seed=42,0.001,0.001,100,64,42,lr=0.001_z=100_bs=64,"LR=0.001, z=100, batch size=64",94,140.85,2026-06-01 18:25:57.517,100,100\training (1).log,262,z=100
lr=0.001_z=100_bs=64_seed=42,lr=0.001_z=100_bs=64_seed=42,0.001,0.001,100,64,42,lr=0.001_z=100_bs=64,"LR=0.001, z=100, batch size=64",95,137.83,2026-06-01 18:26:57.120,100,100\training (1).log,263,z=100
lr=0.001_z=100_bs=64_seed=42,lr=0.001_z=100_bs=64_seed=42,0.001,0.001,100,64,42,lr=0.001_z=100_bs=64,"LR=0.001, z=100, batch size=64",96,138.62,2026-06-01 18:27:27.045,100,100\training (1).log,264,z=100
lr=0.001_z=100_bs=64_seed=42,lr=0.001_z=100_bs=64_seed=42,0.001,0.001,100,64,42,lr=0.001_z=100_bs=64,"LR=0.001, z=100, batch size=64",97,141.56,2026-06-01 18:28:27.146,100,100\training (1).log,265,z=100
lr=0.001_z=100_bs=64_seed=42,lr=0.001_z=100_bs=64_seed=42,0.001,0.001,100,64,42,lr=0.001_z=100_bs=64,"LR=0.001, z=100, batch size=64",98,122.73,2026-06-01 18:28:57.714,100,100\training (1).log,267,z=100
lr=0.001_z=100_bs=64_seed=42,lr=0.001_z=100_bs=64_seed=42,0.001,0.001,100,64,42,lr=0.001_z=100_bs=64,"LR=0.001, z=100, batch size=64",99,137.73,2026-06-01 18:29:57.334,100,100\training (1).log,268,z=100
lr=0.001_z=100_bs=64_seed=42,lr=0.001_z=100_bs=64_seed=42,0.001,0.001,100,64,42,lr=0.001_z=100_bs=64,"LR=0.001, z=100, batch size=64",100,146.88,2026-06-01 18:30:26.867,100,100\training (1).log,269,z=100
lr=0.001_z=100_bs=64_seed=142,lr=0.001_z=100_bs=64_seed=142,0.001,0.001,100,64,142,lr=0.001_z=100_bs=64,"LR=0.001, z=100, batch size=64",1,310.29,2026-06-01 13:13:50.148,100,100\training.log,6,z=100
lr=0.001_z=100_bs=64_seed=142,lr=0.001_z=100_bs=64_seed=142,0.001,0.001,100,64,142,lr=0.001_z=100_bs=64,"LR=0.001, z=100, batch size=64",2,295.82,2026-06-01 13:15:00.320,100,100\training.log,8,z=100
lr=0.001_z=100_bs=64_seed=142,lr=0.001_z=100_bs=64_seed=142,0.001,0.001,100,64,142,lr=0.001_z=100_bs=64,"LR=0.001, z=100, batch size=64",3,293.32,2026-06-01 13:16:11.530,100,100\training.log,10,z=100
lr=0.001_z=100_bs=64_seed=142,lr=0.001_z=100_bs=64_seed=142,0.001,0.001,100,64,142,lr=0.001_z=100_bs=64,"LR=0.001, z=100, batch size=64",4,339.48,2026-06-01 13:17:34.877,100,100\training.log,11,z=100
lr=0.001_z=100_bs=64_seed=142,lr=0.001_z=100_bs=64_seed=142,0.001,0.001,100,64,142,lr=0.001_z=100_bs=64,"LR=0.001, z=100, batch size=64",5,275.4,2026-06-01 13:18:45.212,100,100\training.log,13,z=100
lr=0.001_z=100_bs=64_seed=142,lr=0.001_z=100_bs=64_seed=142,0.001,0.001,100,64,142,lr=0.001_z=100_bs=64,"LR=0.001, z=100, batch size=64",6,298.47,2026-06-01 13:19:56.467,100,100\training.log,14,z=100
lr=0.001_z=100_bs=64_seed=142,lr=0.001_z=100_bs=64_seed=142,0.001,0.001,100,64,142,lr=0.001_z=100_bs=64,"LR=0.001, z=100, batch size=64",7,276.58,2026-06-01 13:21:26.671,100,100\training.log,15,z=100
lr=0.001_z=100_bs=64_seed=142,lr=0.001_z=100_bs=64_seed=142,0.001,0.001,100,64,142,lr=0.001_z=100_bs=64,"LR=0.001, z=100, batch size=64",8,287.29,2026-06-01 13:22:37.518,100,100\training.log,16,z=100
lr=0.001_z=100_bs=64_seed=142,lr=0.001_z=100_bs=64_seed=142,0.001,0.001,100,64,142,lr=0.001_z=100_bs=64,"LR=0.001, z=100, batch size=64",9,285.3,2026-06-01 13:23:59.011,100,100\training.log,17,z=100
lr=0.001_z=100_bs=64_seed=142,lr=0.001_z=100_bs=64_seed=142,0.001,0.001,100,64,142,lr=0.001_z=100_bs=64,"LR=0.001, z=100, batch size=64",10,240.17,2026-06-01 13:25:11.038,100,100\training.log,19,z=100
lr=0.001_z=100_bs=64_seed=142,lr=0.001_z=100_bs=64_seed=142,0.001,0.001,100,64,142,lr=0.001_z=100_bs=64,"LR=0.001, z=100, batch size=64",11,247.88,2026-06-01 13:26:21.822,100,100\training.log,20,z=100
lr=0.001_z=100_bs=64_seed=142,lr=0.001_z=100_bs=64_seed=142,0.001,0.001,100,64,142,lr=0.001_z=100_bs=64,"LR=0.001, z=100, batch size=64",12,269.02,2026-06-01 13:27:33.007,100,100\training.log,21,z=100
lr=0.001_z=100_bs=64_seed=142,lr=0.001_z=100_bs=64_seed=142,0.001,0.001,100,64,142,lr=0.001_z=100_bs=64,"LR=0.001, z=100, batch size=64",13,224.65,2026-06-01 13:28:44.268,100,100\training.log,23,z=100
lr=0.001_z=100_bs=64_seed=142,lr=0.001_z=100_bs=64_seed=142,0.001,0.001,100,64,142,lr=0.001_z=100_bs=64,"LR=0.001, z=100, batch size=64",14,222.06,2026-06-01 13:30:07.309,100,100\training.log,25,z=100
lr=0.001_z=100_bs=64_seed=142,lr=0.001_z=100_bs=64_seed=142,0.001,0.001,100,64,142,lr=0.001_z=100_bs=64,"LR=0.001, z=100, batch size=64",15,210.25,2026-06-01 13:31:19.439,100,100\training.log,27,z=100
lr=0.001_z=100_bs=64_seed=142,lr=0.001_z=100_bs=64_seed=142,0.001,0.001,100,64,142,lr=0.001_z=100_bs=64,"LR=0.001, z=100, batch size=64",16,203.61,2026-06-01 13:32:41.521,100,100\training.log,29,z=100
lr=0.001_z=100_bs=64_seed=142,lr=0.001_z=100_bs=64_seed=142,0.001,0.001,100,64,142,lr=0.001_z=100_bs=64,"LR=0.001, z=100, batch size=64",17,200.36,2026-06-01 13:33:53.518,100,100\training.log,31,z=100
lr=0.001_z=100_bs=64_seed=142,lr=0.001_z=100_bs=64_seed=142,0.001,0.001,100,64,142,lr=0.001_z=100_bs=64,"LR=0.001, z=100, batch size=64",18,203.16,2026-06-01 13:35:05.981,100,100\training.log,32,z=100
lr=0.001_z=100_bs=64_seed=142,lr=0.001_z=100_bs=64_seed=142,0.001,0.001,100,64,142,lr=0.001_z=100_bs=64,"LR=0.001, z=100, batch size=64",19,207.95,2026-06-01 13:36:38.233,100,100\training.log,33,z=100
lr=0.001_z=100_bs=64_seed=142,lr=0.001_z=100_bs=64_seed=142,0.001,0.001,100,64,142,lr=0.001_z=100_bs=64,"LR=0.001, z=100, batch size=64",20,192.41,2026-06-01 13:37:50.273,100,100\training.log,35,z=100
lr=0.001_z=100_bs=64_seed=142,lr=0.001_z=100_bs=64_seed=142,0.001,0.001,100,64,142,lr=0.001_z=100_bs=64,"LR=0.001, z=100, batch size=64",21,183.28,2026-06-01 13:39:12.517,100,100\training.log,37,z=100
lr=0.001_z=100_bs=64_seed=142,lr=0.001_z=100_bs=64_seed=142,0.001,0.001,100,64,142,lr=0.001_z=100_bs=64,"LR=0.001, z=100, batch size=64",22,186.27,2026-06-01 13:40:24.521,100,100\training.log,38,z=100
lr=0.001_z=100_bs=64_seed=142,lr=0.001_z=100_bs=64_seed=142,0.001,0.001,100,64,142,lr=0.001_z=100_bs=64,"LR=0.001, z=100, batch size=64",23,181.09,2026-06-01 13:41:55.478,100,100\training.log,40,z=100
lr=0.001_z=100_bs=64_seed=142,lr=0.001_z=100_bs=64_seed=142,0.001,0.001,100,64,142,lr=0.001_z=100_bs=64,"LR=0.001, z=100, batch size=64",24,175.22,2026-06-01 13:43:07.623,100,100\training.log,42,z=100
lr=0.001_z=100_bs=64_seed=142,lr=0.001_z=100_bs=64_seed=142,0.001,0.001,100,64,142,lr=0.001_z=100_bs=64,"LR=0.001, z=100, batch size=64",25,174.89,2026-06-01 13:44:20.063,100,100\training.log,44,z=100
lr=0.001_z=100_bs=64_seed=142,lr=0.001_z=100_bs=64_seed=142,0.001,0.001,100,64,142,lr=0.001_z=100_bs=64,"LR=0.001, z=100, batch size=64",26,177.12,2026-06-01 13:45:41.633,100,100\training.log,45,z=100
lr=0.001_z=100_bs=64_seed=142,lr=0.001_z=100_bs=64_seed=142,0.001,0.001,100,64,142,lr=0.001_z=100_bs=64,"LR=0.001, z=100, batch size=64",27,175.82,2026-06-01 13:46:53.046,100,100\training.log,46,z=100
lr=0.001_z=100_bs=64_seed=142,lr=0.001_z=100_bs=64_seed=142,0.001,0.001,100,64,142,lr=0.001_z=100_bs=64,"LR=0.001, z=100, batch size=64",28,176.9,2026-06-01 13:48:14.420,100,100\training.log,47,z=100
lr=0.001_z=100_bs=64_seed=142,lr=0.001_z=100_bs=64_seed=142,0.001,0.001,100,64,142,lr=0.001_z=100_bs=64,"LR=0.001, z=100, batch size=64",29,167.8,2026-06-01 13:49:26.738,100,100\training.log,49,z=100
lr=0.001_z=100_bs=64_seed=142,lr=0.001_z=100_bs=64_seed=142,0.001,0.001,100,64,142,lr=0.001_z=100_bs=64,"LR=0.001, z=100, batch size=64",30,166.99,2026-06-01 13:50:38.236,100,100\training.log,51,z=100
lr=0.001_z=100_bs=64_seed=142,lr=0.001_z=100_bs=64_seed=142,0.001,0.001,100,64,142,lr=0.001_z=100_bs=64,"LR=0.001, z=100, batch size=64",31,160.88,2026-06-01 13:52:09.803,100,100\training.log,53,z=100
lr=0.001_z=100_bs=64_seed=142,lr=0.001_z=100_bs=64_seed=142,0.001,0.001,100,64,142,lr=0.001_z=100_bs=64,"LR=0.001, z=100, batch size=64",32,167.72,2026-06-01 13:53:21.213,100,100\training.log,54,z=100
lr=0.001_z=100_bs=64_seed=142,lr=0.001_z=100_bs=64_seed=142,0.001,0.001,100,64,142,lr=0.001_z=100_bs=64,"LR=0.001, z=100, batch size=64",33,163.72,2026-06-01 13:54:43.128,100,100\training.log,55,z=100
lr=0.001_z=100_bs=64_seed=142,lr=0.001_z=100_bs=64_seed=142,0.001,0.001,100,64,142,lr=0.001_z=100_bs=64,"LR=0.001, z=100, batch size=64",34,166.08,2026-06-01 13:55:55.089,100,100\training.log,56,z=100
lr=0.001_z=100_bs=64_seed=142,lr=0.001_z=100_bs=64_seed=142,0.001,0.001,100,64,142,lr=0.001_z=100_bs=64,"LR=0.001, z=100, batch size=64",35,164.73,2026-06-01 13:57:26.814,100,100\training.log,57,z=100
lr=0.001_z=100_bs=64_seed=142,lr=0.001_z=100_bs=64_seed=142,0.001,0.001,100,64,142,lr=0.001_z=100_bs=64,"LR=0.001, z=100, batch size=64",36,159.77,2026-06-01 13:58:39.137,100,100\training.log,59,z=100
lr=0.001_z=100_bs=64_seed=142,lr=0.001_z=100_bs=64_seed=142,0.001,0.001,100,64,142,lr=0.001_z=100_bs=64,"LR=0.001, z=100, batch size=64",37,164.86,2026-06-01 13:59:50.300,100,100\training.log,60,z=100
lr=0.001_z=100_bs=64_seed=142,lr=0.001_z=100_bs=64_seed=142,0.001,0.001,100,64,142,lr=0.001_z=100_bs=64,"LR=0.001, z=100, batch size=64",38,147.71,2026-06-01 14:01:12.403,100,100\training.log,62,z=100
lr=0.001_z=100_bs=64_seed=142,lr=0.001_z=100_bs=64_seed=142,0.001,0.001,100,64,142,lr=0.001_z=100_bs=64,"LR=0.001, z=100, batch size=64",39,167.35,2026-06-01 14:02:24.220,100,100\training.log,63,z=100
lr=0.001_z=100_bs=64_seed=142,lr=0.001_z=100_bs=64_seed=142,0.001,0.001,100,64,142,lr=0.001_z=100_bs=64,"LR=0.001, z=100, batch size=64",40,148.52,2026-06-01 14:03:45.305,100,100\training.log,64,z=100
lr=0.001_z=100_bs=64_seed=142,lr=0.001_z=100_bs=64_seed=142,0.001,0.001,100,64,142,lr=0.001_z=100_bs=64,"LR=0.001, z=100, batch size=64",41,159.29,2026-06-01 14:04:57.620,100,100\training.log,65,z=100
lr=0.001_z=100_bs=64_seed=142,lr=0.001_z=100_bs=64_seed=142,0.001,0.001,100,64,142,lr=0.001_z=100_bs=64,"LR=0.001, z=100, batch size=64",42,149.4,2026-06-01 14:06:08.869,100,100\training.log,66,z=100
lr=0.001_z=100_bs=64_seed=142,lr=0.001_z=100_bs=64_seed=142,0.001,0.001,100,64,142,lr=0.001_z=100_bs=64,"LR=0.001, z=100, batch size=64",43,156.89,2026-06-01 14:07:40.563,100,100\training.log,67,z=100
lr=0.001_z=100_bs=64_seed=142,lr=0.001_z=100_bs=64_seed=142,0.001,0.001,100,64,142,lr=0.001_z=100_bs=64,"LR=0.001, z=100, batch size=64",44,146.28,2026-06-01 14:08:51.946,100,100\training.log,69,z=100
lr=0.001_z=100_bs=64_seed=142,lr=0.001_z=100_bs=64_seed=142,0.001,0.001,100,64,142,lr=0.001_z=100_bs=64,"LR=0.001, z=100, batch size=64",45,144.32,2026-06-01 14:10:16.004,100,100\training.log,71,z=100
lr=0.001_z=100_bs=64_seed=142,lr=0.001_z=100_bs=64_seed=142,0.001,0.001,100,64,142,lr=0.001_z=100_bs=64,"LR=0.001, z=100, batch size=64",46,160.98,2026-06-01 14:11:27.870,100,100\training.log,72,z=100
lr=0.001_z=100_bs=64_seed=142,lr=0.001_z=100_bs=64_seed=142,0.001,0.001,100,64,142,lr=0.001_z=100_bs=64,"LR=0.001, z=100, batch size=64",47,151.35,2026-06-01 14:12:39.100,100,100\training.log,73,z=100
lr=0.001_z=100_bs=64_seed=142,lr=0.001_z=100_bs=64_seed=142,0.001,0.001,100,64,142,lr=0.001_z=100_bs=64,"LR=0.001, z=100, batch size=64",48,151.8,2026-06-01 14:13:50.975,100,100\training.log,74,z=100
lr=0.001_z=100_bs=64_seed=142,lr=0.001_z=100_bs=64_seed=142,0.001,0.001,100,64,142,lr=0.001_z=100_bs=64,"LR=0.001, z=100, batch size=64",49,156.09,2026-06-01 14:15:11.611,100,100\training.log,75,z=100
lr=0.001_z=100_bs=64_seed=142,lr=0.001_z=100_bs=64_seed=142,0.001,0.001,100,64,142,lr=0.001_z=100_bs=64,"LR=0.001, z=100, batch size=64",50,141.88,2026-06-01 14:16:23.550,100,100\training.log,77,z=100
lr=0.001_z=100_bs=64_seed=142,lr=0.001_z=100_bs=64_seed=142,0.001,0.001,100,64,142,lr=0.001_z=100_bs=64,"LR=0.001, z=100, batch size=64",51,153.0,2026-06-01 14:17:34.602,100,100\training.log,78,z=100
lr=0.001_z=100_bs=64_seed=142,lr=0.001_z=100_bs=64_seed=142,0.001,0.001,100,64,142,lr=0.001_z=100_bs=64,"LR=0.001, z=100, batch size=64",52,160.62,2026-06-01 14:19:04.914,100,100\training.log,79,z=100
lr=0.001_z=100_bs=64_seed=142,lr=0.001_z=100_bs=64_seed=142,0.001,0.001,100,64,142,lr=0.001_z=100_bs=64,"LR=0.001, z=100, batch size=64",53,145.73,2026-06-01 14:20:16.109,100,100\training.log,80,z=100
lr=0.001_z=100_bs=64_seed=142,lr=0.001_z=100_bs=64_seed=142,0.001,0.001,100,64,142,lr=0.001_z=100_bs=64,"LR=0.001, z=100, batch size=64",54,148.81,2026-06-01 14:21:36.666,100,100\training.log,81,z=100
lr=0.001_z=100_bs=64_seed=142,lr=0.001_z=100_bs=64_seed=142,0.001,0.001,100,64,142,lr=0.001_z=100_bs=64,"LR=0.001, z=100, batch size=64",55,161.13,2026-06-01 14:22:47.313,100,100\training.log,82,z=100
lr=0.001_z=100_bs=64_seed=142,lr=0.001_z=100_bs=64_seed=142,0.001,0.001,100,64,142,lr=0.001_z=100_bs=64,"LR=0.001, z=100, batch size=64",56,153.56,2026-06-01 14:24:18.626,100,100\training.log,83,z=100
lr=0.001_z=100_bs=64_seed=142,lr=0.001_z=100_bs=64_seed=142,0.001,0.001,100,64,142,lr=0.001_z=100_bs=64,"LR=0.001, z=100, batch size=64",57,155.15,2026-06-01 14:25:29.484,100,100\training.log,84,z=100
lr=0.001_z=100_bs=64_seed=142,lr=0.001_z=100_bs=64_seed=142,0.001,0.001,100,64,142,lr=0.001_z=100_bs=64,"LR=0.001, z=100, batch size=64",58,144.31,2026-06-01 14:26:40.673,100,100\training.log,85,z=100
lr=0.001_z=100_bs=64_seed=142,lr=0.001_z=100_bs=64_seed=142,0.001,0.001,100,64,142,lr=0.001_z=100_bs=64,"LR=0.001, z=100, batch size=64",59,142.97,2026-06-01 14:28:02.141,100,100\training.log,86,z=100
lr=0.001_z=100_bs=64_seed=142,lr=0.001_z=100_bs=64_seed=142,0.001,0.001,100,64,142,lr=0.001_z=100_bs=64,"LR=0.001, z=100, batch size=64",60,150.05,2026-06-01 14:29:14.340,100,100\training.log,87,z=100
lr=0.001_z=100_bs=64_seed=142,lr=0.001_z=100_bs=64_seed=142,0.001,0.001,100,64,142,lr=0.001_z=100_bs=64,"LR=0.001, z=100, batch size=64",61,141.41,2026-06-01 14:30:35.528,100,100\training.log,89,z=100
lr=0.001_z=100_bs=64_seed=142,lr=0.001_z=100_bs=64_seed=142,0.001,0.001,100,64,142,lr=0.001_z=100_bs=64,"LR=0.001, z=100, batch size=64",62,155.41,2026-06-01 14:31:47.069,100,100\training.log,90,z=100
lr=0.001_z=100_bs=64_seed=142,lr=0.001_z=100_bs=64_seed=142,0.001,0.001,100,64,142,lr=0.001_z=100_bs=64,"LR=0.001, z=100, batch size=64",63,151.92,2026-06-01 14:32:57.853,100,100\training.log,91,z=100
lr=0.001_z=100_bs=64_seed=142,lr=0.001_z=100_bs=64_seed=142,0.001,0.001,100,64,142,lr=0.001_z=100_bs=64,"LR=0.001, z=100, batch size=64",64,151.19,2026-06-01 14:34:28.429,100,100\training.log,92,z=100
lr=0.001_z=100_bs=64_seed=142,lr=0.001_z=100_bs=64_seed=142,0.001,0.001,100,64,142,lr=0.001_z=100_bs=64,"LR=0.001, z=100, batch size=64",65,157.94,2026-06-01 14:35:39.425,100,100\training.log,93,z=100
lr=0.001_z=100_bs=64_seed=142,lr=0.001_z=100_bs=64_seed=142,0.001,0.001,100,64,142,lr=0.001_z=100_bs=64,"LR=0.001, z=100, batch size=64",66,151.41,2026-06-01 14:37:00.111,100,100\training.log,94,z=100
lr=0.001_z=100_bs=64_seed=142,lr=0.001_z=100_bs=64_seed=142,0.001,0.001,100,64,142,lr=0.001_z=100_bs=64,"LR=0.001, z=100, batch size=64",67,143.81,2026-06-01 14:38:12.001,100,100\training.log,95,z=100
lr=0.001_z=100_bs=64_seed=142,lr=0.001_z=100_bs=64_seed=142,0.001,0.001,100,64,142,lr=0.001_z=100_bs=64,"LR=0.001, z=100, batch size=64",68,146.99,2026-06-01 14:39:23.282,100,100\training.log,96,z=100
lr=0.001_z=100_bs=64_seed=142,lr=0.001_z=100_bs=64_seed=142,0.001,0.001,100,64,142,lr=0.001_z=100_bs=64,"LR=0.001, z=100, batch size=64",69,145.97,2026-06-01 14:40:35.075,100,100\training.log,97,z=100
lr=0.001_z=100_bs=64_seed=142,lr=0.001_z=100_bs=64_seed=142,0.001,0.001,100,64,142,lr=0.001_z=100_bs=64,"LR=0.001, z=100, batch size=64",70,152.39,2026-06-01 14:41:46.627,100,100\training.log,98,z=100
lr=0.001_z=100_bs=64_seed=142,lr=0.001_z=100_bs=64_seed=142,0.001,0.001,100,64,142,lr=0.001_z=100_bs=64,"LR=0.001, z=100, batch size=64",71,148.7,2026-06-01 14:43:07.959,100,100\training.log,99,z=100
lr=0.001_z=100_bs=64_seed=142,lr=0.001_z=100_bs=64_seed=142,0.001,0.001,100,64,142,lr=0.001_z=100_bs=64,"LR=0.001, z=100, batch size=64",72,146.22,2026-06-01 14:44:19.361,100,100\training.log,100,z=100
lr=0.001_z=100_bs=64_seed=142,lr=0.001_z=100_bs=64_seed=142,0.001,0.001,100,64,142,lr=0.001_z=100_bs=64,"LR=0.001, z=100, batch size=64",73,134.12,2026-06-01 14:45:51.435,100,100\training.log,102,z=100
lr=0.001_z=100_bs=64_seed=142,lr=0.001_z=100_bs=64_seed=142,0.001,0.001,100,64,142,lr=0.001_z=100_bs=64,"LR=0.001, z=100, batch size=64",74,142.83,2026-06-01 14:47:03.138,100,100\training.log,103,z=100
lr=0.001_z=100_bs=64_seed=142,lr=0.001_z=100_bs=64_seed=142,0.001,0.001,100,64,142,lr=0.001_z=100_bs=64,"LR=0.001, z=100, batch size=64",75,146.41,2026-06-01 14:48:14.283,100,100\training.log,104,z=100
lr=0.001_z=100_bs=64_seed=142,lr=0.001_z=100_bs=64_seed=142,0.001,0.001,100,64,142,lr=0.001_z=100_bs=64,"LR=0.001, z=100, batch size=64",76,145.91,2026-06-01 14:49:37.460,100,100\training.log,105,z=100
lr=0.001_z=100_bs=64_seed=142,lr=0.001_z=100_bs=64_seed=142,0.001,0.001,100,64,142,lr=0.001_z=100_bs=64,"LR=0.001, z=100, batch size=64",77,141.72,2026-06-01 14:50:48.864,100,100\training.log,106,z=100
lr=0.001_z=100_bs=64_seed=142,lr=0.001_z=100_bs=64_seed=142,0.001,0.001,100,64,142,lr=0.001_z=100_bs=64,"LR=0.001, z=100, batch size=64",78,153.75,2026-06-01 14:52:10.046,100,100\training.log,107,z=100
lr=0.001_z=100_bs=64_seed=142,lr=0.001_z=100_bs=64_seed=142,0.001,0.001,100,64,142,lr=0.001_z=100_bs=64,"LR=0.001, z=100, batch size=64",79,153.0,2026-06-01 14:53:21.243,100,100\training.log,108,z=100
lr=0.001_z=100_bs=64_seed=142,lr=0.001_z=100_bs=64_seed=142,0.001,0.001,100,64,142,lr=0.001_z=100_bs=64,"LR=0.001, z=100, batch size=64",80,142.89,2026-06-01 14:54:32.903,100,100\training.log,109,z=100
lr=0.001_z=100_bs=64_seed=142,lr=0.001_z=100_bs=64_seed=142,0.001,0.001,100,64,142,lr=0.001_z=100_bs=64,"LR=0.001, z=100, batch size=64",81,141.73,2026-06-01 14:56:04.466,100,100\training.log,110,z=100
lr=0.001_z=100_bs=64_seed=142,lr=0.001_z=100_bs=64_seed=142,0.001,0.001,100,64,142,lr=0.001_z=100_bs=64,"LR=0.001, z=100, batch size=64",82,141.76,2026-06-01 14:57:15.304,100,100\training.log,111,z=100
lr=0.001_z=100_bs=64_seed=142,lr=0.001_z=100_bs=64_seed=142,0.001,0.001,100,64,142,lr=0.001_z=100_bs=64,"LR=0.001, z=100, batch size=64",83,142.52,2026-06-01 14:58:35.555,100,100\training.log,112,z=100
lr=0.001_z=100_bs=64_seed=142,lr=0.001_z=100_bs=64_seed=142,0.001,0.001,100,64,142,lr=0.001_z=100_bs=64,"LR=0.001, z=100, batch size=64",84,145.24,2026-06-01 14:59:46.969,100,100\training.log,113,z=100
lr=0.001_z=100_bs=64_seed=142,lr=0.001_z=100_bs=64_seed=142,0.001,0.001,100,64,142,lr=0.001_z=100_bs=64,"LR=0.001, z=100, batch size=64",85,145.8,2026-06-01 15:00:58.058,100,100\training.log,114,z=100
lr=0.001_z=100_bs=64_seed=142,lr=0.001_z=100_bs=64_seed=142,0.001,0.001,100,64,142,lr=0.001_z=100_bs=64,"LR=0.001, z=100, batch size=64",86,147.23,2026-06-01 15:02:09.225,100,100\training.log,115,z=100
lr=0.001_z=100_bs=64_seed=142,lr=0.001_z=100_bs=64_seed=142,0.001,0.001,100,64,142,lr=0.001_z=100_bs=64,"LR=0.001, z=100, batch size=64",87,145.47,2026-06-05 06:52:36.852,100,100\training.log,151,z=100
lr=0.001_z=100_bs=64_seed=142,lr=0.001_z=100_bs=64_seed=142,0.001,0.001,100,64,142,lr=0.001_z=100_bs=64,"LR=0.001, z=100, batch size=64",88,147.16,2026-06-05 06:53:06.042,100,100\training.log,152,z=100
lr=0.001_z=100_bs=64_seed=142,lr=0.001_z=100_bs=64_seed=142,0.001,0.001,100,64,142,lr=0.001_z=100_bs=64,"LR=0.001, z=100, batch size=64",89,150.32,2026-06-05 06:53:36.395,100,100\training.log,153,z=100
lr=0.001_z=100_bs=64_seed=142,lr=0.001_z=100_bs=64_seed=142,0.001,0.001,100,64,142,lr=0.001_z=100_bs=64,"LR=0.001, z=100, batch size=64",90,145.33,2026-06-05 06:54:05.834,100,100\training.log,155,z=100
lr=0.001_z=100_bs=64_seed=142,lr=0.001_z=100_bs=64_seed=142,0.001,0.001,100,64,142,lr=0.001_z=100_bs=64,"LR=0.001, z=100, batch size=64",91,147.61,2026-06-05 06:54:35.892,100,100\training.log,156,z=100
lr=0.001_z=100_bs=64_seed=142,lr=0.001_z=100_bs=64_seed=142,0.001,0.001,100,64,142,lr=0.001_z=100_bs=64,"LR=0.001, z=100, batch size=64",92,156.35,2026-06-05 06:55:05.814,100,100\training.log,157,z=100
lr=0.001_z=100_bs=64_seed=142,lr=0.001_z=100_bs=64_seed=142,0.001,0.001,100,64,142,lr=0.001_z=100_bs=64,"LR=0.001, z=100, batch size=64",93,148.0,2026-06-05 06:55:36.040,100,100\training.log,158,z=100
lr=0.001_z=100_bs=64_seed=142,lr=0.001_z=100_bs=64_seed=142,0.001,0.001,100,64,142,lr=0.001_z=100_bs=64,"LR=0.001, z=100, batch size=64",94,144.67,2026-06-05 06:56:05.869,100,100\training.log,160,z=100
lr=0.001_z=100_bs=64_seed=142,lr=0.001_z=100_bs=64_seed=142,0.001,0.001,100,64,142,lr=0.001_z=100_bs=64,"LR=0.001, z=100, batch size=64",95,143.74,2026-06-05 06:56:36.872,100,100\training.log,162,z=100
lr=0.001_z=100_bs=64_seed=142,lr=0.001_z=100_bs=64_seed=142,0.001,0.001,100,64,142,lr=0.001_z=100_bs=64,"LR=0.001, z=100, batch size=64",96,139.81,2026-06-05 06:57:07.117,100,100\training.log,164,z=100
lr=0.001_z=100_bs=64_seed=142,lr=0.001_z=100_bs=64_seed=142,0.001,0.001,100,64,142,lr=0.001_z=100_bs=64,"LR=0.001, z=100, batch size=64",97,138.1,2026-06-05 06:57:37.194,100,100\training.log,166,z=100
lr=0.001_z=100_bs=64_seed=142,lr=0.001_z=100_bs=64_seed=142,0.001,0.001,100,64,142,lr=0.001_z=100_bs=64,"LR=0.001, z=100, batch size=64",98,153.97,2026-06-05 06:58:07.165,100,100\training.log,167,z=100
lr=0.001_z=100_bs=64_seed=142,lr=0.001_z=100_bs=64_seed=142,0.001,0.001,100,64,142,lr=0.001_z=100_bs=64,"LR=0.001, z=100, batch size=64",99,146.88,2026-06-05 06:58:36.881,100,100\training.log,168,z=100
lr=0.001_z=100_bs=64_seed=142,lr=0.001_z=100_bs=64_seed=142,0.001,0.001,100,64,142,lr=0.001_z=100_bs=64,"LR=0.001, z=100, batch size=64",100,143.68,2026-06-05 06:59:06.450,100,100\training.log,169,z=100
lr=0.001_z=100_bs=64_seed=242,lr=0.001_z=100_bs=64_seed=242,0.001,0.001,100,64,242,lr=0.001_z=100_bs=64,"LR=0.001, z=100, batch size=64",1,306.39,2026-06-01 15:10:05.584,100,100\training (1).log,10,z=100
lr=0.001_z=100_bs=64_seed=242,lr=0.001_z=100_bs=64_seed=242,0.001,0.001,100,64,242,lr=0.001_z=100_bs=64,"LR=0.001, z=100, batch size=64",2,357.04,2026-06-01 15:10:35.542,100,100\training (1).log,11,z=100
lr=0.001_z=100_bs=64_seed=242,lr=0.001_z=100_bs=64_seed=242,0.001,0.001,100,64,242,lr=0.001_z=100_bs=64,"LR=0.001, z=100, batch size=64",3,310.09,2026-06-01 15:11:06.538,100,100\training (1).log,12,z=100
lr=0.001_z=100_bs=64_seed=242,lr=0.001_z=100_bs=64_seed=242,0.001,0.001,100,64,242,lr=0.001_z=100_bs=64,"LR=0.001, z=100, batch size=64",4,282.11,2026-06-01 15:11:38.049,100,100\training (1).log,14,z=100
lr=0.001_z=100_bs=64_seed=242,lr=0.001_z=100_bs=64_seed=242,0.001,0.001,100,64,242,lr=0.001_z=100_bs=64,"LR=0.001, z=100, batch size=64",5,274.87,2026-06-01 15:12:10.797,100,100\training (1).log,16,z=100
lr=0.001_z=100_bs=64_seed=242,lr=0.001_z=100_bs=64_seed=242,0.001,0.001,100,64,242,lr=0.001_z=100_bs=64,"LR=0.001, z=100, batch size=64",6,289.98,2026-06-01 15:12:43.655,100,100\training (1).log,17,z=100
lr=0.001_z=100_bs=64_seed=242,lr=0.001_z=100_bs=64_seed=242,0.001,0.001,100,64,242,lr=0.001_z=100_bs=64,"LR=0.001, z=100, batch size=64",7,298.36,2026-06-01 15:13:16.344,100,100\training (1).log,18,z=100
lr=0.001_z=100_bs=64_seed=242,lr=0.001_z=100_bs=64_seed=242,0.001,0.001,100,64,242,lr=0.001_z=100_bs=64,"LR=0.001, z=100, batch size=64",8,267.64,2026-06-01 15:13:48.313,100,100\training (1).log,20,z=100
lr=0.001_z=100_bs=64_seed=242,lr=0.001_z=100_bs=64_seed=242,0.001,0.001,100,64,242,lr=0.001_z=100_bs=64,"LR=0.001, z=100, batch size=64",9,261.36,2026-06-01 15:14:21.171,100,100\training (1).log,22,z=100
lr=0.001_z=100_bs=64_seed=242,lr=0.001_z=100_bs=64_seed=242,0.001,0.001,100,64,242,lr=0.001_z=100_bs=64,"LR=0.001, z=100, batch size=64",10,249.22,2026-06-01 15:14:54.954,100,100\training (1).log,24,z=100
lr=0.001_z=100_bs=64_seed=242,lr=0.001_z=100_bs=64_seed=242,0.001,0.001,100,64,242,lr=0.001_z=100_bs=64,"LR=0.001, z=100, batch size=64",11,227.65,2026-06-01 15:15:28.899,100,100\training (1).log,26,z=100
lr=0.001_z=100_bs=64_seed=242,lr=0.001_z=100_bs=64_seed=242,0.001,0.001,100,64,242,lr=0.001_z=100_bs=64,"LR=0.001, z=100, batch size=64",12,244.67,2026-06-01 15:16:01.970,100,100\training (1).log,27,z=100
lr=0.001_z=100_bs=64_seed=242,lr=0.001_z=100_bs=64_seed=242,0.001,0.001,100,64,242,lr=0.001_z=100_bs=64,"LR=0.001, z=100, batch size=64",13,225.87,2026-06-01 15:16:34.470,100,100\training (1).log,29,z=100
lr=0.001_z=100_bs=64_seed=242,lr=0.001_z=100_bs=64_seed=242,0.001,0.001,100,64,242,lr=0.001_z=100_bs=64,"LR=0.001, z=100, batch size=64",14,208.86,2026-06-01 15:17:06.951,100,100\training (1).log,31,z=100
lr=0.001_z=100_bs=64_seed=242,lr=0.001_z=100_bs=64_seed=242,0.001,0.001,100,64,242,lr=0.001_z=100_bs=64,"LR=0.001, z=100, batch size=64",15,201.41,2026-06-01 15:17:40.042,100,100\training (1).log,33,z=100
lr=0.001_z=100_bs=64_seed=242,lr=0.001_z=100_bs=64_seed=242,0.001,0.001,100,64,242,lr=0.001_z=100_bs=64,"LR=0.001, z=100, batch size=64",16,192.28,2026-06-01 15:18:13.420,100,100\training (1).log,35,z=100
lr=0.001_z=100_bs=64_seed=242,lr=0.001_z=100_bs=64_seed=242,0.001,0.001,100,64,242,lr=0.001_z=100_bs=64,"LR=0.001, z=100, batch size=64",17,190.14,2026-06-01 15:18:46.817,100,100\training (1).log,37,z=100
lr=0.001_z=100_bs=64_seed=242,lr=0.001_z=100_bs=64_seed=242,0.001,0.001,100,64,242,lr=0.001_z=100_bs=64,"LR=0.001, z=100, batch size=64",18,180.95,2026-06-01 15:19:19.489,100,100\training (1).log,39,z=100
lr=0.001_z=100_bs=64_seed=242,lr=0.001_z=100_bs=64_seed=242,0.001,0.001,100,64,242,lr=0.001_z=100_bs=64,"LR=0.001, z=100, batch size=64",19,182.78,2026-06-01 15:19:51.985,100,100\training (1).log,40,z=100
lr=0.001_z=100_bs=64_seed=242,lr=0.001_z=100_bs=64_seed=242,0.001,0.001,100,64,242,lr=0.001_z=100_bs=64,"LR=0.001, z=100, batch size=64",20,181.27,2026-06-01 15:20:24.380,100,100\training (1).log,41,z=100
lr=0.001_z=100_bs=64_seed=242,lr=0.001_z=100_bs=64_seed=242,0.001,0.001,100,64,242,lr=0.001_z=100_bs=64,"LR=0.001, z=100, batch size=64",21,168.91,2026-06-01 15:20:57.626,100,100\training (1).log,43,z=100
lr=0.001_z=100_bs=64_seed=242,lr=0.001_z=100_bs=64_seed=242,0.001,0.001,100,64,242,lr=0.001_z=100_bs=64,"LR=0.001, z=100, batch size=64",22,168.64,2026-06-01 15:21:31.161,100,100\training (1).log,45,z=100
lr=0.001_z=100_bs=64_seed=242,lr=0.001_z=100_bs=64_seed=242,0.001,0.001,100,64,242,lr=0.001_z=100_bs=64,"LR=0.001, z=100, batch size=64",23,154.8,2026-06-01 15:22:04.669,100,100\training (1).log,47,z=100
lr=0.001_z=100_bs=64_seed=242,lr=0.001_z=100_bs=64_seed=242,0.001,0.001,100,64,242,lr=0.001_z=100_bs=64,"LR=0.001, z=100, batch size=64",24,162.66,2026-06-01 15:22:37.133,100,100\training (1).log,48,z=100
lr=0.001_z=100_bs=64_seed=242,lr=0.001_z=100_bs=64_seed=242,0.001,0.001,100,64,242,lr=0.001_z=100_bs=64,"LR=0.001, z=100, batch size=64",25,163.11,2026-06-01 15:23:08.794,100,100\training (1).log,49,z=100
lr=0.001_z=100_bs=64_seed=242,lr=0.001_z=100_bs=64_seed=242,0.001,0.001,100,64,242,lr=0.001_z=100_bs=64,"LR=0.001, z=100, batch size=64",26,156.7,2026-06-01 15:23:41.325,100,100\training (1).log,50,z=100
lr=0.001_z=100_bs=64_seed=242,lr=0.001_z=100_bs=64_seed=242,0.001,0.001,100,64,242,lr=0.001_z=100_bs=64,"LR=0.001, z=100, batch size=64",27,156.79,2026-06-01 15:24:14.963,100,100\training (1).log,51,z=100
lr=0.001_z=100_bs=64_seed=242,lr=0.001_z=100_bs=64_seed=242,0.001,0.001,100,64,242,lr=0.001_z=100_bs=64,"LR=0.001, z=100, batch size=64",28,163.29,2026-06-01 15:24:47.893,100,100\training (1).log,52,z=100
lr=0.001_z=100_bs=64_seed=242,lr=0.001_z=100_bs=64_seed=242,0.001,0.001,100,64,242,lr=0.001_z=100_bs=64,"LR=0.001, z=100, batch size=64",29,151.86,2026-06-01 15:25:49.859,100,100\training (1).log,54,z=100
lr=0.001_z=100_bs=64_seed=242,lr=0.001_z=100_bs=64_seed=242,0.001,0.001,100,64,242,lr=0.001_z=100_bs=64,"LR=0.001, z=100, batch size=64",30,150.86,2026-06-01 15:26:23.154,100,100\training (1).log,56,z=100
lr=0.001_z=100_bs=64_seed=242,lr=0.001_z=100_bs=64_seed=242,0.001,0.001,100,64,242,lr=0.001_z=100_bs=64,"LR=0.001, z=100, batch size=64",31,151.64,2026-06-01 15:27:26.047,100,100\training (1).log,57,z=100
lr=0.001_z=100_bs=64_seed=242,lr=0.001_z=100_bs=64_seed=242,0.001,0.001,100,64,242,lr=0.001_z=100_bs=64,"LR=0.001, z=100, batch size=64",32,142.95,2026-06-01 15:27:59.364,100,100\training (1).log,59,z=100
lr=0.001_z=100_bs=64_seed=242,lr=0.001_z=100_bs=64_seed=242,0.001,0.001,100,64,242,lr=0.001_z=100_bs=64,"LR=0.001, z=100, batch size=64",33,142.04,2026-06-01 15:29:02.973,100,100\training (1).log,61,z=100
lr=0.001_z=100_bs=64_seed=242,lr=0.001_z=100_bs=64_seed=242,0.001,0.001,100,64,242,lr=0.001_z=100_bs=64,"LR=0.001, z=100, batch size=64",34,143.18,2026-06-01 15:29:36.371,100,100\training (1).log,62,z=100
lr=0.001_z=100_bs=64_seed=242,lr=0.001_z=100_bs=64_seed=242,0.001,0.001,100,64,242,lr=0.001_z=100_bs=64,"LR=0.001, z=100, batch size=64",35,145.72,2026-06-01 15:30:39.038,100,100\training (1).log,63,z=100
lr=0.001_z=100_bs=64_seed=242,lr=0.001_z=100_bs=64_seed=242,0.001,0.001,100,64,242,lr=0.001_z=100_bs=64,"LR=0.001, z=100, batch size=64",36,133.19,2026-06-01 15:31:11.549,100,100\training (1).log,65,z=100
lr=0.001_z=100_bs=64_seed=242,lr=0.001_z=100_bs=64_seed=242,0.001,0.001,100,64,242,lr=0.001_z=100_bs=64,"LR=0.001, z=100, batch size=64",37,141.25,2026-06-01 15:32:14.598,100,100\training (1).log,66,z=100
lr=0.001_z=100_bs=64_seed=242,lr=0.001_z=100_bs=64_seed=242,0.001,0.001,100,64,242,lr=0.001_z=100_bs=64,"LR=0.001, z=100, batch size=64",38,137.33,2026-06-01 15:32:47.242,100,100\training (1).log,67,z=100
lr=0.001_z=100_bs=64_seed=242,lr=0.001_z=100_bs=64_seed=242,0.001,0.001,100,64,242,lr=0.001_z=100_bs=64,"LR=0.001, z=100, batch size=64",39,139.67,2026-06-01 15:33:49.810,100,100\training (1).log,68,z=100
lr=0.001_z=100_bs=64_seed=242,lr=0.001_z=100_bs=64_seed=242,0.001,0.001,100,64,242,lr=0.001_z=100_bs=64,"LR=0.001, z=100, batch size=64",40,150.56,2026-06-01 15:34:22.446,100,100\training (1).log,69,z=100
lr=0.001_z=100_bs=64_seed=242,lr=0.001_z=100_bs=64_seed=242,0.001,0.001,100,64,242,lr=0.001_z=100_bs=64,"LR=0.001, z=100, batch size=64",41,140.35,2026-06-01 15:35:24.850,100,100\training (1).log,70,z=100
lr=0.001_z=100_bs=64_seed=242,lr=0.001_z=100_bs=64_seed=242,0.001,0.001,100,64,242,lr=0.001_z=100_bs=64,"LR=0.001, z=100, batch size=64",42,152.83,2026-06-01 15:35:57.792,100,100\training (1).log,71,z=100
lr=0.001_z=100_bs=64_seed=242,lr=0.001_z=100_bs=64_seed=242,0.001,0.001,100,64,242,lr=0.001_z=100_bs=64,"LR=0.001, z=100, batch size=64",43,135.36,2026-06-01 15:37:01.500,100,100\training (1).log,72,z=100
lr=0.001_z=100_bs=64_seed=242,lr=0.001_z=100_bs=64_seed=242,0.001,0.001,100,64,242,lr=0.001_z=100_bs=64,"LR=0.001, z=100, batch size=64",44,138.27,2026-06-01 15:37:34.659,100,100\training (1).log,73,z=100
lr=0.001_z=100_bs=64_seed=242,lr=0.001_z=100_bs=64_seed=242,0.001,0.001,100,64,242,lr=0.001_z=100_bs=64,"LR=0.001, z=100, batch size=64",45,133.03,2026-06-01 15:38:37.347,100,100\training (1).log,75,z=100
lr=0.001_z=100_bs=64_seed=242,lr=0.001_z=100_bs=64_seed=242,0.001,0.001,100,64,242,lr=0.001_z=100_bs=64,"LR=0.001, z=100, batch size=64",46,132.15,2026-06-01 15:39:11.469,100,100\training (1).log,77,z=100
lr=0.001_z=100_bs=64_seed=242,lr=0.001_z=100_bs=64_seed=242,0.001,0.001,100,64,242,lr=0.001_z=100_bs=64,"LR=0.001, z=100, batch size=64",47,139.67,2026-06-01 15:40:14.894,100,100\training (1).log,78,z=100
lr=0.001_z=100_bs=64_seed=242,lr=0.001_z=100_bs=64_seed=242,0.001,0.001,100,64,242,lr=0.001_z=100_bs=64,"LR=0.001, z=100, batch size=64",48,135.81,2026-06-01 15:40:47.638,100,100\training (1).log,79,z=100
lr=0.001_z=100_bs=64_seed=242,lr=0.001_z=100_bs=64_seed=242,0.001,0.001,100,64,242,lr=0.001_z=100_bs=64,"LR=0.001, z=100, batch size=64",49,135.98,2026-06-01 15:41:50.211,100,100\training (1).log,80,z=100
lr=0.001_z=100_bs=64_seed=242,lr=0.001_z=100_bs=64_seed=242,0.001,0.001,100,64,242,lr=0.001_z=100_bs=64,"LR=0.001, z=100, batch size=64",50,133.94,2026-06-01 15:42:24.194,100,100\training (1).log,81,z=100
lr=0.001_z=100_bs=64_seed=242,lr=0.001_z=100_bs=64_seed=242,0.001,0.001,100,64,242,lr=0.001_z=100_bs=64,"LR=0.001, z=100, batch size=64",51,133.03,2026-06-01 15:43:26.129,100,100\training (1).log,82,z=100
lr=0.001_z=100_bs=64_seed=242,lr=0.001_z=100_bs=64_seed=242,0.001,0.001,100,64,242,lr=0.001_z=100_bs=64,"LR=0.001, z=100, batch size=64",52,125.89,2026-06-01 15:43:59.849,100,100\training (1).log,84,z=100
lr=0.001_z=100_bs=64_seed=242,lr=0.001_z=100_bs=64_seed=242,0.001,0.001,100,64,242,lr=0.001_z=100_bs=64,"LR=0.001, z=100, batch size=64",53,134.85,2026-06-01 15:45:03.825,100,100\training (1).log,85,z=100
lr=0.001_z=100_bs=64_seed=242,lr=0.001_z=100_bs=64_seed=242,0.001,0.001,100,64,242,lr=0.001_z=100_bs=64,"LR=0.001, z=100, batch size=64",54,135.39,2026-06-01 15:45:38.266,100,100\training (1).log,86,z=100
lr=0.001_z=100_bs=64_seed=242,lr=0.001_z=100_bs=64_seed=242,0.001,0.001,100,64,242,lr=0.001_z=100_bs=64,"LR=0.001, z=100, batch size=64",55,141.66,2026-06-01 15:46:40.733,100,100\training (1).log,87,z=100
lr=0.001_z=100_bs=64_seed=242,lr=0.001_z=100_bs=64_seed=242,0.001,0.001,100,64,242,lr=0.001_z=100_bs=64,"LR=0.001, z=100, batch size=64",56,137.73,2026-06-01 15:47:14.768,100,100\training (1).log,88,z=100
lr=0.001_z=100_bs=64_seed=242,lr=0.001_z=100_bs=64_seed=242,0.001,0.001,100,64,242,lr=0.001_z=100_bs=64,"LR=0.001, z=100, batch size=64",57,129.59,2026-06-01 15:48:18.221,100,100\training (1).log,89,z=100
lr=0.001_z=100_bs=64_seed=242,lr=0.001_z=100_bs=64_seed=242,0.001,0.001,100,64,242,lr=0.001_z=100_bs=64,"LR=0.001, z=100, batch size=64",58,132.47,2026-06-01 15:48:51.838,100,100\training (1).log,90,z=100
lr=0.001_z=100_bs=64_seed=242,lr=0.001_z=100_bs=64_seed=242,0.001,0.001,100,64,242,lr=0.001_z=100_bs=64,"LR=0.001, z=100, batch size=64",59,128.67,2026-06-01 15:49:54.324,100,100\training (1).log,91,z=100
lr=0.001_z=100_bs=64_seed=242,lr=0.001_z=100_bs=64_seed=242,0.001,0.001,100,64,242,lr=0.001_z=100_bs=64,"LR=0.001, z=100, batch size=64",60,130.39,2026-06-01 15:50:27.277,100,100\training (1).log,92,z=100
lr=0.001_z=100_bs=64_seed=242,lr=0.001_z=100_bs=64_seed=242,0.001,0.001,100,64,242,lr=0.001_z=100_bs=64,"LR=0.001, z=100, batch size=64",61,145.31,2026-06-01 15:51:29.179,100,100\training (1).log,93,z=100
lr=0.001_z=100_bs=64_seed=242,lr=0.001_z=100_bs=64_seed=242,0.001,0.001,100,64,242,lr=0.001_z=100_bs=64,"LR=0.001, z=100, batch size=64",62,125.64,2026-06-01 15:52:02.531,100,100\training (1).log,95,z=100
lr=0.001_z=100_bs=64_seed=242,lr=0.001_z=100_bs=64_seed=242,0.001,0.001,100,64,242,lr=0.001_z=100_bs=64,"LR=0.001, z=100, batch size=64",63,125.6,2026-06-01 15:53:06.329,100,100\training (1).log,97,z=100
lr=0.001_z=100_bs=64_seed=242,lr=0.001_z=100_bs=64_seed=242,0.001,0.001,100,64,242,lr=0.001_z=100_bs=64,"LR=0.001, z=100, batch size=64",64,136.13,2026-06-01 15:53:40.038,100,100\training (1).log,98,z=100
lr=0.001_z=100_bs=64_seed=242,lr=0.001_z=100_bs=64_seed=242,0.001,0.001,100,64,242,lr=0.001_z=100_bs=64,"LR=0.001, z=100, batch size=64",65,143.08,2026-06-01 15:54:43.522,100,100\training (1).log,99,z=100
lr=0.001_z=100_bs=64_seed=242,lr=0.001_z=100_bs=64_seed=242,0.001,0.001,100,64,242,lr=0.001_z=100_bs=64,"LR=0.001, z=100, batch size=64",66,127.56,2026-06-01 15:55:17.629,100,100\training (1).log,100,z=100
lr=0.001_z=100_bs=64_seed=242,lr=0.001_z=100_bs=64_seed=242,0.001,0.001,100,64,242,lr=0.001_z=100_bs=64,"LR=0.001, z=100, batch size=64",67,129.76,2026-06-01 15:56:20.600,100,100\training (1).log,101,z=100
lr=0.001_z=100_bs=64_seed=242,lr=0.001_z=100_bs=64_seed=242,0.001,0.001,100,64,242,lr=0.001_z=100_bs=64,"LR=0.001, z=100, batch size=64",68,127.37,2026-06-01 15:56:54.287,100,100\training (1).log,102,z=100
lr=0.001_z=100_bs=64_seed=242,lr=0.001_z=100_bs=64_seed=242,0.001,0.001,100,64,242,lr=0.001_z=100_bs=64,"LR=0.001, z=100, batch size=64",69,153.32,2026-06-01 15:57:56.997,100,100\training (1).log,103,z=100
lr=0.001_z=100_bs=64_seed=242,lr=0.001_z=100_bs=64_seed=242,0.001,0.001,100,64,242,lr=0.001_z=100_bs=64,"LR=0.001, z=100, batch size=64",70,121.17,2026-06-01 15:58:30.594,100,100\training (1).log,105,z=100
lr=0.001_z=100_bs=64_seed=242,lr=0.001_z=100_bs=64_seed=242,0.001,0.001,100,64,242,lr=0.001_z=100_bs=64,"LR=0.001, z=100, batch size=64",71,136.9,2026-06-01 15:59:33.791,100,100\training (1).log,106,z=100
lr=0.001_z=100_bs=64_seed=242,lr=0.001_z=100_bs=64_seed=242,0.001,0.001,100,64,242,lr=0.001_z=100_bs=64,"LR=0.001, z=100, batch size=64",72,126.26,2026-06-01 16:00:06.555,100,100\training (1).log,107,z=100
lr=0.001_z=100_bs=64_seed=242,lr=0.001_z=100_bs=64_seed=242,0.001,0.001,100,64,242,lr=0.001_z=100_bs=64,"LR=0.001, z=100, batch size=64",73,131.38,2026-06-01 16:01:10.428,100,100\training (1).log,108,z=100
lr=0.001_z=100_bs=64_seed=242,lr=0.001_z=100_bs=64_seed=242,0.001,0.001,100,64,242,lr=0.001_z=100_bs=64,"LR=0.001, z=100, batch size=64",74,136.35,2026-06-01 16:01:43.776,100,100\training (1).log,109,z=100
lr=0.001_z=100_bs=64_seed=242,lr=0.001_z=100_bs=64_seed=242,0.001,0.001,100,64,242,lr=0.001_z=100_bs=64,"LR=0.001, z=100, batch size=64",75,121.99,2026-06-01 16:02:47.227,100,100\training (1).log,110,z=100
lr=0.001_z=100_bs=64_seed=242,lr=0.001_z=100_bs=64_seed=242,0.001,0.001,100,64,242,lr=0.001_z=100_bs=64,"LR=0.001, z=100, batch size=64",76,126.54,2026-06-01 16:03:21.442,100,100\training (1).log,111,z=100
lr=0.001_z=100_bs=64_seed=242,lr=0.001_z=100_bs=64_seed=242,0.001,0.001,100,64,242,lr=0.001_z=100_bs=64,"LR=0.001, z=100, batch size=64",77,141.98,2026-06-01 16:04:25.429,100,100\training (1).log,112,z=100
lr=0.001_z=100_bs=64_seed=242,lr=0.001_z=100_bs=64_seed=242,0.001,0.001,100,64,242,lr=0.001_z=100_bs=64,"LR=0.001, z=100, batch size=64",78,126.09,2026-06-01 16:04:59.983,100,100\training (1).log,113,z=100
lr=0.001_z=100_bs=64_seed=242,lr=0.001_z=100_bs=64_seed=242,0.001,0.001,100,64,242,lr=0.001_z=100_bs=64,"LR=0.001, z=100, batch size=64",79,126.37,2026-06-01 16:06:02.997,100,100\training (1).log,114,z=100
lr=0.001_z=100_bs=64_seed=242,lr=0.001_z=100_bs=64_seed=242,0.001,0.001,100,64,242,lr=0.001_z=100_bs=64,"LR=0.001, z=100, batch size=64",80,126.18,2026-06-01 16:06:37.217,100,100\training (1).log,115,z=100
lr=0.001_z=100_bs=64_seed=242,lr=0.001_z=100_bs=64_seed=242,0.001,0.001,100,64,242,lr=0.001_z=100_bs=64,"LR=0.001, z=100, batch size=64",81,132.95,2026-06-01 16:07:11.716,100,100\training (1).log,116,z=100
lr=0.001_z=100_bs=64_seed=242,lr=0.001_z=100_bs=64_seed=242,0.001,0.001,100,64,242,lr=0.001_z=100_bs=64,"LR=0.001, z=100, batch size=64",82,128.84,2026-06-01 16:07:45.404,100,100\training (1).log,117,z=100
lr=0.001_z=100_bs=64_seed=242,lr=0.001_z=100_bs=64_seed=242,0.001,0.001,100,64,242,lr=0.001_z=100_bs=64,"LR=0.001, z=100, batch size=64",83,125.61,2026-06-01 16:08:48.080,100,100\training (1).log,118,z=100
lr=0.001_z=100_bs=64_seed=242,lr=0.001_z=100_bs=64_seed=242,0.001,0.001,100,64,242,lr=0.001_z=100_bs=64,"LR=0.001, z=100, batch size=64",84,143.55,2026-06-01 16:09:21.713,100,100\training (1).log,119,z=100
lr=0.001_z=100_bs=64_seed=242,lr=0.001_z=100_bs=64_seed=242,0.001,0.001,100,64,242,lr=0.001_z=100_bs=64,"LR=0.001, z=100, batch size=64",85,132.16,2026-06-01 16:10:25.636,100,100\training (1).log,120,z=100
lr=0.001_z=100_bs=64_seed=242,lr=0.001_z=100_bs=64_seed=242,0.001,0.001,100,64,242,lr=0.001_z=100_bs=64,"LR=0.001, z=100, batch size=64",86,132.48,2026-06-01 16:10:59.097,100,100\training (1).log,121,z=100
lr=0.001_z=100_bs=64_seed=242,lr=0.001_z=100_bs=64_seed=242,0.001,0.001,100,64,242,lr=0.001_z=100_bs=64,"LR=0.001, z=100, batch size=64",87,134.55,2026-06-01 16:12:02.797,100,100\training (1).log,122,z=100
lr=0.001_z=100_bs=64_seed=242,lr=0.001_z=100_bs=64_seed=242,0.001,0.001,100,64,242,lr=0.001_z=100_bs=64,"LR=0.001, z=100, batch size=64",88,137.42,2026-06-01 16:12:36.271,100,100\training (1).log,123,z=100
lr=0.001_z=100_bs=64_seed=242,lr=0.001_z=100_bs=64_seed=242,0.001,0.001,100,64,242,lr=0.001_z=100_bs=64,"LR=0.001, z=100, batch size=64",89,135.81,2026-06-01 16:13:39.281,100,100\training (1).log,124,z=100
lr=0.001_z=100_bs=64_seed=242,lr=0.001_z=100_bs=64_seed=242,0.001,0.001,100,64,242,lr=0.001_z=100_bs=64,"LR=0.001, z=100, batch size=64",90,125.35,2026-06-01 16:14:12.708,100,100\training (1).log,125,z=100
lr=0.001_z=100_bs=64_seed=242,lr=0.001_z=100_bs=64_seed=242,0.001,0.001,100,64,242,lr=0.001_z=100_bs=64,"LR=0.001, z=100, batch size=64",91,124.38,2026-06-01 16:15:16.814,100,100\training (1).log,126,z=100
lr=0.001_z=100_bs=64_seed=242,lr=0.001_z=100_bs=64_seed=242,0.001,0.001,100,64,242,lr=0.001_z=100_bs=64,"LR=0.001, z=100, batch size=64",92,138.07,2026-06-01 16:15:50.843,100,100\training (1).log,127,z=100
lr=0.001_z=100_bs=64_seed=242,lr=0.001_z=100_bs=64_seed=242,0.001,0.001,100,64,242,lr=0.001_z=100_bs=64,"LR=0.001, z=100, batch size=64",93,127.22,2026-06-01 16:16:55.476,100,100\training (1).log,128,z=100
lr=0.001_z=100_bs=64_seed=242,lr=0.001_z=100_bs=64_seed=242,0.001,0.001,100,64,242,lr=0.001_z=100_bs=64,"LR=0.001, z=100, batch size=64",94,126.98,2026-06-01 16:17:28.680,100,100\training (1).log,129,z=100
lr=0.001_z=100_bs=64_seed=242,lr=0.001_z=100_bs=64_seed=242,0.001,0.001,100,64,242,lr=0.001_z=100_bs=64,"LR=0.001, z=100, batch size=64",95,136.91,2026-06-01 16:18:31.582,100,100\training (1).log,130,z=100
lr=0.001_z=100_bs=64_seed=242,lr=0.001_z=100_bs=64_seed=242,0.001,0.001,100,64,242,lr=0.001_z=100_bs=64,"LR=0.001, z=100, batch size=64",96,132.15,2026-06-01 16:19:04.738,100,100\training (1).log,131,z=100
lr=0.001_z=100_bs=64_seed=242,lr=0.001_z=100_bs=64_seed=242,0.001,0.001,100,64,242,lr=0.001_z=100_bs=64,"LR=0.001, z=100, batch size=64",97,121.03,2026-06-01 16:20:08.798,100,100\training (1).log,133,z=100
lr=0.001_z=100_bs=64_seed=242,lr=0.001_z=100_bs=64_seed=242,0.001,0.001,100,64,242,lr=0.001_z=100_bs=64,"LR=0.001, z=100, batch size=64",98,122.42,2026-06-01 16:20:42.990,100,100\training (1).log,134,z=100
lr=0.001_z=100_bs=64_seed=242,lr=0.001_z=100_bs=64_seed=242,0.001,0.001,100,64,242,lr=0.001_z=100_bs=64,"LR=0.001, z=100, batch size=64",99,132.5,2026-06-01 16:21:46.099,100,100\training (1).log,135,z=100
lr=0.001_z=100_bs=64_seed=242,lr=0.001_z=100_bs=64_seed=242,0.001,0.001,100,64,242,lr=0.001_z=100_bs=64,"LR=0.001, z=100, batch size=64",100,121.14,2026-06-01 16:22:21.180,100,100\training (1).log,136,z=100
lr=0.001_z=256_bs=64_seed=42,lr=0.001_z=256_bs=64_seed=42,0.001,0.001,256,64,42,lr=0.001_z=256_bs=64,"LR=0.001, z=256, batch size=64",1,291.22,2026-06-05 12:21:13.140,256,256\training (2).log,6,z=256
lr=0.001_z=256_bs=64_seed=42,lr=0.001_z=256_bs=64_seed=42,0.001,0.001,256,64,42,lr=0.001_z=256_bs=64,"LR=0.001, z=256, batch size=64",2,304.56,2026-06-05 12:21:47.926,256,256\training (2).log,7,z=256
lr=0.001_z=256_bs=64_seed=42,lr=0.001_z=256_bs=64_seed=42,0.001,0.001,256,64,42,lr=0.001_z=256_bs=64,"LR=0.001, z=256, batch size=64",3,291.6,2026-06-05 12:22:22.795,256,256\training (2).log,8,z=256
lr=0.001_z=256_bs=64_seed=42,lr=0.001_z=256_bs=64_seed=42,0.001,0.001,256,64,42,lr=0.001_z=256_bs=64,"LR=0.001, z=256, batch size=64",4,307.8,2026-06-05 12:22:57.715,256,256\training (2).log,9,z=256
lr=0.001_z=256_bs=64_seed=42,lr=0.001_z=256_bs=64_seed=42,0.001,0.001,256,64,42,lr=0.001_z=256_bs=64,"LR=0.001, z=256, batch size=64",5,302.62,2026-06-05 12:24:02.064,256,256\training (2).log,10,z=256
lr=0.001_z=256_bs=64_seed=42,lr=0.001_z=256_bs=64_seed=42,0.001,0.001,256,64,42,lr=0.001_z=256_bs=64,"LR=0.001, z=256, batch size=64",6,273.17,2026-06-05 12:24:37.999,256,256\training (2).log,12,z=256
lr=0.001_z=256_bs=64_seed=42,lr=0.001_z=256_bs=64_seed=42,0.001,0.001,256,64,42,lr=0.001_z=256_bs=64,"LR=0.001, z=256, batch size=64",7,269.78,2026-06-05 12:25:43.651,256,256\training (2).log,14,z=256
lr=0.001_z=256_bs=64_seed=42,lr=0.001_z=256_bs=64_seed=42,0.001,0.001,256,64,42,lr=0.001_z=256_bs=64,"LR=0.001, z=256, batch size=64",8,269.79,2026-06-05 12:26:20.893,256,256\training (2).log,15,z=256
lr=0.001_z=256_bs=64_seed=42,lr=0.001_z=256_bs=64_seed=42,0.001,0.001,256,64,42,lr=0.001_z=256_bs=64,"LR=0.001, z=256, batch size=64",9,260.62,2026-06-05 12:27:26.634,256,256\training (2).log,17,z=256
lr=0.001_z=256_bs=64_seed=42,lr=0.001_z=256_bs=64_seed=42,0.001,0.001,256,64,42,lr=0.001_z=256_bs=64,"LR=0.001, z=256, batch size=64",10,228.16,2026-06-05 12:28:03.346,256,256\training (2).log,19,z=256
lr=0.001_z=256_bs=64_seed=42,lr=0.001_z=256_bs=64_seed=42,0.001,0.001,256,64,42,lr=0.001_z=256_bs=64,"LR=0.001, z=256, batch size=64",11,217.68,2026-06-05 12:29:08.543,256,256\training (2).log,21,z=256
lr=0.001_z=256_bs=64_seed=42,lr=0.001_z=256_bs=64_seed=42,0.001,0.001,256,64,42,lr=0.001_z=256_bs=64,"LR=0.001, z=256, batch size=64",12,215.49,2026-06-05 12:29:46.244,256,256\training (2).log,23,z=256
lr=0.001_z=256_bs=64_seed=42,lr=0.001_z=256_bs=64_seed=42,0.001,0.001,256,64,42,lr=0.001_z=256_bs=64,"LR=0.001, z=256, batch size=64",13,211.14,2026-06-05 12:30:51.952,256,256\training (2).log,25,z=256
lr=0.001_z=256_bs=64_seed=42,lr=0.001_z=256_bs=64_seed=42,0.001,0.001,256,64,42,lr=0.001_z=256_bs=64,"LR=0.001, z=256, batch size=64",14,209.8,2026-06-05 12:31:29.436,256,256\training (2).log,27,z=256
lr=0.001_z=256_bs=64_seed=42,lr=0.001_z=256_bs=64_seed=42,0.001,0.001,256,64,42,lr=0.001_z=256_bs=64,"LR=0.001, z=256, batch size=64",15,207.46,2026-06-05 12:32:34.703,256,256\training (2).log,29,z=256
lr=0.001_z=256_bs=64_seed=42,lr=0.001_z=256_bs=64_seed=42,0.001,0.001,256,64,42,lr=0.001_z=256_bs=64,"LR=0.001, z=256, batch size=64",16,195.68,2026-06-05 12:33:11.612,256,256\training (2).log,31,z=256
lr=0.001_z=256_bs=64_seed=42,lr=0.001_z=256_bs=64_seed=42,0.001,0.001,256,64,42,lr=0.001_z=256_bs=64,"LR=0.001, z=256, batch size=64",17,190.88,2026-06-05 12:34:17.564,256,256\training (2).log,33,z=256
lr=0.001_z=256_bs=64_seed=42,lr=0.001_z=256_bs=64_seed=42,0.001,0.001,256,64,42,lr=0.001_z=256_bs=64,"LR=0.001, z=256, batch size=64",18,178.02,2026-06-05 12:34:54.812,256,256\training (2).log,35,z=256
lr=0.001_z=256_bs=64_seed=42,lr=0.001_z=256_bs=64_seed=42,0.001,0.001,256,64,42,lr=0.001_z=256_bs=64,"LR=0.001, z=256, batch size=64",19,175.82,2026-06-05 12:36:00.664,256,256\training (2).log,37,z=256
lr=0.001_z=256_bs=64_seed=42,lr=0.001_z=256_bs=64_seed=42,0.001,0.001,256,64,42,lr=0.001_z=256_bs=64,"LR=0.001, z=256, batch size=64",20,189.61,2026-06-05 12:36:37.034,256,256\training (2).log,38,z=256
lr=0.001_z=256_bs=64_seed=42,lr=0.001_z=256_bs=64_seed=42,0.001,0.001,256,64,42,lr=0.001_z=256_bs=64,"LR=0.001, z=256, batch size=64",21,186.51,2026-06-05 12:42:42.795,256,256\training (2).log,39,z=256
lr=0.001_z=256_bs=64_seed=42,lr=0.001_z=256_bs=64_seed=42,0.001,0.001,256,64,42,lr=0.001_z=256_bs=64,"LR=0.001, z=256, batch size=64",22,172.81,2026-06-05 12:43:19.323,256,256\training (2).log,41,z=256
lr=0.001_z=256_bs=64_seed=42,lr=0.001_z=256_bs=64_seed=42,0.001,0.001,256,64,42,lr=0.001_z=256_bs=64,"LR=0.001, z=256, batch size=64",23,170.27,2026-06-05 12:43:56.398,256,256\training (2).log,43,z=256
lr=0.001_z=256_bs=64_seed=42,lr=0.001_z=256_bs=64_seed=42,0.001,0.001,256,64,42,lr=0.001_z=256_bs=64,"LR=0.001, z=256, batch size=64",24,167.98,2026-06-05 12:44:33.882,256,256\training (2).log,45,z=256
lr=0.001_z=256_bs=64_seed=42,lr=0.001_z=256_bs=64_seed=42,0.001,0.001,256,64,42,lr=0.001_z=256_bs=64,"LR=0.001, z=256, batch size=64",25,165.07,2026-06-05 12:45:38.943,256,256\training (2).log,47,z=256
lr=0.001_z=256_bs=64_seed=42,lr=0.001_z=256_bs=64_seed=42,0.001,0.001,256,64,42,lr=0.001_z=256_bs=64,"LR=0.001, z=256, batch size=64",26,173.57,2026-06-05 12:46:15.439,256,256\training (2).log,48,z=256
lr=0.001_z=256_bs=64_seed=42,lr=0.001_z=256_bs=64_seed=42,0.001,0.001,256,64,42,lr=0.001_z=256_bs=64,"LR=0.001, z=256, batch size=64",27,167.04,2026-06-05 12:47:20.814,256,256\training (2).log,49,z=256
lr=0.001_z=256_bs=64_seed=42,lr=0.001_z=256_bs=64_seed=42,0.001,0.001,256,64,42,lr=0.001_z=256_bs=64,"LR=0.001, z=256, batch size=64",28,159.77,2026-06-05 12:47:57.414,256,256\training (2).log,51,z=256
lr=0.001_z=256_bs=64_seed=42,lr=0.001_z=256_bs=64_seed=42,0.001,0.001,256,64,42,lr=0.001_z=256_bs=64,"LR=0.001, z=256, batch size=64",29,152.41,2026-06-05 12:49:03.233,256,256\training (2).log,53,z=256
lr=0.001_z=256_bs=64_seed=42,lr=0.001_z=256_bs=64_seed=42,0.001,0.001,256,64,42,lr=0.001_z=256_bs=64,"LR=0.001, z=256, batch size=64",30,168.4,2026-06-05 12:49:40.557,256,256\training (2).log,54,z=256
lr=0.001_z=256_bs=64_seed=42,lr=0.001_z=256_bs=64_seed=42,0.001,0.001,256,64,42,lr=0.001_z=256_bs=64,"LR=0.001, z=256, batch size=64",31,156.72,2026-06-05 12:50:46.045,256,256\training (2).log,55,z=256
lr=0.001_z=256_bs=64_seed=42,lr=0.001_z=256_bs=64_seed=42,0.001,0.001,256,64,42,lr=0.001_z=256_bs=64,"LR=0.001, z=256, batch size=64",32,160.39,2026-06-05 12:51:21.423,256,256\training (2).log,56,z=256
lr=0.001_z=256_bs=64_seed=42,lr=0.001_z=256_bs=64_seed=42,0.001,0.001,256,64,42,lr=0.001_z=256_bs=64,"LR=0.001, z=256, batch size=64",33,156.56,2026-06-05 12:52:26.986,256,256\training (2).log,57,z=256
lr=0.001_z=256_bs=64_seed=42,lr=0.001_z=256_bs=64_seed=42,0.001,0.001,256,64,42,lr=0.001_z=256_bs=64,"LR=0.001, z=256, batch size=64",34,154.18,2026-06-05 12:53:03.516,256,256\training (2).log,58,z=256
lr=0.001_z=256_bs=64_seed=42,lr=0.001_z=256_bs=64_seed=42,0.001,0.001,256,64,42,lr=0.001_z=256_bs=64,"LR=0.001, z=256, batch size=64",35,158.13,2026-06-05 12:54:09.547,256,256\training (2).log,59,z=256
lr=0.001_z=256_bs=64_seed=42,lr=0.001_z=256_bs=64_seed=42,0.001,0.001,256,64,42,lr=0.001_z=256_bs=64,"LR=0.001, z=256, batch size=64",36,154.64,2026-06-05 12:54:45.222,256,256\training (2).log,60,z=256
lr=0.001_z=256_bs=64_seed=42,lr=0.001_z=256_bs=64_seed=42,0.001,0.001,256,64,42,lr=0.001_z=256_bs=64,"LR=0.001, z=256, batch size=64",37,153.8,2026-06-05 12:55:50.307,256,256\training (2).log,61,z=256
lr=0.001_z=256_bs=64_seed=42,lr=0.001_z=256_bs=64_seed=42,0.001,0.001,256,64,42,lr=0.001_z=256_bs=64,"LR=0.001, z=256, batch size=64",38,158.82,2026-06-05 12:56:26.889,256,256\training (2).log,62,z=256
lr=0.001_z=256_bs=64_seed=42,lr=0.001_z=256_bs=64_seed=42,0.001,0.001,256,64,42,lr=0.001_z=256_bs=64,"LR=0.001, z=256, batch size=64",39,158.63,2026-06-05 12:57:32.951,256,256\training (2).log,63,z=256
lr=0.001_z=256_bs=64_seed=42,lr=0.001_z=256_bs=64_seed=42,0.001,0.001,256,64,42,lr=0.001_z=256_bs=64,"LR=0.001, z=256, batch size=64",40,164.9,2026-06-05 12:58:09.508,256,256\training (2).log,64,z=256
lr=0.001_z=256_bs=64_seed=42,lr=0.001_z=256_bs=64_seed=42,0.001,0.001,256,64,42,lr=0.001_z=256_bs=64,"LR=0.001, z=256, batch size=64",41,154.56,2026-06-05 12:59:14.556,256,256\training (2).log,65,z=256
lr=0.001_z=256_bs=64_seed=42,lr=0.001_z=256_bs=64_seed=42,0.001,0.001,256,64,42,lr=0.001_z=256_bs=64,"LR=0.001, z=256, batch size=64",42,164.2,2026-06-05 12:59:50.348,256,256\training (2).log,66,z=256
lr=0.001_z=256_bs=64_seed=42,lr=0.001_z=256_bs=64_seed=42,0.001,0.001,256,64,42,lr=0.001_z=256_bs=64,"LR=0.001, z=256, batch size=64",43,150.48,2026-06-05 13:00:56.623,256,256\training (2).log,68,z=256
lr=0.001_z=256_bs=64_seed=42,lr=0.001_z=256_bs=64_seed=42,0.001,0.001,256,64,42,lr=0.001_z=256_bs=64,"LR=0.001, z=256, batch size=64",44,157.86,2026-06-05 13:01:34.069,256,256\training (2).log,69,z=256
lr=0.001_z=256_bs=64_seed=42,lr=0.001_z=256_bs=64_seed=42,0.001,0.001,256,64,42,lr=0.001_z=256_bs=64,"LR=0.001, z=256, batch size=64",45,150.84,2026-06-05 13:02:40.261,256,256\training (2).log,70,z=256
lr=0.001_z=256_bs=64_seed=42,lr=0.001_z=256_bs=64_seed=42,0.001,0.001,256,64,42,lr=0.001_z=256_bs=64,"LR=0.001, z=256, batch size=64",46,146.07,2026-06-05 13:03:16.766,256,256\training (2).log,72,z=256
lr=0.001_z=256_bs=64_seed=42,lr=0.001_z=256_bs=64_seed=42,0.001,0.001,256,64,42,lr=0.001_z=256_bs=64,"LR=0.001, z=256, batch size=64",47,151.22,2026-06-05 13:04:21.996,256,256\training (2).log,73,z=256
lr=0.001_z=256_bs=64_seed=42,lr=0.001_z=256_bs=64_seed=42,0.001,0.001,256,64,42,lr=0.001_z=256_bs=64,"LR=0.001, z=256, batch size=64",48,152.32,2026-06-05 13:04:58.099,256,256\training (2).log,74,z=256
lr=0.001_z=256_bs=64_seed=42,lr=0.001_z=256_bs=64_seed=42,0.001,0.001,256,64,42,lr=0.001_z=256_bs=64,"LR=0.001, z=256, batch size=64",49,144.94,2026-06-05 13:06:04.194,256,256\training (2).log,76,z=256
lr=0.001_z=256_bs=64_seed=42,lr=0.001_z=256_bs=64_seed=42,0.001,0.001,256,64,42,lr=0.001_z=256_bs=64,"LR=0.001, z=256, batch size=64",50,156.06,2026-06-05 13:06:41.677,256,256\training (2).log,77,z=256
lr=0.001_z=256_bs=64_seed=42,lr=0.001_z=256_bs=64_seed=42,0.001,0.001,256,64,42,lr=0.001_z=256_bs=64,"LR=0.001, z=256, batch size=64",51,147.44,2026-06-05 13:07:47.155,256,256\training (2).log,78,z=256
lr=0.001_z=256_bs=64_seed=42,lr=0.001_z=256_bs=64_seed=42,0.001,0.001,256,64,42,lr=0.001_z=256_bs=64,"LR=0.001, z=256, batch size=64",52,147.0,2026-06-05 13:08:23.076,256,256\training (2).log,79,z=256
lr=0.001_z=256_bs=64_seed=42,lr=0.001_z=256_bs=64_seed=42,0.001,0.001,256,64,42,lr=0.001_z=256_bs=64,"LR=0.001, z=256, batch size=64",53,154.2,2026-06-05 13:09:28.717,256,256\training (2).log,80,z=256
lr=0.001_z=256_bs=64_seed=42,lr=0.001_z=256_bs=64_seed=42,0.001,0.001,256,64,42,lr=0.001_z=256_bs=64,"LR=0.001, z=256, batch size=64",54,140.71,2026-06-05 13:10:05.465,256,256\training (2).log,82,z=256
lr=0.001_z=256_bs=64_seed=42,lr=0.001_z=256_bs=64_seed=42,0.001,0.001,256,64,42,lr=0.001_z=256_bs=64,"LR=0.001, z=256, batch size=64",55,154.27,2026-06-05 13:11:11.528,256,256\training (2).log,83,z=256
lr=0.001_z=256_bs=64_seed=42,lr=0.001_z=256_bs=64_seed=42,0.001,0.001,256,64,42,lr=0.001_z=256_bs=64,"LR=0.001, z=256, batch size=64",56,149.75,2026-06-05 13:11:48.702,256,256\training (2).log,84,z=256
lr=0.001_z=256_bs=64_seed=42,lr=0.001_z=256_bs=64_seed=42,0.001,0.001,256,64,42,lr=0.001_z=256_bs=64,"LR=0.001, z=256, batch size=64",57,139.84,2026-06-05 13:12:54.368,256,256\training (2).log,86,z=256
lr=0.001_z=256_bs=64_seed=42,lr=0.001_z=256_bs=64_seed=42,0.001,0.001,256,64,42,lr=0.001_z=256_bs=64,"LR=0.001, z=256, batch size=64",58,149.3,2026-06-05 13:13:30.803,256,256\training (2).log,87,z=256
lr=0.001_z=256_bs=64_seed=42,lr=0.001_z=256_bs=64_seed=42,0.001,0.001,256,64,42,lr=0.001_z=256_bs=64,"LR=0.001, z=256, batch size=64",59,143.95,2026-06-05 13:14:36.714,256,256\training (2).log,88,z=256
lr=0.001_z=256_bs=64_seed=42,lr=0.001_z=256_bs=64_seed=42,0.001,0.001,256,64,42,lr=0.001_z=256_bs=64,"LR=0.001, z=256, batch size=64",60,144.0,2026-06-05 13:15:13.369,256,256\training (2).log,89,z=256
lr=0.001_z=256_bs=64_seed=42,lr=0.001_z=256_bs=64_seed=42,0.001,0.001,256,64,42,lr=0.001_z=256_bs=64,"LR=0.001, z=256, batch size=64",61,144.07,2026-06-05 13:16:19.478,256,256\training (2).log,90,z=256
lr=0.001_z=256_bs=64_seed=42,lr=0.001_z=256_bs=64_seed=42,0.001,0.001,256,64,42,lr=0.001_z=256_bs=64,"LR=0.001, z=256, batch size=64",62,146.03,2026-06-05 13:16:55.245,256,256\training (2).log,91,z=256
lr=0.001_z=256_bs=64_seed=42,lr=0.001_z=256_bs=64_seed=42,0.001,0.001,256,64,42,lr=0.001_z=256_bs=64,"LR=0.001, z=256, batch size=64",63,142.12,2026-06-05 13:18:00.506,256,256\training (2).log,92,z=256
lr=0.001_z=256_bs=64_seed=42,lr=0.001_z=256_bs=64_seed=42,0.001,0.001,256,64,42,lr=0.001_z=256_bs=64,"LR=0.001, z=256, batch size=64",64,140.91,2026-06-05 13:18:37.349,256,256\training (2).log,93,z=256
lr=0.001_z=256_bs=64_seed=42,lr=0.001_z=256_bs=64_seed=42,0.001,0.001,256,64,42,lr=0.001_z=256_bs=64,"LR=0.001, z=256, batch size=64",65,135.03,2026-06-05 13:19:43.438,256,256\training (2).log,95,z=256
lr=0.001_z=256_bs=64_seed=42,lr=0.001_z=256_bs=64_seed=42,0.001,0.001,256,64,42,lr=0.001_z=256_bs=64,"LR=0.001, z=256, batch size=64",66,135.03,2026-06-05 13:20:21.886,256,256\training (2).log,97,z=256
lr=0.001_z=256_bs=64_seed=42,lr=0.001_z=256_bs=64_seed=42,0.001,0.001,256,64,42,lr=0.001_z=256_bs=64,"LR=0.001, z=256, batch size=64",67,130.3,2026-06-05 13:21:27.637,256,256\training (2).log,99,z=256
lr=0.001_z=256_bs=64_seed=42,lr=0.001_z=256_bs=64_seed=42,0.001,0.001,256,64,42,lr=0.001_z=256_bs=64,"LR=0.001, z=256, batch size=64",68,147.92,2026-06-05 13:22:04.537,256,256\training (2).log,100,z=256
lr=0.001_z=256_bs=64_seed=42,lr=0.001_z=256_bs=64_seed=42,0.001,0.001,256,64,42,lr=0.001_z=256_bs=64,"LR=0.001, z=256, batch size=64",69,155.99,2026-06-05 13:23:08.917,256,256\training (2).log,101,z=256
lr=0.001_z=256_bs=64_seed=42,lr=0.001_z=256_bs=64_seed=42,0.001,0.001,256,64,42,lr=0.001_z=256_bs=64,"LR=0.001, z=256, batch size=64",70,138.53,2026-06-05 13:23:44.187,256,256\training (2).log,102,z=256
lr=0.001_z=256_bs=64_seed=42,lr=0.001_z=256_bs=64_seed=42,0.001,0.001,256,64,42,lr=0.001_z=256_bs=64,"LR=0.001, z=256, batch size=64",71,147.63,2026-06-05 13:24:48.914,256,256\training (2).log,103,z=256
lr=0.001_z=256_bs=64_seed=42,lr=0.001_z=256_bs=64_seed=42,0.001,0.001,256,64,42,lr=0.001_z=256_bs=64,"LR=0.001, z=256, batch size=64",72,145.61,2026-06-05 13:25:24.414,256,256\training (2).log,104,z=256
lr=0.001_z=256_bs=64_seed=42,lr=0.001_z=256_bs=64_seed=42,0.001,0.001,256,64,42,lr=0.001_z=256_bs=64,"LR=0.001, z=256, batch size=64",73,141.14,2026-06-05 13:26:29.189,256,256\training (2).log,105,z=256
lr=0.001_z=256_bs=64_seed=42,lr=0.001_z=256_bs=64_seed=42,0.001,0.001,256,64,42,lr=0.001_z=256_bs=64,"LR=0.001, z=256, batch size=64",74,147.3,2026-06-05 13:27:04.411,256,256\training (2).log,106,z=256
lr=0.001_z=256_bs=64_seed=42,lr=0.001_z=256_bs=64_seed=42,0.001,0.001,256,64,42,lr=0.001_z=256_bs=64,"LR=0.001, z=256, batch size=64",75,146.51,2026-06-05 13:28:09.295,256,256\training (2).log,107,z=256
lr=0.001_z=256_bs=64_seed=42,lr=0.001_z=256_bs=64_seed=42,0.001,0.001,256,64,42,lr=0.001_z=256_bs=64,"LR=0.001, z=256, batch size=64",76,139.37,2026-06-05 13:28:44.493,256,256\training (2).log,108,z=256
lr=0.001_z=256_bs=64_seed=42,lr=0.001_z=256_bs=64_seed=42,0.001,0.001,256,64,42,lr=0.001_z=256_bs=64,"LR=0.001, z=256, batch size=64",77,153.11,2026-06-05 13:29:49.206,256,256\training (2).log,109,z=256
lr=0.001_z=256_bs=64_seed=42,lr=0.001_z=256_bs=64_seed=42,0.001,0.001,256,64,42,lr=0.001_z=256_bs=64,"LR=0.001, z=256, batch size=64",78,149.2,2026-06-05 13:30:24.972,256,256\training (2).log,110,z=256
lr=0.001_z=256_bs=64_seed=42,lr=0.001_z=256_bs=64_seed=42,0.001,0.001,256,64,42,lr=0.001_z=256_bs=64,"LR=0.001, z=256, batch size=64",79,143.28,2026-06-05 13:31:29.731,256,256\training (2).log,111,z=256
lr=0.001_z=256_bs=64_seed=42,lr=0.001_z=256_bs=64_seed=42,0.001,0.001,256,64,42,lr=0.001_z=256_bs=64,"LR=0.001, z=256, batch size=64",80,142.27,2026-06-05 13:32:05.206,256,256\training (2).log,112,z=256
lr=0.001_z=256_bs=64_seed=42,lr=0.001_z=256_bs=64_seed=42,0.001,0.001,256,64,42,lr=0.001_z=256_bs=64,"LR=0.001, z=256, batch size=64",81,138.43,2026-06-05 13:33:10.474,256,256\training (2).log,113,z=256
lr=0.001_z=256_bs=64_seed=42,lr=0.001_z=256_bs=64_seed=42,0.001,0.001,256,64,42,lr=0.001_z=256_bs=64,"LR=0.001, z=256, batch size=64",82,141.54,2026-06-05 13:33:46.292,256,256\training (2).log,114,z=256
lr=0.001_z=256_bs=64_seed=42,lr=0.001_z=256_bs=64_seed=42,0.001,0.001,256,64,42,lr=0.001_z=256_bs=64,"LR=0.001, z=256, batch size=64",83,154.7,2026-06-05 13:34:51.317,256,256\training (2).log,115,z=256
lr=0.001_z=256_bs=64_seed=42,lr=0.001_z=256_bs=64_seed=42,0.001,0.001,256,64,42,lr=0.001_z=256_bs=64,"LR=0.001, z=256, batch size=64",84,146.96,2026-06-05 13:35:26.569,256,256\training (2).log,116,z=256
lr=0.001_z=256_bs=64_seed=42,lr=0.001_z=256_bs=64_seed=42,0.001,0.001,256,64,42,lr=0.001_z=256_bs=64,"LR=0.001, z=256, batch size=64",85,149.93,2026-06-05 13:36:31.206,256,256\training (2).log,117,z=256
lr=0.001_z=256_bs=64_seed=42,lr=0.001_z=256_bs=64_seed=42,0.001,0.001,256,64,42,lr=0.001_z=256_bs=64,"LR=0.001, z=256, batch size=64",86,145.11,2026-06-05 13:37:06.475,256,256\training (2).log,118,z=256
lr=0.001_z=256_bs=64_seed=42,lr=0.001_z=256_bs=64_seed=42,0.001,0.001,256,64,42,lr=0.001_z=256_bs=64,"LR=0.001, z=256, batch size=64",87,139.62,2026-06-05 13:38:11.477,256,256\training (2).log,119,z=256
lr=0.001_z=256_bs=64_seed=42,lr=0.001_z=256_bs=64_seed=42,0.001,0.001,256,64,42,lr=0.001_z=256_bs=64,"LR=0.001, z=256, batch size=64",88,156.34,2026-06-05 13:38:47.229,256,256\training (2).log,120,z=256
lr=0.001_z=256_bs=64_seed=42,lr=0.001_z=256_bs=64_seed=42,0.001,0.001,256,64,42,lr=0.001_z=256_bs=64,"LR=0.001, z=256, batch size=64",89,142.06,2026-06-05 13:39:52.191,256,256\training (2).log,121,z=256
lr=0.001_z=256_bs=64_seed=42,lr=0.001_z=256_bs=64_seed=42,0.001,0.001,256,64,42,lr=0.001_z=256_bs=64,"LR=0.001, z=256, batch size=64",90,142.45,2026-06-05 13:40:27.873,256,256\training (2).log,122,z=256
lr=0.001_z=256_bs=64_seed=42,lr=0.001_z=256_bs=64_seed=42,0.001,0.001,256,64,42,lr=0.001_z=256_bs=64,"LR=0.001, z=256, batch size=64",91,133.74,2026-06-05 13:41:32.433,256,256\training (2).log,123,z=256
lr=0.001_z=256_bs=64_seed=42,lr=0.001_z=256_bs=64_seed=42,0.001,0.001,256,64,42,lr=0.001_z=256_bs=64,"LR=0.001, z=256, batch size=64",92,154.15,2026-06-05 13:42:07.337,256,256\training (2).log,124,z=256
lr=0.001_z=256_bs=64_seed=42,lr=0.001_z=256_bs=64_seed=42,0.001,0.001,256,64,42,lr=0.001_z=256_bs=64,"LR=0.001, z=256, batch size=64",93,146.58,2026-06-05 13:43:12.086,256,256\training (2).log,125,z=256
lr=0.001_z=256_bs=64_seed=42,lr=0.001_z=256_bs=64_seed=42,0.001,0.001,256,64,42,lr=0.001_z=256_bs=64,"LR=0.001, z=256, batch size=64",94,142.7,2026-06-05 13:43:47.960,256,256\training (2).log,126,z=256
lr=0.001_z=256_bs=64_seed=42,lr=0.001_z=256_bs=64_seed=42,0.001,0.001,256,64,42,lr=0.001_z=256_bs=64,"LR=0.001, z=256, batch size=64",95,141.11,2026-06-05 13:44:52.839,256,256\training (2).log,127,z=256
lr=0.001_z=256_bs=64_seed=42,lr=0.001_z=256_bs=64_seed=42,0.001,0.001,256,64,42,lr=0.001_z=256_bs=64,"LR=0.001, z=256, batch size=64",96,132.47,2026-06-05 13:45:28.442,256,256\training (2).log,128,z=256
lr=0.001_z=256_bs=64_seed=42,lr=0.001_z=256_bs=64_seed=42,0.001,0.001,256,64,42,lr=0.001_z=256_bs=64,"LR=0.001, z=256, batch size=64",97,137.86,2026-06-05 13:46:33.583,256,256\training (2).log,129,z=256
lr=0.001_z=256_bs=64_seed=42,lr=0.001_z=256_bs=64_seed=42,0.001,0.001,256,64,42,lr=0.001_z=256_bs=64,"LR=0.001, z=256, batch size=64",98,147.97,2026-06-05 13:47:09.563,256,256\training (2).log,130,z=256
lr=0.001_z=256_bs=64_seed=42,lr=0.001_z=256_bs=64_seed=42,0.001,0.001,256,64,42,lr=0.001_z=256_bs=64,"LR=0.001, z=256, batch size=64",99,133.68,2026-06-05 13:48:14.816,256,256\training (2).log,131,z=256
lr=0.001_z=256_bs=64_seed=42,lr=0.001_z=256_bs=64_seed=42,0.001,0.001,256,64,42,lr=0.001_z=256_bs=64,"LR=0.001, z=256, batch size=64",100,140.73,2026-06-05 13:48:50.619,256,256\training (2).log,132,z=256
lr=0.001_z=256_bs=64_seed=142,lr=0.001_z=256_bs=64_seed=142,0.001,0.001,256,64,142,lr=0.001_z=256_bs=64,"LR=0.001, z=256, batch size=64",1,287.61,2026-06-08 08:10:28.113,256,256\training.log,6,z=256
lr=0.001_z=256_bs=64_seed=142,lr=0.001_z=256_bs=64_seed=142,0.001,0.001,256,64,142,lr=0.001_z=256_bs=64,"LR=0.001, z=256, batch size=64",2,347.77,2026-06-08 08:11:46.418,256,256\training.log,7,z=256
lr=0.001_z=256_bs=64_seed=142,lr=0.001_z=256_bs=64_seed=142,0.001,0.001,256,64,142,lr=0.001_z=256_bs=64,"LR=0.001, z=256, batch size=64",3,284.64,2026-06-08 08:13:04.352,256,256\training.log,9,z=256
lr=0.001_z=256_bs=64_seed=142,lr=0.001_z=256_bs=64_seed=142,0.001,0.001,256,64,142,lr=0.001_z=256_bs=64,"LR=0.001, z=256, batch size=64",4,273.12,2026-06-08 08:14:42.026,256,256\training.log,11,z=256
lr=0.001_z=256_bs=64_seed=142,lr=0.001_z=256_bs=64_seed=142,0.001,0.001,256,64,142,lr=0.001_z=256_bs=64,"LR=0.001, z=256, batch size=64",5,279.47,2026-06-08 08:16:00.392,256,256\training.log,12,z=256
lr=0.001_z=256_bs=64_seed=142,lr=0.001_z=256_bs=64_seed=142,0.001,0.001,256,64,142,lr=0.001_z=256_bs=64,"LR=0.001, z=256, batch size=64",6,297.04,2026-06-08 08:17:19.850,256,256\training.log,13,z=256
lr=0.001_z=256_bs=64_seed=142,lr=0.001_z=256_bs=64_seed=142,0.001,0.001,256,64,142,lr=0.001_z=256_bs=64,"LR=0.001, z=256, batch size=64",7,267.82,2026-06-08 08:18:48.911,256,256\training.log,15,z=256
lr=0.001_z=256_bs=64_seed=142,lr=0.001_z=256_bs=64_seed=142,0.001,0.001,256,64,142,lr=0.001_z=256_bs=64,"LR=0.001, z=256, batch size=64",8,265.21,2026-06-08 08:20:09.002,256,256\training.log,17,z=256
lr=0.001_z=256_bs=64_seed=142,lr=0.001_z=256_bs=64_seed=142,0.001,0.001,256,64,142,lr=0.001_z=256_bs=64,"LR=0.001, z=256, batch size=64",9,263.12,2026-06-08 08:21:39.852,256,256\training.log,19,z=256
lr=0.001_z=256_bs=64_seed=142,lr=0.001_z=256_bs=64_seed=142,0.001,0.001,256,64,142,lr=0.001_z=256_bs=64,"LR=0.001, z=256, batch size=64",10,251.07,2026-06-08 08:23:04.276,256,256\training.log,21,z=256
lr=0.001_z=256_bs=64_seed=142,lr=0.001_z=256_bs=64_seed=142,0.001,0.001,256,64,142,lr=0.001_z=256_bs=64,"LR=0.001, z=256, batch size=64",11,243.63,2026-06-08 08:24:30.549,256,256\training.log,23,z=256
lr=0.001_z=256_bs=64_seed=142,lr=0.001_z=256_bs=64_seed=142,0.001,0.001,256,64,142,lr=0.001_z=256_bs=64,"LR=0.001, z=256, batch size=64",12,242.74,2026-06-08 08:26:17.054,256,256\training.log,25,z=256
lr=0.001_z=256_bs=64_seed=142,lr=0.001_z=256_bs=64_seed=142,0.001,0.001,256,64,142,lr=0.001_z=256_bs=64,"LR=0.001, z=256, batch size=64",13,233.86,2026-06-08 08:27:44.603,256,256\training.log,27,z=256
lr=0.001_z=256_bs=64_seed=142,lr=0.001_z=256_bs=64_seed=142,0.001,0.001,256,64,142,lr=0.001_z=256_bs=64,"LR=0.001, z=256, batch size=64",14,214.67,2026-06-08 08:29:24.134,256,256\training.log,29,z=256
lr=0.001_z=256_bs=64_seed=142,lr=0.001_z=256_bs=64_seed=142,0.001,0.001,256,64,142,lr=0.001_z=256_bs=64,"LR=0.001, z=256, batch size=64",15,220.74,2026-06-08 08:30:52.266,256,256\training.log,30,z=256
lr=0.001_z=256_bs=64_seed=142,lr=0.001_z=256_bs=64_seed=142,0.001,0.001,256,64,142,lr=0.001_z=256_bs=64,"LR=0.001, z=256, batch size=64",16,226.59,2026-06-08 08:32:21.061,256,256\training.log,31,z=256
lr=0.001_z=256_bs=64_seed=142,lr=0.001_z=256_bs=64_seed=142,0.001,0.001,256,64,142,lr=0.001_z=256_bs=64,"LR=0.001, z=256, batch size=64",17,198.86,2026-06-08 08:33:51.708,256,256\training.log,33,z=256
lr=0.001_z=256_bs=64_seed=142,lr=0.001_z=256_bs=64_seed=142,0.001,0.001,256,64,142,lr=0.001_z=256_bs=64,"LR=0.001, z=256, batch size=64",18,191.99,2026-06-08 08:35:22.761,256,256\training.log,35,z=256
lr=0.001_z=256_bs=64_seed=142,lr=0.001_z=256_bs=64_seed=142,0.001,0.001,256,64,142,lr=0.001_z=256_bs=64,"LR=0.001, z=256, batch size=64",19,185.03,2026-06-08 08:37:03.925,256,256\training.log,37,z=256
lr=0.001_z=256_bs=64_seed=142,lr=0.001_z=256_bs=64_seed=142,0.001,0.001,256,64,142,lr=0.001_z=256_bs=64,"LR=0.001, z=256, batch size=64",20,184.8,2026-06-08 08:38:33.373,256,256\training.log,39,z=256
lr=0.001_z=256_bs=64_seed=142,lr=0.001_z=256_bs=64_seed=142,0.001,0.001,256,64,142,lr=0.001_z=256_bs=64,"LR=0.001, z=256, batch size=64",21,179.48,2026-06-08 08:40:13.280,256,256\training.log,41,z=256
lr=0.001_z=256_bs=64_seed=142,lr=0.001_z=256_bs=64_seed=142,0.001,0.001,256,64,142,lr=0.001_z=256_bs=64,"LR=0.001, z=256, batch size=64",22,184.19,2026-06-08 08:41:43.032,256,256\training.log,42,z=256
lr=0.001_z=256_bs=64_seed=142,lr=0.001_z=256_bs=64_seed=142,0.001,0.001,256,64,142,lr=0.001_z=256_bs=64,"LR=0.001, z=256, batch size=64",23,180.09,2026-06-08 08:43:11.878,256,256\training.log,43,z=256
lr=0.001_z=256_bs=64_seed=142,lr=0.001_z=256_bs=64_seed=142,0.001,0.001,256,64,142,lr=0.001_z=256_bs=64,"LR=0.001, z=256, batch size=64",24,171.34,2026-06-08 08:45:01.454,256,256\training.log,45,z=256
lr=0.001_z=256_bs=64_seed=142,lr=0.001_z=256_bs=64_seed=142,0.001,0.001,256,64,142,lr=0.001_z=256_bs=64,"LR=0.001, z=256, batch size=64",25,176.94,2026-06-08 08:46:31.220,256,256\training.log,46,z=256
lr=0.001_z=256_bs=64_seed=142,lr=0.001_z=256_bs=64_seed=142,0.001,0.001,256,64,142,lr=0.001_z=256_bs=64,"LR=0.001, z=256, batch size=64",26,178.11,2026-06-08 08:48:12.130,256,256\training.log,47,z=256
lr=0.001_z=256_bs=64_seed=142,lr=0.001_z=256_bs=64_seed=142,0.001,0.001,256,64,142,lr=0.001_z=256_bs=64,"LR=0.001, z=256, batch size=64",27,176.35,2026-06-08 08:49:42.772,256,256\training.log,48,z=256
lr=0.001_z=256_bs=64_seed=142,lr=0.001_z=256_bs=64_seed=142,0.001,0.001,256,64,142,lr=0.001_z=256_bs=64,"LR=0.001, z=256, batch size=64",28,175.77,2026-06-08 08:51:31.646,256,256\training.log,49,z=256
lr=0.001_z=256_bs=64_seed=142,lr=0.001_z=256_bs=64_seed=142,0.001,0.001,256,64,142,lr=0.001_z=256_bs=64,"LR=0.001, z=256, batch size=64",29,168.74,2026-06-08 08:53:02.937,256,256\training.log,51,z=256
lr=0.001_z=256_bs=64_seed=142,lr=0.001_z=256_bs=64_seed=142,0.001,0.001,256,64,142,lr=0.001_z=256_bs=64,"LR=0.001, z=256, batch size=64",30,167.36,2026-06-08 08:54:32.976,256,256\training.log,53,z=256
lr=0.001_z=256_bs=64_seed=142,lr=0.001_z=256_bs=64_seed=142,0.001,0.001,256,64,142,lr=0.001_z=256_bs=64,"LR=0.001, z=256, batch size=64",31,165.61,2026-06-08 08:56:12.405,256,256\training.log,55,z=256
lr=0.001_z=256_bs=64_seed=142,lr=0.001_z=256_bs=64_seed=142,0.001,0.001,256,64,142,lr=0.001_z=256_bs=64,"LR=0.001, z=256, batch size=64",32,177.97,2026-06-08 08:57:42.968,256,256\training.log,56,z=256
lr=0.001_z=256_bs=64_seed=142,lr=0.001_z=256_bs=64_seed=142,0.001,0.001,256,64,142,lr=0.001_z=256_bs=64,"LR=0.001, z=256, batch size=64",33,172.09,2026-06-08 08:59:24.323,256,256\training.log,57,z=256
lr=0.001_z=256_bs=64_seed=142,lr=0.001_z=256_bs=64_seed=142,0.001,0.001,256,64,142,lr=0.001_z=256_bs=64,"LR=0.001, z=256, batch size=64",34,156.28,2026-06-08 09:00:56.662,256,256\training.log,59,z=256
lr=0.001_z=256_bs=64_seed=142,lr=0.001_z=256_bs=64_seed=142,0.001,0.001,256,64,142,lr=0.001_z=256_bs=64,"LR=0.001, z=256, batch size=64",35,158.07,2026-06-08 09:02:27.898,256,256\training.log,60,z=256
lr=0.001_z=256_bs=64_seed=142,lr=0.001_z=256_bs=64_seed=142,0.001,0.001,256,64,142,lr=0.001_z=256_bs=64,"LR=0.001, z=256, batch size=64",36,157.39,2026-06-08 09:03:58.600,256,256\training.log,61,z=256
lr=0.001_z=256_bs=64_seed=142,lr=0.001_z=256_bs=64_seed=142,0.001,0.001,256,64,142,lr=0.001_z=256_bs=64,"LR=0.001, z=256, batch size=64",37,163.57,2026-06-08 09:05:22.145,256,256\training.log,62,z=256
lr=0.001_z=256_bs=64_seed=142,lr=0.001_z=256_bs=64_seed=142,0.001,0.001,256,64,142,lr=0.001_z=256_bs=64,"LR=0.001, z=256, batch size=64",38,163.62,2026-06-08 09:07:00.209,256,256\training.log,63,z=256
lr=0.001_z=256_bs=64_seed=142,lr=0.001_z=256_bs=64_seed=142,0.001,0.001,256,64,142,lr=0.001_z=256_bs=64,"LR=0.001, z=256, batch size=64",39,171.35,2026-06-08 09:08:21.996,256,256\training.log,64,z=256
lr=0.001_z=256_bs=64_seed=142,lr=0.001_z=256_bs=64_seed=142,0.001,0.001,256,64,142,lr=0.001_z=256_bs=64,"LR=0.001, z=256, batch size=64",40,169.72,2026-06-08 09:09:42.644,256,256\training.log,65,z=256
lr=0.001_z=256_bs=64_seed=142,lr=0.001_z=256_bs=64_seed=142,0.001,0.001,256,64,142,lr=0.001_z=256_bs=64,"LR=0.001, z=256, batch size=64",41,159.17,2026-06-08 09:11:03.669,256,256\training.log,66,z=256
lr=0.001_z=256_bs=64_seed=142,lr=0.001_z=256_bs=64_seed=142,0.001,0.001,256,64,142,lr=0.001_z=256_bs=64,"LR=0.001, z=256, batch size=64",42,161.77,2026-06-08 09:12:22.441,256,256\training.log,67,z=256
lr=0.001_z=256_bs=64_seed=142,lr=0.001_z=256_bs=64_seed=142,0.001,0.001,256,64,142,lr=0.001_z=256_bs=64,"LR=0.001, z=256, batch size=64",43,155.46,2026-06-08 09:13:50.523,256,256\training.log,69,z=256
lr=0.001_z=256_bs=64_seed=142,lr=0.001_z=256_bs=64_seed=142,0.001,0.001,256,64,142,lr=0.001_z=256_bs=64,"LR=0.001, z=256, batch size=64",44,155.92,2026-06-08 09:15:09.302,256,256\training.log,70,z=256
lr=0.001_z=256_bs=64_seed=142,lr=0.001_z=256_bs=64_seed=142,0.001,0.001,256,64,142,lr=0.001_z=256_bs=64,"LR=0.001, z=256, batch size=64",45,155.21,2026-06-08 09:16:39.292,256,256\training.log,72,z=256
lr=0.001_z=256_bs=64_seed=142,lr=0.001_z=256_bs=64_seed=142,0.001,0.001,256,64,142,lr=0.001_z=256_bs=64,"LR=0.001, z=256, batch size=64",46,161.06,2026-06-08 09:17:59.426,256,256\training.log,73,z=256
lr=0.001_z=256_bs=64_seed=142,lr=0.001_z=256_bs=64_seed=142,0.001,0.001,256,64,142,lr=0.001_z=256_bs=64,"LR=0.001, z=256, batch size=64",47,153.36,2026-06-08 09:19:21.026,256,256\training.log,75,z=256
lr=0.001_z=256_bs=64_seed=142,lr=0.001_z=256_bs=64_seed=142,0.001,0.001,256,64,142,lr=0.001_z=256_bs=64,"LR=0.001, z=256, batch size=64",48,155.73,2026-06-08 09:21:02.276,256,256\training.log,76,z=256
lr=0.001_z=256_bs=64_seed=142,lr=0.001_z=256_bs=64_seed=142,0.001,0.001,256,64,142,lr=0.001_z=256_bs=64,"LR=0.001, z=256, batch size=64",49,159.73,2026-06-08 09:22:22.239,256,256\training.log,77,z=256
lr=0.001_z=256_bs=64_seed=142,lr=0.001_z=256_bs=64_seed=142,0.001,0.001,256,64,142,lr=0.001_z=256_bs=64,"LR=0.001, z=256, batch size=64",50,147.49,2026-06-08 09:23:54.416,256,256\training.log,79,z=256
lr=0.001_z=256_bs=64_seed=142,lr=0.001_z=256_bs=64_seed=142,0.001,0.001,256,64,142,lr=0.001_z=256_bs=64,"LR=0.001, z=256, batch size=64",51,156.25,2026-06-08 09:25:15.122,256,256\training.log,80,z=256
lr=0.001_z=256_bs=64_seed=142,lr=0.001_z=256_bs=64_seed=142,0.001,0.001,256,64,142,lr=0.001_z=256_bs=64,"LR=0.001, z=256, batch size=64",52,149.43,2026-06-08 09:26:36.569,256,256\training.log,81,z=256
lr=0.001_z=256_bs=64_seed=142,lr=0.001_z=256_bs=64_seed=142,0.001,0.001,256,64,142,lr=0.001_z=256_bs=64,"LR=0.001, z=256, batch size=64",53,142.92,2026-06-08 09:27:58.104,256,256\training.log,83,z=256
lr=0.001_z=256_bs=64_seed=142,lr=0.001_z=256_bs=64_seed=142,0.001,0.001,256,64,142,lr=0.001_z=256_bs=64,"LR=0.001, z=256, batch size=64",54,150.33,2026-06-08 09:29:19.615,256,256\training.log,84,z=256
lr=0.001_z=256_bs=64_seed=142,lr=0.001_z=256_bs=64_seed=142,0.001,0.001,256,64,142,lr=0.001_z=256_bs=64,"LR=0.001, z=256, batch size=64",55,149.94,2026-06-08 09:30:49.569,256,256\training.log,85,z=256
lr=0.001_z=256_bs=64_seed=142,lr=0.001_z=256_bs=64_seed=142,0.001,0.001,256,64,142,lr=0.001_z=256_bs=64,"LR=0.001, z=256, batch size=64",56,150.64,2026-06-08 09:32:10.312,256,256\training.log,86,z=256
lr=0.001_z=256_bs=64_seed=142,lr=0.001_z=256_bs=64_seed=142,0.001,0.001,256,64,142,lr=0.001_z=256_bs=64,"LR=0.001, z=256, batch size=64",57,149.24,2026-06-08 09:33:41.092,256,256\training.log,87,z=256
lr=0.001_z=256_bs=64_seed=142,lr=0.001_z=256_bs=64_seed=142,0.001,0.001,256,64,142,lr=0.001_z=256_bs=64,"LR=0.001, z=256, batch size=64",58,153.94,2026-06-08 09:35:01.345,256,256\training.log,88,z=256
lr=0.001_z=256_bs=64_seed=142,lr=0.001_z=256_bs=64_seed=142,0.001,0.001,256,64,142,lr=0.001_z=256_bs=64,"LR=0.001, z=256, batch size=64",59,151.04,2026-06-08 09:36:21.584,256,256\training.log,89,z=256
lr=0.001_z=256_bs=64_seed=142,lr=0.001_z=256_bs=64_seed=142,0.001,0.001,256,64,142,lr=0.001_z=256_bs=64,"LR=0.001, z=256, batch size=64",60,144.38,2026-06-08 09:38:02.265,256,256\training.log,90,z=256
lr=0.001_z=256_bs=64_seed=142,lr=0.001_z=256_bs=64_seed=142,0.001,0.001,256,64,142,lr=0.001_z=256_bs=64,"LR=0.001, z=256, batch size=64",61,157.19,2026-06-08 09:39:21.255,256,256\training.log,91,z=256
lr=0.001_z=256_bs=64_seed=142,lr=0.001_z=256_bs=64_seed=142,0.001,0.001,256,64,142,lr=0.001_z=256_bs=64,"LR=0.001, z=256, batch size=64",62,144.65,2026-06-08 09:40:50.060,256,256\training.log,92,z=256
lr=0.001_z=256_bs=64_seed=142,lr=0.001_z=256_bs=64_seed=142,0.001,0.001,256,64,142,lr=0.001_z=256_bs=64,"LR=0.001, z=256, batch size=64",63,146.73,2026-06-08 09:42:08.403,256,256\training.log,93,z=256
lr=0.001_z=256_bs=64_seed=142,lr=0.001_z=256_bs=64_seed=142,0.001,0.001,256,64,142,lr=0.001_z=256_bs=64,"LR=0.001, z=256, batch size=64",64,151.24,2026-06-08 09:43:27.295,256,256\training.log,94,z=256
lr=0.001_z=256_bs=64_seed=142,lr=0.001_z=256_bs=64_seed=142,0.001,0.001,256,64,142,lr=0.001_z=256_bs=64,"LR=0.001, z=256, batch size=64",65,151.29,2026-06-08 09:44:46.260,256,256\training.log,95,z=256
lr=0.001_z=256_bs=64_seed=142,lr=0.001_z=256_bs=64_seed=142,0.001,0.001,256,64,142,lr=0.001_z=256_bs=64,"LR=0.001, z=256, batch size=64",66,143.06,2026-06-08 09:46:05.249,256,256\training.log,96,z=256
lr=0.001_z=256_bs=64_seed=142,lr=0.001_z=256_bs=64_seed=142,0.001,0.001,256,64,142,lr=0.001_z=256_bs=64,"LR=0.001, z=256, batch size=64",67,143.52,2026-06-08 09:47:35.408,256,256\training.log,97,z=256
lr=0.001_z=256_bs=64_seed=142,lr=0.001_z=256_bs=64_seed=142,0.001,0.001,256,64,142,lr=0.001_z=256_bs=64,"LR=0.001, z=256, batch size=64",68,141.64,2026-06-08 09:48:54.792,256,256\training.log,99,z=256
lr=0.001_z=256_bs=64_seed=142,lr=0.001_z=256_bs=64_seed=142,0.001,0.001,256,64,142,lr=0.001_z=256_bs=64,"LR=0.001, z=256, batch size=64",69,148.84,2026-06-08 09:50:23.188,256,256\training.log,100,z=256
lr=0.001_z=256_bs=64_seed=142,lr=0.001_z=256_bs=64_seed=142,0.001,0.001,256,64,142,lr=0.001_z=256_bs=64,"LR=0.001, z=256, batch size=64",70,149.58,2026-06-08 09:51:43.174,256,256\training.log,101,z=256
lr=0.001_z=256_bs=64_seed=142,lr=0.001_z=256_bs=64_seed=142,0.001,0.001,256,64,142,lr=0.001_z=256_bs=64,"LR=0.001, z=256, batch size=64",71,151.51,2026-06-08 09:53:03.770,256,256\training.log,102,z=256
lr=0.001_z=256_bs=64_seed=142,lr=0.001_z=256_bs=64_seed=142,0.001,0.001,256,64,142,lr=0.001_z=256_bs=64,"LR=0.001, z=256, batch size=64",72,144.98,2026-06-08 09:54:42.929,256,256\training.log,103,z=256
lr=0.001_z=256_bs=64_seed=142,lr=0.001_z=256_bs=64_seed=142,0.001,0.001,256,64,142,lr=0.001_z=256_bs=64,"LR=0.001, z=256, batch size=64",73,145.14,2026-06-08 09:56:00.744,256,256\training.log,104,z=256
lr=0.001_z=256_bs=64_seed=142,lr=0.001_z=256_bs=64_seed=142,0.001,0.001,256,64,142,lr=0.001_z=256_bs=64,"LR=0.001, z=256, batch size=64",74,148.73,2026-06-08 09:57:29.796,256,256\training.log,105,z=256
lr=0.001_z=256_bs=64_seed=142,lr=0.001_z=256_bs=64_seed=142,0.001,0.001,256,64,142,lr=0.001_z=256_bs=64,"LR=0.001, z=256, batch size=64",75,152.54,2026-06-08 09:58:48.477,256,256\training.log,106,z=256
lr=0.001_z=256_bs=64_seed=142,lr=0.001_z=256_bs=64_seed=142,0.001,0.001,256,64,142,lr=0.001_z=256_bs=64,"LR=0.001, z=256, batch size=64",76,147.91,2026-06-08 10:00:27.354,256,256\training.log,107,z=256
lr=0.001_z=256_bs=64_seed=142,lr=0.001_z=256_bs=64_seed=142,0.001,0.001,256,64,142,lr=0.001_z=256_bs=64,"LR=0.001, z=256, batch size=64",77,143.59,2026-06-08 10:01:47.823,256,256\training.log,108,z=256
lr=0.001_z=256_bs=64_seed=142,lr=0.001_z=256_bs=64_seed=142,0.001,0.001,256,64,142,lr=0.001_z=256_bs=64,"LR=0.001, z=256, batch size=64",78,150.34,2026-06-08 10:03:08.310,256,256\training.log,109,z=256
lr=0.001_z=256_bs=64_seed=142,lr=0.001_z=256_bs=64_seed=142,0.001,0.001,256,64,142,lr=0.001_z=256_bs=64,"LR=0.001, z=256, batch size=64",79,134.46,2026-06-08 10:04:37.428,256,256\training.log,111,z=256
lr=0.001_z=256_bs=64_seed=142,lr=0.001_z=256_bs=64_seed=142,0.001,0.001,256,64,142,lr=0.001_z=256_bs=64,"LR=0.001, z=256, batch size=64",80,147.96,2026-06-08 10:05:56.607,256,256\training.log,112,z=256
lr=0.001_z=256_bs=64_seed=142,lr=0.001_z=256_bs=64_seed=142,0.001,0.001,256,64,142,lr=0.001_z=256_bs=64,"LR=0.001, z=256, batch size=64",81,144.21,2026-06-08 10:07:26.551,256,256\training.log,113,z=256
lr=0.001_z=256_bs=64_seed=142,lr=0.001_z=256_bs=64_seed=142,0.001,0.001,256,64,142,lr=0.001_z=256_bs=64,"LR=0.001, z=256, batch size=64",82,148.34,2026-06-08 10:08:45.558,256,256\training.log,114,z=256
lr=0.001_z=256_bs=64_seed=142,lr=0.001_z=256_bs=64_seed=142,0.001,0.001,256,64,142,lr=0.001_z=256_bs=64,"LR=0.001, z=256, batch size=64",83,153.45,2026-06-08 10:10:04.279,256,256\training.log,115,z=256
lr=0.001_z=256_bs=64_seed=142,lr=0.001_z=256_bs=64_seed=142,0.001,0.001,256,64,142,lr=0.001_z=256_bs=64,"LR=0.001, z=256, batch size=64",84,155.09,2026-06-08 10:11:26.219,256,256\training.log,116,z=256
lr=0.001_z=256_bs=64_seed=142,lr=0.001_z=256_bs=64_seed=142,0.001,0.001,256,64,142,lr=0.001_z=256_bs=64,"LR=0.001, z=256, batch size=64",85,151.36,2026-06-08 10:12:46.454,256,256\training.log,117,z=256
lr=0.001_z=256_bs=64_seed=142,lr=0.001_z=256_bs=64_seed=142,0.001,0.001,256,64,142,lr=0.001_z=256_bs=64,"LR=0.001, z=256, batch size=64",86,145.04,2026-06-08 10:14:15.452,256,256\training.log,118,z=256
lr=0.001_z=256_bs=64_seed=142,lr=0.001_z=256_bs=64_seed=142,0.001,0.001,256,64,142,lr=0.001_z=256_bs=64,"LR=0.001, z=256, batch size=64",87,130.48,2026-06-08 10:15:33.753,256,256\training.log,120,z=256
lr=0.001_z=256_bs=64_seed=142,lr=0.001_z=256_bs=64_seed=142,0.001,0.001,256,64,142,lr=0.001_z=256_bs=64,"LR=0.001, z=256, batch size=64",88,146.29,2026-06-08 10:17:03.629,256,256\training.log,121,z=256
lr=0.001_z=256_bs=64_seed=142,lr=0.001_z=256_bs=64_seed=142,0.001,0.001,256,64,142,lr=0.001_z=256_bs=64,"LR=0.001, z=256, batch size=64",89,143.6,2026-06-08 10:18:23.920,256,256\training.log,122,z=256
lr=0.001_z=256_bs=64_seed=142,lr=0.001_z=256_bs=64_seed=142,0.001,0.001,256,64,142,lr=0.001_z=256_bs=64,"LR=0.001, z=256, batch size=64",90,144.6,2026-06-08 10:19:43.717,256,256\training.log,123,z=256
lr=0.001_z=256_bs=64_seed=142,lr=0.001_z=256_bs=64_seed=142,0.001,0.001,256,64,142,lr=0.001_z=256_bs=64,"LR=0.001, z=256, batch size=64",91,152.51,2026-06-08 10:21:15.648,256,256\training.log,124,z=256
lr=0.001_z=256_bs=64_seed=142,lr=0.001_z=256_bs=64_seed=142,0.001,0.001,256,64,142,lr=0.001_z=256_bs=64,"LR=0.001, z=256, batch size=64",92,146.84,2026-06-08 10:22:35.494,256,256\training.log,125,z=256
lr=0.001_z=256_bs=64_seed=142,lr=0.001_z=256_bs=64_seed=142,0.001,0.001,256,64,142,lr=0.001_z=256_bs=64,"LR=0.001, z=256, batch size=64",93,144.57,2026-06-08 10:24:04.827,256,256\training.log,126,z=256
lr=0.001_z=256_bs=64_seed=142,lr=0.001_z=256_bs=64_seed=142,0.001,0.001,256,64,142,lr=0.001_z=256_bs=64,"LR=0.001, z=256, batch size=64",94,148.55,2026-06-08 10:25:23.256,256,256\training.log,127,z=256
lr=0.001_z=256_bs=64_seed=142,lr=0.001_z=256_bs=64_seed=142,0.001,0.001,256,64,142,lr=0.001_z=256_bs=64,"LR=0.001, z=256, batch size=64",95,141.71,2026-06-08 10:26:42.962,256,256\training.log,128,z=256
lr=0.001_z=256_bs=64_seed=142,lr=0.001_z=256_bs=64_seed=142,0.001,0.001,256,64,142,lr=0.001_z=256_bs=64,"LR=0.001, z=256, batch size=64",96,148.96,2026-06-08 10:28:01.900,256,256\training.log,129,z=256
lr=0.001_z=256_bs=64_seed=142,lr=0.001_z=256_bs=64_seed=142,0.001,0.001,256,64,142,lr=0.001_z=256_bs=64,"LR=0.001, z=256, batch size=64",97,141.58,2026-06-08 10:29:19.853,256,256\training.log,130,z=256
lr=0.001_z=256_bs=64_seed=142,lr=0.001_z=256_bs=64_seed=142,0.001,0.001,256,64,142,lr=0.001_z=256_bs=64,"LR=0.001, z=256, batch size=64",98,157.21,2026-06-08 10:30:47.893,256,256\training.log,131,z=256
lr=0.001_z=256_bs=64_seed=142,lr=0.001_z=256_bs=64_seed=142,0.001,0.001,256,64,142,lr=0.001_z=256_bs=64,"LR=0.001, z=256, batch size=64",99,145.26,2026-06-08 10:32:06.225,256,256\training.log,132,z=256
lr=0.001_z=256_bs=64_seed=142,lr=0.001_z=256_bs=64_seed=142,0.001,0.001,256,64,142,lr=0.001_z=256_bs=64,"LR=0.001, z=256, batch size=64",100,155.6,2026-06-08 10:33:34.785,256,256\training.log,133,z=256
lr=0.001_z=256_bs=64_seed=242,lr=0.001_z=256_bs=64_seed=242,0.001,0.001,256,64,242,lr=0.001_z=256_bs=64,"LR=0.001, z=256, batch size=64",1,263.52,2026-06-08 10:41:48.981,256,256\training.log,141,z=256
lr=0.001_z=256_bs=64_seed=242,lr=0.001_z=256_bs=64_seed=242,0.001,0.001,256,64,242,lr=0.001_z=256_bs=64,"LR=0.001, z=256, batch size=64",2,339.27,2026-06-08 10:43:14.099,256,256\training.log,142,z=256
lr=0.001_z=256_bs=64_seed=242,lr=0.001_z=256_bs=64_seed=242,0.001,0.001,256,64,242,lr=0.001_z=256_bs=64,"LR=0.001, z=256, batch size=64",3,291.78,2026-06-08 10:44:38.567,256,256\training.log,143,z=256
lr=0.001_z=256_bs=64_seed=242,lr=0.001_z=256_bs=64_seed=242,0.001,0.001,256,64,242,lr=0.001_z=256_bs=64,"LR=0.001, z=256, batch size=64",4,279.66,2026-06-08 10:46:20.751,256,256\training.log,144,z=256
lr=0.001_z=256_bs=64_seed=242,lr=0.001_z=256_bs=64_seed=242,0.001,0.001,256,64,242,lr=0.001_z=256_bs=64,"LR=0.001, z=256, batch size=64",5,309.57,2026-06-08 10:47:43.260,256,256\training.log,145,z=256
lr=0.001_z=256_bs=64_seed=242,lr=0.001_z=256_bs=64_seed=242,0.001,0.001,256,64,242,lr=0.001_z=256_bs=64,"LR=0.001, z=256, batch size=64",6,274.72,2026-06-08 10:49:03.975,256,256\training.log,146,z=256
lr=0.001_z=256_bs=64_seed=242,lr=0.001_z=256_bs=64_seed=242,0.001,0.001,256,64,242,lr=0.001_z=256_bs=64,"LR=0.001, z=256, batch size=64",7,275.82,2026-06-08 10:50:34.489,256,256\training.log,147,z=256
lr=0.001_z=256_bs=64_seed=242,lr=0.001_z=256_bs=64_seed=242,0.001,0.001,256,64,242,lr=0.001_z=256_bs=64,"LR=0.001, z=256, batch size=64",8,272.88,2026-06-08 10:51:54.471,256,256\training.log,148,z=256
lr=0.001_z=256_bs=64_seed=242,lr=0.001_z=256_bs=64_seed=242,0.001,0.001,256,64,242,lr=0.001_z=256_bs=64,"LR=0.001, z=256, batch size=64",9,285.18,2026-06-08 10:53:24.643,256,256\training.log,149,z=256
lr=0.001_z=256_bs=64_seed=242,lr=0.001_z=256_bs=64_seed=242,0.001,0.001,256,64,242,lr=0.001_z=256_bs=64,"LR=0.001, z=256, batch size=64",10,225.54,2026-06-08 10:54:44.084,256,256\training.log,151,z=256
lr=0.001_z=256_bs=64_seed=242,lr=0.001_z=256_bs=64_seed=242,0.001,0.001,256,64,242,lr=0.001_z=256_bs=64,"LR=0.001, z=256, batch size=64",11,255.79,2026-06-08 10:56:03.243,256,256\training.log,152,z=256
lr=0.001_z=256_bs=64_seed=242,lr=0.001_z=256_bs=64_seed=242,0.001,0.001,256,64,242,lr=0.001_z=256_bs=64,"LR=0.001, z=256, batch size=64",12,225.39,2026-06-08 10:57:43.881,256,256\training.log,154,z=256
lr=0.001_z=256_bs=64_seed=242,lr=0.001_z=256_bs=64_seed=242,0.001,0.001,256,64,242,lr=0.001_z=256_bs=64,"LR=0.001, z=256, batch size=64",13,234.07,2026-06-08 10:59:03.682,256,256\training.log,155,z=256
lr=0.001_z=256_bs=64_seed=242,lr=0.001_z=256_bs=64_seed=242,0.001,0.001,256,64,242,lr=0.001_z=256_bs=64,"LR=0.001, z=256, batch size=64",14,215.33,2026-06-08 11:00:34.315,256,256\training.log,157,z=256
lr=0.001_z=256_bs=64_seed=242,lr=0.001_z=256_bs=64_seed=242,0.001,0.001,256,64,242,lr=0.001_z=256_bs=64,"LR=0.001, z=256, batch size=64",15,206.89,2026-06-08 11:01:54.336,256,256\training.log,159,z=256
lr=0.001_z=256_bs=64_seed=242,lr=0.001_z=256_bs=64_seed=242,0.001,0.001,256,64,242,lr=0.001_z=256_bs=64,"LR=0.001, z=256, batch size=64",16,202.03,2026-06-08 11:03:16.042,256,256\training.log,161,z=256
lr=0.001_z=256_bs=64_seed=242,lr=0.001_z=256_bs=64_seed=242,0.001,0.001,256,64,242,lr=0.001_z=256_bs=64,"LR=0.001, z=256, batch size=64",17,199.82,2026-06-08 11:04:37.347,256,256\training.log,163,z=256
lr=0.001_z=256_bs=64_seed=242,lr=0.001_z=256_bs=64_seed=242,0.001,0.001,256,64,242,lr=0.001_z=256_bs=64,"LR=0.001, z=256, batch size=64",18,194.18,2026-06-08 11:06:00.057,256,256\training.log,165,z=256
lr=0.001_z=256_bs=64_seed=242,lr=0.001_z=256_bs=64_seed=242,0.001,0.001,256,64,242,lr=0.001_z=256_bs=64,"LR=0.001, z=256, batch size=64",19,185.68,2026-06-08 11:07:31.505,256,256\training.log,167,z=256
lr=0.001_z=256_bs=64_seed=242,lr=0.001_z=256_bs=64_seed=242,0.001,0.001,256,64,242,lr=0.001_z=256_bs=64,"LR=0.001, z=256, batch size=64",20,183.93,2026-06-08 11:08:52.928,256,256\training.log,169,z=256
lr=0.001_z=256_bs=64_seed=242,lr=0.001_z=256_bs=64_seed=242,0.001,0.001,256,64,242,lr=0.001_z=256_bs=64,"LR=0.001, z=256, batch size=64",21,173.52,2026-06-08 11:10:30.758,256,256\training.log,171,z=256
lr=0.001_z=256_bs=64_seed=242,lr=0.001_z=256_bs=64_seed=242,0.001,0.001,256,64,242,lr=0.001_z=256_bs=64,"LR=0.001, z=256, batch size=64",22,172.82,2026-06-08 11:11:57.066,256,256\training.log,173,z=256
lr=0.001_z=256_bs=64_seed=242,lr=0.001_z=256_bs=64_seed=242,0.001,0.001,256,64,242,lr=0.001_z=256_bs=64,"LR=0.001, z=256, batch size=64",23,181.6,2026-06-08 11:13:21.083,256,256\training.log,174,z=256
lr=0.001_z=256_bs=64_seed=242,lr=0.001_z=256_bs=64_seed=242,0.001,0.001,256,64,242,lr=0.001_z=256_bs=64,"LR=0.001, z=256, batch size=64",24,173.48,2026-06-08 11:15:07.438,256,256\training.log,175,z=256
lr=0.001_z=256_bs=64_seed=242,lr=0.001_z=256_bs=64_seed=242,0.001,0.001,256,64,242,lr=0.001_z=256_bs=64,"LR=0.001, z=256, batch size=64",25,170.27,2026-06-08 11:16:33.866,256,256\training.log,177,z=256
lr=0.001_z=256_bs=64_seed=242,lr=0.001_z=256_bs=64_seed=242,0.001,0.001,256,64,242,lr=0.001_z=256_bs=64,"LR=0.001, z=256, batch size=64",26,163.72,2026-06-08 11:18:10.683,256,256\training.log,179,z=256
lr=0.001_z=256_bs=64_seed=242,lr=0.001_z=256_bs=64_seed=242,0.001,0.001,256,64,242,lr=0.001_z=256_bs=64,"LR=0.001, z=256, batch size=64",27,163.1,2026-06-08 11:19:35.164,256,256\training.log,181,z=256
lr=0.001_z=256_bs=64_seed=242,lr=0.001_z=256_bs=64_seed=242,0.001,0.001,256,64,242,lr=0.001_z=256_bs=64,"LR=0.001, z=256, batch size=64",28,167.98,2026-06-08 11:21:00.212,256,256\training.log,182,z=256
lr=0.001_z=256_bs=64_seed=242,lr=0.001_z=256_bs=64_seed=242,0.001,0.001,256,64,242,lr=0.001_z=256_bs=64,"LR=0.001, z=256, batch size=64",29,166.7,2026-06-08 11:22:22.649,256,256\training.log,183,z=256
lr=0.001_z=256_bs=64_seed=242,lr=0.001_z=256_bs=64_seed=242,0.001,0.001,256,64,242,lr=0.001_z=256_bs=64,"LR=0.001, z=256, batch size=64",30,158.77,2026-06-08 11:23:45.022,256,256\training.log,185,z=256
lr=0.001_z=256_bs=64_seed=242,lr=0.001_z=256_bs=64_seed=242,0.001,0.001,256,64,242,lr=0.001_z=256_bs=64,"LR=0.001, z=256, batch size=64",31,151.71,2026-06-08 11:25:16.634,256,256\training.log,187,z=256
lr=0.001_z=256_bs=64_seed=242,lr=0.001_z=256_bs=64_seed=242,0.001,0.001,256,64,242,lr=0.001_z=256_bs=64,"LR=0.001, z=256, batch size=64",32,153.11,2026-06-08 11:26:39.485,256,256\training.log,188,z=256
lr=0.001_z=256_bs=64_seed=242,lr=0.001_z=256_bs=64_seed=242,0.001,0.001,256,64,242,lr=0.001_z=256_bs=64,"LR=0.001, z=256, batch size=64",33,170.26,2026-06-08 11:28:09.518,256,256\training.log,189,z=256
lr=0.001_z=256_bs=64_seed=242,lr=0.001_z=256_bs=64_seed=242,0.001,0.001,256,64,242,lr=0.001_z=256_bs=64,"LR=0.001, z=256, batch size=64",34,157.65,2026-06-08 11:29:29.709,256,256\training.log,190,z=256
lr=0.001_z=256_bs=64_seed=242,lr=0.001_z=256_bs=64_seed=242,0.001,0.001,256,64,242,lr=0.001_z=256_bs=64,"LR=0.001, z=256, batch size=64",35,164.91,2026-06-08 11:30:49.606,256,256\training.log,191,z=256
lr=0.001_z=256_bs=64_seed=242,lr=0.001_z=256_bs=64_seed=242,0.001,0.001,256,64,242,lr=0.001_z=256_bs=64,"LR=0.001, z=256, batch size=64",36,161.49,2026-06-08 11:32:09.716,256,256\training.log,192,z=256
lr=0.001_z=256_bs=64_seed=242,lr=0.001_z=256_bs=64_seed=242,0.001,0.001,256,64,242,lr=0.001_z=256_bs=64,"LR=0.001, z=256, batch size=64",37,163.14,2026-06-08 11:33:29.098,256,256\training.log,193,z=256
lr=0.001_z=256_bs=64_seed=242,lr=0.001_z=256_bs=64_seed=242,0.001,0.001,256,64,242,lr=0.001_z=256_bs=64,"LR=0.001, z=256, batch size=64",38,155.98,2026-06-08 11:34:59.987,256,256\training.log,194,z=256
lr=0.001_z=256_bs=64_seed=242,lr=0.001_z=256_bs=64_seed=242,0.001,0.001,256,64,242,lr=0.001_z=256_bs=64,"LR=0.001, z=256, batch size=64",39,150.53,2026-06-08 11:36:20.184,256,256\training.log,196,z=256
lr=0.001_z=256_bs=64_seed=242,lr=0.001_z=256_bs=64_seed=242,0.001,0.001,256,64,242,lr=0.001_z=256_bs=64,"LR=0.001, z=256, batch size=64",40,150.23,2026-06-08 11:37:40.349,256,256\training.log,198,z=256
lr=0.001_z=256_bs=64_seed=242,lr=0.001_z=256_bs=64_seed=242,0.001,0.001,256,64,242,lr=0.001_z=256_bs=64,"LR=0.001, z=256, batch size=64",41,156.86,2026-06-08 11:38:59.929,256,256\training.log,199,z=256
lr=0.001_z=256_bs=64_seed=242,lr=0.001_z=256_bs=64_seed=242,0.001,0.001,256,64,242,lr=0.001_z=256_bs=64,"LR=0.001, z=256, batch size=64",42,156.54,2026-06-08 11:40:18.661,256,256\training.log,200,z=256
lr=0.001_z=256_bs=64_seed=242,lr=0.001_z=256_bs=64_seed=242,0.001,0.001,256,64,242,lr=0.001_z=256_bs=64,"LR=0.001, z=256, batch size=64",43,151.41,2026-06-08 11:41:50.759,256,256\training.log,201,z=256
lr=0.001_z=256_bs=64_seed=242,lr=0.001_z=256_bs=64_seed=242,0.001,0.001,256,64,242,lr=0.001_z=256_bs=64,"LR=0.001, z=256, batch size=64",44,155.0,2026-06-08 11:43:11.736,256,256\training.log,202,z=256
lr=0.001_z=256_bs=64_seed=242,lr=0.001_z=256_bs=64_seed=242,0.001,0.001,256,64,242,lr=0.001_z=256_bs=64,"LR=0.001, z=256, batch size=64",45,160.04,2026-06-08 11:44:32.216,256,256\training.log,203,z=256
lr=0.001_z=256_bs=64_seed=242,lr=0.001_z=256_bs=64_seed=242,0.001,0.001,256,64,242,lr=0.001_z=256_bs=64,"LR=0.001, z=256, batch size=64",46,144.27,2026-06-08 11:45:52.171,256,256\training.log,205,z=256
lr=0.001_z=256_bs=64_seed=242,lr=0.001_z=256_bs=64_seed=242,0.001,0.001,256,64,242,lr=0.001_z=256_bs=64,"LR=0.001, z=256, batch size=64",47,147.23,2026-06-08 11:47:12.163,256,256\training.log,206,z=256
lr=0.001_z=256_bs=64_seed=242,lr=0.001_z=256_bs=64_seed=242,0.001,0.001,256,64,242,lr=0.001_z=256_bs=64,"LR=0.001, z=256, batch size=64",48,157.49,2026-06-08 11:48:44.632,256,256\training.log,207,z=256
lr=0.001_z=256_bs=64_seed=242,lr=0.001_z=256_bs=64_seed=242,0.001,0.001,256,64,242,lr=0.001_z=256_bs=64,"LR=0.001, z=256, batch size=64",49,145.54,2026-06-08 11:50:04.519,256,256\training.log,208,z=256
lr=0.001_z=256_bs=64_seed=242,lr=0.001_z=256_bs=64_seed=242,0.001,0.001,256,64,242,lr=0.001_z=256_bs=64,"LR=0.001, z=256, batch size=64",50,150.43,2026-06-08 11:51:35.844,256,256\training.log,209,z=256
lr=0.001_z=256_bs=64_seed=242,lr=0.001_z=256_bs=64_seed=242,0.001,0.001,256,64,242,lr=0.001_z=256_bs=64,"LR=0.001, z=256, batch size=64",51,147.77,2026-06-08 11:52:55.381,256,256\training.log,210,z=256
lr=0.001_z=256_bs=64_seed=242,lr=0.001_z=256_bs=64_seed=242,0.001,0.001,256,64,242,lr=0.001_z=256_bs=64,"LR=0.001, z=256, batch size=64",52,147.69,2026-06-08 11:54:16.391,256,256\training.log,211,z=256
lr=0.001_z=256_bs=64_seed=242,lr=0.001_z=256_bs=64_seed=242,0.001,0.001,256,64,242,lr=0.001_z=256_bs=64,"LR=0.001, z=256, batch size=64",53,145.9,2026-06-08 11:55:37.096,256,256\training.log,212,z=256
lr=0.001_z=256_bs=64_seed=242,lr=0.001_z=256_bs=64_seed=242,0.001,0.001,256,64,242,lr=0.001_z=256_bs=64,"LR=0.001, z=256, batch size=64",54,149.64,2026-06-08 11:56:57.707,256,256\training.log,213,z=256
lr=0.001_z=256_bs=64_seed=242,lr=0.001_z=256_bs=64_seed=242,0.001,0.001,256,64,242,lr=0.001_z=256_bs=64,"LR=0.001, z=256, batch size=64",55,147.69,2026-06-08 11:58:29.057,256,256\training.log,214,z=256
lr=0.001_z=256_bs=64_seed=242,lr=0.001_z=256_bs=64_seed=242,0.001,0.001,256,64,242,lr=0.001_z=256_bs=64,"LR=0.001, z=256, batch size=64",56,140.43,2026-06-08 11:59:49.740,256,256\training.log,216,z=256
lr=0.001_z=256_bs=64_seed=242,lr=0.001_z=256_bs=64_seed=242,0.001,0.001,256,64,242,lr=0.001_z=256_bs=64,"LR=0.001, z=256, batch size=64",57,144.19,2026-06-08 12:01:18.709,256,256\training.log,217,z=256
lr=0.001_z=256_bs=64_seed=242,lr=0.001_z=256_bs=64_seed=242,0.001,0.001,256,64,242,lr=0.001_z=256_bs=64,"LR=0.001, z=256, batch size=64",58,140.16,2026-06-08 12:02:38.021,256,256\training.log,219,z=256
lr=0.001_z=256_bs=64_seed=242,lr=0.001_z=256_bs=64_seed=242,0.001,0.001,256,64,242,lr=0.001_z=256_bs=64,"LR=0.001, z=256, batch size=64",59,141.37,2026-06-08 12:03:57.344,256,256\training.log,220,z=256
lr=0.001_z=256_bs=64_seed=242,lr=0.001_z=256_bs=64_seed=242,0.001,0.001,256,64,242,lr=0.001_z=256_bs=64,"LR=0.001, z=256, batch size=64",60,144.43,2026-06-08 12:05:26.969,256,256\training.log,221,z=256
lr=0.001_z=256_bs=64_seed=242,lr=0.001_z=256_bs=64_seed=242,0.001,0.001,256,64,242,lr=0.001_z=256_bs=64,"LR=0.001, z=256, batch size=64",61,147.89,2026-06-08 12:06:47.581,256,256\training.log,222,z=256
lr=0.001_z=256_bs=64_seed=242,lr=0.001_z=256_bs=64_seed=242,0.001,0.001,256,64,242,lr=0.001_z=256_bs=64,"LR=0.001, z=256, batch size=64",62,139.17,2026-06-08 12:08:17.623,256,256\training.log,224,z=256
lr=0.001_z=256_bs=64_seed=242,lr=0.001_z=256_bs=64_seed=242,0.001,0.001,256,64,242,lr=0.001_z=256_bs=64,"LR=0.001, z=256, batch size=64",63,136.86,2026-06-08 12:09:37.874,256,256\training.log,226,z=256
lr=0.001_z=256_bs=64_seed=242,lr=0.001_z=256_bs=64_seed=242,0.001,0.001,256,64,242,lr=0.001_z=256_bs=64,"LR=0.001, z=256, batch size=64",64,136.67,2026-06-08 12:11:00.306,256,256\training.log,228,z=256
lr=0.001_z=256_bs=64_seed=242,lr=0.001_z=256_bs=64_seed=242,0.001,0.001,256,64,242,lr=0.001_z=256_bs=64,"LR=0.001, z=256, batch size=64",65,151.77,2026-06-08 12:12:22.679,256,256\training.log,229,z=256
lr=0.001_z=256_bs=64_seed=242,lr=0.001_z=256_bs=64_seed=242,0.001,0.001,256,64,242,lr=0.001_z=256_bs=64,"LR=0.001, z=256, batch size=64",66,144.43,2026-06-08 12:13:43.557,256,256\training.log,230,z=256
lr=0.001_z=256_bs=64_seed=242,lr=0.001_z=256_bs=64_seed=242,0.001,0.001,256,64,242,lr=0.001_z=256_bs=64,"LR=0.001, z=256, batch size=64",67,134.62,2026-06-08 12:15:14.851,256,256\training.log,232,z=256
lr=0.001_z=256_bs=64_seed=242,lr=0.001_z=256_bs=64_seed=242,0.001,0.001,256,64,242,lr=0.001_z=256_bs=64,"LR=0.001, z=256, batch size=64",68,154.93,2026-06-08 12:16:34.875,256,256\training.log,233,z=256
lr=0.001_z=256_bs=64_seed=242,lr=0.001_z=256_bs=64_seed=242,0.001,0.001,256,64,242,lr=0.001_z=256_bs=64,"LR=0.001, z=256, batch size=64",69,141.55,2026-06-08 12:18:05.074,256,256\training.log,234,z=256
lr=0.001_z=256_bs=64_seed=242,lr=0.001_z=256_bs=64_seed=242,0.001,0.001,256,64,242,lr=0.001_z=256_bs=64,"LR=0.001, z=256, batch size=64",70,146.86,2026-06-08 12:19:27.003,256,256\training.log,235,z=256
lr=0.001_z=256_bs=64_seed=242,lr=0.001_z=256_bs=64_seed=242,0.001,0.001,256,64,242,lr=0.001_z=256_bs=64,"LR=0.001, z=256, batch size=64",71,156.2,2026-06-08 12:20:48.473,256,256\training.log,236,z=256
lr=0.001_z=256_bs=64_seed=242,lr=0.001_z=256_bs=64_seed=242,0.001,0.001,256,64,242,lr=0.001_z=256_bs=64,"LR=0.001, z=256, batch size=64",72,146.17,2026-06-08 12:27:24.619,256,256\training.log,237,z=256
lr=0.001_z=256_bs=64_seed=242,lr=0.001_z=256_bs=64_seed=242,0.001,0.001,256,64,242,lr=0.001_z=256_bs=64,"LR=0.001, z=256, batch size=64",73,142.71,2026-06-08 12:28:45.721,256,256\training.log,238,z=256
lr=0.001_z=256_bs=64_seed=242,lr=0.001_z=256_bs=64_seed=242,0.001,0.001,256,64,242,lr=0.001_z=256_bs=64,"LR=0.001, z=256, batch size=64",74,139.3,2026-06-08 12:30:26.734,256,256\training.log,239,z=256
lr=0.001_z=256_bs=64_seed=242,lr=0.001_z=256_bs=64_seed=242,0.001,0.001,256,64,242,lr=0.001_z=256_bs=64,"LR=0.001, z=256, batch size=64",75,134.41,2026-06-08 12:31:50.429,256,256\training.log,241,z=256
lr=0.001_z=256_bs=64_seed=242,lr=0.001_z=256_bs=64_seed=242,0.001,0.001,256,64,242,lr=0.001_z=256_bs=64,"LR=0.001, z=256, batch size=64",76,137.61,2026-06-08 12:33:15.280,256,256\training.log,242,z=256
lr=0.001_z=256_bs=64_seed=242,lr=0.001_z=256_bs=64_seed=242,0.001,0.001,256,64,242,lr=0.001_z=256_bs=64,"LR=0.001, z=256, batch size=64",77,138.62,2026-06-08 12:34:46.033,256,256\training.log,243,z=256
lr=0.001_z=256_bs=64_seed=242,lr=0.001_z=256_bs=64_seed=242,0.001,0.001,256,64,242,lr=0.001_z=256_bs=64,"LR=0.001, z=256, batch size=64",78,144.15,2026-06-08 12:36:06.607,256,256\training.log,244,z=256
lr=0.001_z=256_bs=64_seed=242,lr=0.001_z=256_bs=64_seed=242,0.001,0.001,256,64,242,lr=0.001_z=256_bs=64,"LR=0.001, z=256, batch size=64",79,140.86,2026-06-08 12:37:45.224,256,256\training.log,245,z=256
lr=0.001_z=256_bs=64_seed=242,lr=0.001_z=256_bs=64_seed=242,0.001,0.001,256,64,242,lr=0.001_z=256_bs=64,"LR=0.001, z=256, batch size=64",80,151.61,2026-06-08 12:39:16.308,256,256\training.log,246,z=256
lr=0.001_z=256_bs=64_seed=242,lr=0.001_z=256_bs=64_seed=242,0.001,0.001,256,64,242,lr=0.001_z=256_bs=64,"LR=0.001, z=256, batch size=64",81,141.39,2026-06-08 12:40:38.144,256,256\training.log,247,z=256
lr=0.001_z=256_bs=64_seed=242,lr=0.001_z=256_bs=64_seed=242,0.001,0.001,256,64,242,lr=0.001_z=256_bs=64,"LR=0.001, z=256, batch size=64",82,155.69,2026-06-08 12:42:19.317,256,256\training.log,248,z=256
lr=0.001_z=256_bs=64_seed=242,lr=0.001_z=256_bs=64_seed=242,0.001,0.001,256,64,242,lr=0.001_z=256_bs=64,"LR=0.001, z=256, batch size=64",83,154.0,2026-06-08 12:43:40.509,256,256\training.log,249,z=256
lr=0.001_z=256_bs=64_seed=242,lr=0.001_z=256_bs=64_seed=242,0.001,0.001,256,64,242,lr=0.001_z=256_bs=64,"LR=0.001, z=256, batch size=64",84,142.53,2026-06-08 12:45:10.786,256,256\training.log,250,z=256
lr=0.001_z=256_bs=64_seed=242,lr=0.001_z=256_bs=64_seed=242,0.001,0.001,256,64,242,lr=0.001_z=256_bs=64,"LR=0.001, z=256, batch size=64",85,153.01,2026-06-08 12:46:30.411,256,256\training.log,251,z=256
lr=0.001_z=256_bs=64_seed=242,lr=0.001_z=256_bs=64_seed=242,0.001,0.001,256,64,242,lr=0.001_z=256_bs=64,"LR=0.001, z=256, batch size=64",86,152.61,2026-06-08 12:48:00.310,256,256\training.log,252,z=256
lr=0.001_z=256_bs=64_seed=242,lr=0.001_z=256_bs=64_seed=242,0.001,0.001,256,64,242,lr=0.001_z=256_bs=64,"LR=0.001, z=256, batch size=64",87,148.81,2026-06-08 12:49:20.326,256,256\training.log,253,z=256
lr=0.001_z=256_bs=64_seed=242,lr=0.001_z=256_bs=64_seed=242,0.001,0.001,256,64,242,lr=0.001_z=256_bs=64,"LR=0.001, z=256, batch size=64",88,144.83,2026-06-08 12:50:40.619,256,256\training.log,254,z=256
lr=0.001_z=256_bs=64_seed=242,lr=0.001_z=256_bs=64_seed=242,0.001,0.001,256,64,242,lr=0.001_z=256_bs=64,"LR=0.001, z=256, batch size=64",89,145.17,2026-06-08 12:52:10.764,256,256\training.log,255,z=256
lr=0.001_z=256_bs=64_seed=242,lr=0.001_z=256_bs=64_seed=242,0.001,0.001,256,64,242,lr=0.001_z=256_bs=64,"LR=0.001, z=256, batch size=64",90,151.28,2026-06-08 12:53:31.258,256,256\training.log,256,z=256
lr=0.001_z=256_bs=64_seed=242,lr=0.001_z=256_bs=64_seed=242,0.001,0.001,256,64,242,lr=0.001_z=256_bs=64,"LR=0.001, z=256, batch size=64",91,135.82,2026-06-08 12:55:00.058,256,256\training.log,257,z=256
lr=0.001_z=256_bs=64_seed=242,lr=0.001_z=256_bs=64_seed=242,0.001,0.001,256,64,242,lr=0.001_z=256_bs=64,"LR=0.001, z=256, batch size=64",92,151.16,2026-06-08 12:56:19.382,256,256\training.log,258,z=256
lr=0.001_z=256_bs=64_seed=242,lr=0.001_z=256_bs=64_seed=242,0.001,0.001,256,64,242,lr=0.001_z=256_bs=64,"LR=0.001, z=256, batch size=64",93,138.29,2026-06-08 12:57:37.722,256,256\training.log,259,z=256
lr=0.001_z=256_bs=64_seed=242,lr=0.001_z=256_bs=64_seed=242,0.001,0.001,256,64,242,lr=0.001_z=256_bs=64,"LR=0.001, z=256, batch size=64",94,161.37,2026-06-08 12:59:17.974,256,256\training.log,260,z=256
lr=0.001_z=256_bs=64_seed=242,lr=0.001_z=256_bs=64_seed=242,0.001,0.001,256,64,242,lr=0.001_z=256_bs=64,"LR=0.001, z=256, batch size=64",95,147.74,2026-06-08 13:00:38.302,256,256\training.log,261,z=256
lr=0.001_z=256_bs=64_seed=242,lr=0.001_z=256_bs=64_seed=242,0.001,0.001,256,64,242,lr=0.001_z=256_bs=64,"LR=0.001, z=256, batch size=64",96,141.7,2026-06-08 13:02:08.270,256,256\training.log,262,z=256
lr=0.001_z=256_bs=64_seed=242,lr=0.001_z=256_bs=64_seed=242,0.001,0.001,256,64,242,lr=0.001_z=256_bs=64,"LR=0.001, z=256, batch size=64",97,134.62,2026-06-08 13:03:28.661,256,256\training.log,263,z=256
lr=0.001_z=256_bs=64_seed=242,lr=0.001_z=256_bs=64_seed=242,0.001,0.001,256,64,242,lr=0.001_z=256_bs=64,"LR=0.001, z=256, batch size=64",98,137.51,2026-06-08 13:05:07.486,256,256\training.log,264,z=256
lr=0.001_z=256_bs=64_seed=242,lr=0.001_z=256_bs=64_seed=242,0.001,0.001,256,64,242,lr=0.001_z=256_bs=64,"LR=0.001, z=256, batch size=64",99,134.73,2026-06-08 13:06:27.388,256,256\training.log,265,z=256
lr=0.001_z=256_bs=64_seed=242,lr=0.001_z=256_bs=64_seed=242,0.001,0.001,256,64,242,lr=0.001_z=256_bs=64,"LR=0.001, z=256, batch size=64",100,139.03,2026-06-08 13:07:46.046,256,256\training.log,266,z=256
lr=0.001_z=64_bs=64_seed=42,lr=0.001_z=64_bs=64_seed=42,0.001,0.001,64,64,42,lr=0.001_z=64_bs=64,"LR=0.001, z=64, batch size=64",1,267.89,2026-06-05 13:41:48.085,64,64\training.log,6,z=64
lr=0.001_z=64_bs=64_seed=42,lr=0.001_z=64_bs=64_seed=42,0.001,0.001,64,64,42,lr=0.001_z=64_bs=64,"LR=0.001, z=64, batch size=64",2,300.45,2026-06-05 13:43:15.105,64,64\training.log,7,z=64
lr=0.001_z=64_bs=64_seed=42,lr=0.001_z=64_bs=64_seed=42,0.001,0.001,64,64,42,lr=0.001_z=64_bs=64,"LR=0.001, z=64, batch size=64",3,296.79,2026-06-05 13:44:44.108,64,64\training.log,8,z=64
lr=0.001_z=64_bs=64_seed=42,lr=0.001_z=64_bs=64_seed=42,0.001,0.001,64,64,42,lr=0.001_z=64_bs=64,"LR=0.001, z=64, batch size=64",4,288.6,2026-06-05 13:46:31.827,64,64\training.log,9,z=64
lr=0.001_z=64_bs=64_seed=42,lr=0.001_z=64_bs=64_seed=42,0.001,0.001,64,64,42,lr=0.001_z=64_bs=64,"LR=0.001, z=64, batch size=64",5,267.26,2026-06-05 13:47:55.197,64,64\training.log,11,z=64
lr=0.001_z=64_bs=64_seed=42,lr=0.001_z=64_bs=64_seed=42,0.001,0.001,64,64,42,lr=0.001_z=64_bs=64,"LR=0.001, z=64, batch size=64",6,289.54,2026-06-05 13:49:20.734,64,64\training.log,12,z=64
lr=0.001_z=64_bs=64_seed=42,lr=0.001_z=64_bs=64_seed=42,0.001,0.001,64,64,42,lr=0.001_z=64_bs=64,"LR=0.001, z=64, batch size=64",7,302.45,2026-06-05 13:50:54.510,64,64\training.log,13,z=64
lr=0.001_z=64_bs=64_seed=42,lr=0.001_z=64_bs=64_seed=42,0.001,0.001,64,64,42,lr=0.001_z=64_bs=64,"LR=0.001, z=64, batch size=64",8,286.6,2026-06-05 13:52:20.147,64,64\training.log,14,z=64
lr=0.001_z=64_bs=64_seed=42,lr=0.001_z=64_bs=64_seed=42,0.001,0.001,64,64,42,lr=0.001_z=64_bs=64,"LR=0.001, z=64, batch size=64",9,258.0,2026-06-05 13:53:53.223,64,64\training.log,16,z=64
lr=0.001_z=64_bs=64_seed=42,lr=0.001_z=64_bs=64_seed=42,0.001,0.001,64,64,42,lr=0.001_z=64_bs=64,"LR=0.001, z=64, batch size=64",10,240.23,2026-06-05 13:55:30.576,64,64\training.log,18,z=64
lr=0.001_z=64_bs=64_seed=42,lr=0.001_z=64_bs=64_seed=42,0.001,0.001,64,64,42,lr=0.001_z=64_bs=64,"LR=0.001, z=64, batch size=64",11,285.83,2026-06-05 13:57:06.506,64,64\training.log,19,z=64
lr=0.001_z=64_bs=64_seed=42,lr=0.001_z=64_bs=64_seed=42,0.001,0.001,64,64,42,lr=0.001_z=64_bs=64,"LR=0.001, z=64, batch size=64",12,225.45,2026-06-05 13:58:51.516,64,64\training.log,21,z=64
lr=0.001_z=64_bs=64_seed=42,lr=0.001_z=64_bs=64_seed=42,0.001,0.001,64,64,42,lr=0.001_z=64_bs=64,"LR=0.001, z=64, batch size=64",13,220.43,2026-06-05 14:00:15.679,64,64\training.log,23,z=64
lr=0.001_z=64_bs=64_seed=42,lr=0.001_z=64_bs=64_seed=42,0.001,0.001,64,64,42,lr=0.001_z=64_bs=64,"LR=0.001, z=64, batch size=64",14,204.71,2026-06-05 14:01:55.076,64,64\training.log,25,z=64
lr=0.001_z=64_bs=64_seed=42,lr=0.001_z=64_bs=64_seed=42,0.001,0.001,64,64,42,lr=0.001_z=64_bs=64,"LR=0.001, z=64, batch size=64",15,219.88,2026-06-05 14:03:35.958,64,64\training.log,26,z=64
lr=0.001_z=64_bs=64_seed=42,lr=0.001_z=64_bs=64_seed=42,0.001,0.001,64,64,42,lr=0.001_z=64_bs=64,"LR=0.001, z=64, batch size=64",16,194.04,2026-06-05 14:05:08.230,64,64\training.log,28,z=64
lr=0.001_z=64_bs=64_seed=42,lr=0.001_z=64_bs=64_seed=42,0.001,0.001,64,64,42,lr=0.001_z=64_bs=64,"LR=0.001, z=64, batch size=64",17,194.56,2026-06-05 14:06:41.376,64,64\training.log,29,z=64
lr=0.001_z=64_bs=64_seed=42,lr=0.001_z=64_bs=64_seed=42,0.001,0.001,64,64,42,lr=0.001_z=64_bs=64,"LR=0.001, z=64, batch size=64",18,193.11,2026-06-05 14:08:10.885,64,64\training.log,31,z=64
lr=0.001_z=64_bs=64_seed=42,lr=0.001_z=64_bs=64_seed=42,0.001,0.001,64,64,42,lr=0.001_z=64_bs=64,"LR=0.001, z=64, batch size=64",19,188.93,2026-06-05 14:09:52.751,64,64\training.log,33,z=64
lr=0.001_z=64_bs=64_seed=42,lr=0.001_z=64_bs=64_seed=42,0.001,0.001,64,64,42,lr=0.001_z=64_bs=64,"LR=0.001, z=64, batch size=64",20,185.43,2026-06-05 14:11:23.986,64,64\training.log,35,z=64
lr=0.001_z=64_bs=64_seed=42,lr=0.001_z=64_bs=64_seed=42,0.001,0.001,64,64,42,lr=0.001_z=64_bs=64,"LR=0.001, z=64, batch size=64",21,179.46,2026-06-05 14:13:02.244,64,64\training.log,37,z=64
lr=0.001_z=64_bs=64_seed=42,lr=0.001_z=64_bs=64_seed=42,0.001,0.001,64,64,42,lr=0.001_z=64_bs=64,"LR=0.001, z=64, batch size=64",22,168.16,2026-06-05 14:14:29.188,64,64\training.log,39,z=64
lr=0.001_z=64_bs=64_seed=42,lr=0.001_z=64_bs=64_seed=42,0.001,0.001,64,64,42,lr=0.001_z=64_bs=64,"LR=0.001, z=64, batch size=64",23,168.94,2026-06-05 14:15:59.392,64,64\training.log,40,z=64
lr=0.001_z=64_bs=64_seed=42,lr=0.001_z=64_bs=64_seed=42,0.001,0.001,64,64,42,lr=0.001_z=64_bs=64,"LR=0.001, z=64, batch size=64",24,179.68,2026-06-05 14:17:54.737,64,64\training.log,41,z=64
lr=0.001_z=64_bs=64_seed=42,lr=0.001_z=64_bs=64_seed=42,0.001,0.001,64,64,42,lr=0.001_z=64_bs=64,"LR=0.001, z=64, batch size=64",25,175.9,2026-06-05 14:19:21.288,64,64\training.log,42,z=64
lr=0.001_z=64_bs=64_seed=42,lr=0.001_z=64_bs=64_seed=42,0.001,0.001,64,64,42,lr=0.001_z=64_bs=64,"LR=0.001, z=64, batch size=64",26,167.18,2026-06-05 14:20:59.196,64,64\training.log,44,z=64
lr=0.001_z=64_bs=64_seed=42,lr=0.001_z=64_bs=64_seed=42,0.001,0.001,64,64,42,lr=0.001_z=64_bs=64,"LR=0.001, z=64, batch size=64",27,167.81,2026-06-05 14:22:24.920,64,64\training.log,45,z=64
lr=0.001_z=64_bs=64_seed=42,lr=0.001_z=64_bs=64_seed=42,0.001,0.001,64,64,42,lr=0.001_z=64_bs=64,"LR=0.001, z=64, batch size=64",28,156.0,2026-06-05 14:23:57.341,64,64\training.log,47,z=64
lr=0.001_z=64_bs=64_seed=42,lr=0.001_z=64_bs=64_seed=42,0.001,0.001,64,64,42,lr=0.001_z=64_bs=64,"LR=0.001, z=64, batch size=64",29,171.66,2026-06-05 14:25:27.347,64,64\training.log,48,z=64
lr=0.001_z=64_bs=64_seed=42,lr=0.001_z=64_bs=64_seed=42,0.001,0.001,64,64,42,lr=0.001_z=64_bs=64,"LR=0.001, z=64, batch size=64",30,164.2,2026-06-05 14:26:59.594,64,64\training.log,49,z=64
lr=0.001_z=64_bs=64_seed=42,lr=0.001_z=64_bs=64_seed=42,0.001,0.001,64,64,42,lr=0.001_z=64_bs=64,"LR=0.001, z=64, batch size=64",31,158.97,2026-06-05 14:28:41.412,64,64\training.log,50,z=64
lr=0.001_z=64_bs=64_seed=42,lr=0.001_z=64_bs=64_seed=42,0.001,0.001,64,64,42,lr=0.001_z=64_bs=64,"LR=0.001, z=64, batch size=64",32,158.96,2026-06-05 14:30:08.430,64,64\training.log,51,z=64
lr=0.001_z=64_bs=64_seed=42,lr=0.001_z=64_bs=64_seed=42,0.001,0.001,64,64,42,lr=0.001_z=64_bs=64,"LR=0.001, z=64, batch size=64",33,153.45,2026-06-05 14:31:52.261,64,64\training.log,53,z=64
lr=0.001_z=64_bs=64_seed=42,lr=0.001_z=64_bs=64_seed=42,0.001,0.001,64,64,42,lr=0.001_z=64_bs=64,"LR=0.001, z=64, batch size=64",34,157.62,2026-06-05 14:33:18.541,64,64\training.log,54,z=64
lr=0.001_z=64_bs=64_seed=42,lr=0.001_z=64_bs=64_seed=42,0.001,0.001,64,64,42,lr=0.001_z=64_bs=64,"LR=0.001, z=64, batch size=64",35,150.66,2026-06-05 14:34:49.425,64,64\training.log,56,z=64
lr=0.001_z=64_bs=64_seed=42,lr=0.001_z=64_bs=64_seed=42,0.001,0.001,64,64,42,lr=0.001_z=64_bs=64,"LR=0.001, z=64, batch size=64",36,168.98,2026-06-05 14:36:14.645,64,64\training.log,57,z=64
lr=0.001_z=64_bs=64_seed=42,lr=0.001_z=64_bs=64_seed=42,0.001,0.001,64,64,42,lr=0.001_z=64_bs=64,"LR=0.001, z=64, batch size=64",37,145.94,2026-06-05 14:37:38.294,64,64\training.log,59,z=64
lr=0.001_z=64_bs=64_seed=42,lr=0.001_z=64_bs=64_seed=42,0.001,0.001,64,64,42,lr=0.001_z=64_bs=64,"LR=0.001, z=64, batch size=64",38,150.74,2026-06-05 14:39:25.351,64,64\training.log,60,z=64
lr=0.001_z=64_bs=64_seed=42,lr=0.001_z=64_bs=64_seed=42,0.001,0.001,64,64,42,lr=0.001_z=64_bs=64,"LR=0.001, z=64, batch size=64",39,152.06,2026-06-05 14:41:31.482,64,64\training.log,61,z=64
lr=0.001_z=64_bs=64_seed=42,lr=0.001_z=64_bs=64_seed=42,0.001,0.001,64,64,42,lr=0.001_z=64_bs=64,"LR=0.001, z=64, batch size=64",40,143.56,2026-06-05 14:43:16.833,64,64\training.log,63,z=64
lr=0.001_z=64_bs=64_seed=42,lr=0.001_z=64_bs=64_seed=42,0.001,0.001,64,64,42,lr=0.001_z=64_bs=64,"LR=0.001, z=64, batch size=64",41,142.49,2026-06-05 14:44:38.974,64,64\training.log,65,z=64
lr=0.001_z=64_bs=64_seed=42,lr=0.001_z=64_bs=64_seed=42,0.001,0.001,64,64,42,lr=0.001_z=64_bs=64,"LR=0.001, z=64, batch size=64",42,156.36,2026-06-05 14:46:02.162,64,64\training.log,66,z=64
lr=0.001_z=64_bs=64_seed=42,lr=0.001_z=64_bs=64_seed=42,0.001,0.001,64,64,42,lr=0.001_z=64_bs=64,"LR=0.001, z=64, batch size=64",43,150.38,2026-06-05 14:47:33.635,64,64\training.log,67,z=64
lr=0.001_z=64_bs=64_seed=42,lr=0.001_z=64_bs=64_seed=42,0.001,0.001,64,64,42,lr=0.001_z=64_bs=64,"LR=0.001, z=64, batch size=64",44,145.77,2026-06-05 14:48:53.078,64,64\training.log,68,z=64
lr=0.001_z=64_bs=64_seed=42,lr=0.001_z=64_bs=64_seed=42,0.001,0.001,64,64,42,lr=0.001_z=64_bs=64,"LR=0.001, z=64, batch size=64",45,156.77,2026-06-05 14:50:22.567,64,64\training.log,69,z=64
lr=0.001_z=64_bs=64_seed=42,lr=0.001_z=64_bs=64_seed=42,0.001,0.001,64,64,42,lr=0.001_z=64_bs=64,"LR=0.001, z=64, batch size=64",46,139.8,2026-06-05 14:51:42.016,64,64\training.log,71,z=64
lr=0.001_z=64_bs=64_seed=42,lr=0.001_z=64_bs=64_seed=42,0.001,0.001,64,64,42,lr=0.001_z=64_bs=64,"LR=0.001, z=64, batch size=64",47,146.9,2026-06-05 14:53:01.303,64,64\training.log,72,z=64
lr=0.001_z=64_bs=64_seed=42,lr=0.001_z=64_bs=64_seed=42,0.001,0.001,64,64,42,lr=0.001_z=64_bs=64,"LR=0.001, z=64, batch size=64",48,135.24,2026-06-05 14:54:42.205,64,64\training.log,74,z=64
lr=0.001_z=64_bs=64_seed=42,lr=0.001_z=64_bs=64_seed=42,0.001,0.001,64,64,42,lr=0.001_z=64_bs=64,"LR=0.001, z=64, batch size=64",49,144.17,2026-06-05 14:56:11.039,64,64\training.log,75,z=64
lr=0.001_z=64_bs=64_seed=42,lr=0.001_z=64_bs=64_seed=42,0.001,0.001,64,64,42,lr=0.001_z=64_bs=64,"LR=0.001, z=64, batch size=64",50,148.04,2026-06-05 14:57:47.335,64,64\training.log,76,z=64
lr=0.001_z=64_bs=64_seed=42,lr=0.001_z=64_bs=64_seed=42,0.001,0.001,64,64,42,lr=0.001_z=64_bs=64,"LR=0.001, z=64, batch size=64",51,149.74,2026-06-05 14:59:10.055,64,64\training.log,77,z=64
lr=0.001_z=64_bs=64_seed=42,lr=0.001_z=64_bs=64_seed=42,0.001,0.001,64,64,42,lr=0.001_z=64_bs=64,"LR=0.001, z=64, batch size=64",52,140.44,2026-06-05 15:00:41.660,64,64\training.log,78,z=64
lr=0.001_z=64_bs=64_seed=42,lr=0.001_z=64_bs=64_seed=42,0.001,0.001,64,64,42,lr=0.001_z=64_bs=64,"LR=0.001, z=64, batch size=64",53,137.14,2026-06-05 15:02:20.260,64,64\training.log,79,z=64
lr=0.001_z=64_bs=64_seed=42,lr=0.001_z=64_bs=64_seed=42,0.001,0.001,64,64,42,lr=0.001_z=64_bs=64,"LR=0.001, z=64, batch size=64",54,136.84,2026-06-05 15:03:54.054,64,64\training.log,80,z=64
lr=0.001_z=64_bs=64_seed=42,lr=0.001_z=64_bs=64_seed=42,0.001,0.001,64,64,42,lr=0.001_z=64_bs=64,"LR=0.001, z=64, batch size=64",55,143.95,2026-06-05 15:05:31.338,64,64\training.log,81,z=64
lr=0.001_z=64_bs=64_seed=42,lr=0.001_z=64_bs=64_seed=42,0.001,0.001,64,64,42,lr=0.001_z=64_bs=64,"LR=0.001, z=64, batch size=64",56,142.17,2026-06-05 15:06:55.336,64,64\training.log,82,z=64
lr=0.001_z=64_bs=64_seed=42,lr=0.001_z=64_bs=64_seed=42,0.001,0.001,64,64,42,lr=0.001_z=64_bs=64,"LR=0.001, z=64, batch size=64",57,140.09,2026-06-05 15:08:28.985,64,64\training.log,83,z=64
lr=0.001_z=64_bs=64_seed=42,lr=0.001_z=64_bs=64_seed=42,0.001,0.001,64,64,42,lr=0.001_z=64_bs=64,"LR=0.001, z=64, batch size=64",58,146.44,2026-06-05 15:09:47.693,64,64\training.log,84,z=64
lr=0.001_z=64_bs=64_seed=42,lr=0.001_z=64_bs=64_seed=42,0.001,0.001,64,64,42,lr=0.001_z=64_bs=64,"LR=0.001, z=64, batch size=64",59,134.97,2026-06-05 15:11:07.936,64,64\training.log,86,z=64
lr=0.001_z=64_bs=64_seed=42,lr=0.001_z=64_bs=64_seed=42,0.001,0.001,64,64,42,lr=0.001_z=64_bs=64,"LR=0.001, z=64, batch size=64",60,137.42,2026-06-05 15:12:51.020,64,64\training.log,87,z=64
lr=0.001_z=64_bs=64_seed=42,lr=0.001_z=64_bs=64_seed=42,0.001,0.001,64,64,42,lr=0.001_z=64_bs=64,"LR=0.001, z=64, batch size=64",61,141.96,2026-06-05 15:14:12.887,64,64\training.log,88,z=64
lr=0.001_z=64_bs=64_seed=42,lr=0.001_z=64_bs=64_seed=42,0.001,0.001,64,64,42,lr=0.001_z=64_bs=64,"LR=0.001, z=64, batch size=64",62,138.01,2026-06-05 15:15:45.715,64,64\training.log,89,z=64
lr=0.001_z=64_bs=64_seed=42,lr=0.001_z=64_bs=64_seed=42,0.001,0.001,64,64,42,lr=0.001_z=64_bs=64,"LR=0.001, z=64, batch size=64",63,137.78,2026-06-05 15:17:15.544,64,64\training.log,90,z=64
lr=0.001_z=64_bs=64_seed=42,lr=0.001_z=64_bs=64_seed=42,0.001,0.001,64,64,42,lr=0.001_z=64_bs=64,"LR=0.001, z=64, batch size=64",64,142.66,2026-06-05 15:18:51.860,64,64\training.log,91,z=64
lr=0.001_z=64_bs=64_seed=42,lr=0.001_z=64_bs=64_seed=42,0.001,0.001,64,64,42,lr=0.001_z=64_bs=64,"LR=0.001, z=64, batch size=64",65,137.19,2026-06-05 15:20:19.860,64,64\training.log,92,z=64
lr=0.001_z=64_bs=64_seed=42,lr=0.001_z=64_bs=64_seed=42,0.001,0.001,64,64,42,lr=0.001_z=64_bs=64,"LR=0.001, z=64, batch size=64",66,132.49,2026-06-05 15:21:52.402,64,64\training.log,94,z=64
lr=0.001_z=64_bs=64_seed=42,lr=0.001_z=64_bs=64_seed=42,0.001,0.001,64,64,42,lr=0.001_z=64_bs=64,"LR=0.001, z=64, batch size=64",67,142.4,2026-06-05 15:23:36.793,64,64\training.log,95,z=64
lr=0.001_z=64_bs=64_seed=42,lr=0.001_z=64_bs=64_seed=42,0.001,0.001,64,64,42,lr=0.001_z=64_bs=64,"LR=0.001, z=64, batch size=64",68,139.6,2026-06-05 15:24:57.050,64,64\training.log,96,z=64
lr=0.001_z=64_bs=64_seed=42,lr=0.001_z=64_bs=64_seed=42,0.001,0.001,64,64,42,lr=0.001_z=64_bs=64,"LR=0.001, z=64, batch size=64",69,134.78,2026-06-05 15:26:28.136,64,64\training.log,97,z=64
lr=0.001_z=64_bs=64_seed=42,lr=0.001_z=64_bs=64_seed=42,0.001,0.001,64,64,42,lr=0.001_z=64_bs=64,"LR=0.001, z=64, batch size=64",70,131.38,2026-06-05 15:27:47.889,64,64\training.log,99,z=64
lr=0.001_z=64_bs=64_seed=42,lr=0.001_z=64_bs=64_seed=42,0.001,0.001,64,64,42,lr=0.001_z=64_bs=64,"LR=0.001, z=64, batch size=64",71,143.12,2026-06-05 15:29:08.545,64,64\training.log,100,z=64
lr=0.001_z=64_bs=64_seed=42,lr=0.001_z=64_bs=64_seed=42,0.001,0.001,64,64,42,lr=0.001_z=64_bs=64,"LR=0.001, z=64, batch size=64",72,135.7,2026-06-05 15:30:50.325,64,64\training.log,101,z=64
lr=0.001_z=64_bs=64_seed=42,lr=0.001_z=64_bs=64_seed=42,0.001,0.001,64,64,42,lr=0.001_z=64_bs=64,"LR=0.001, z=64, batch size=64",73,137.06,2026-06-05 15:32:10.902,64,64\training.log,102,z=64
lr=0.001_z=64_bs=64_seed=42,lr=0.001_z=64_bs=64_seed=42,0.001,0.001,64,64,42,lr=0.001_z=64_bs=64,"LR=0.001, z=64, batch size=64",74,141.95,2026-06-05 15:33:42.871,64,64\training.log,103,z=64
lr=0.001_z=64_bs=64_seed=42,lr=0.001_z=64_bs=64_seed=42,0.001,0.001,64,64,42,lr=0.001_z=64_bs=64,"LR=0.001, z=64, batch size=64",75,135.36,2026-06-05 15:35:05.545,64,64\training.log,104,z=64
lr=0.001_z=64_bs=64_seed=42,lr=0.001_z=64_bs=64_seed=42,0.001,0.001,64,64,42,lr=0.001_z=64_bs=64,"LR=0.001, z=64, batch size=64",76,151.64,2026-06-05 15:36:46.018,64,64\training.log,105,z=64
lr=0.001_z=64_bs=64_seed=42,lr=0.001_z=64_bs=64_seed=42,0.001,0.001,64,64,42,lr=0.001_z=64_bs=64,"LR=0.001, z=64, batch size=64",77,142.79,2026-06-05 15:38:06.122,64,64\training.log,106,z=64
lr=0.001_z=64_bs=64_seed=42,lr=0.001_z=64_bs=64_seed=42,0.001,0.001,64,64,42,lr=0.001_z=64_bs=64,"LR=0.001, z=64, batch size=64",78,138.56,2026-06-05 15:39:25.848,64,64\training.log,107,z=64
lr=0.001_z=64_bs=64_seed=42,lr=0.001_z=64_bs=64_seed=42,0.001,0.001,64,64,42,lr=0.001_z=64_bs=64,"LR=0.001, z=64, batch size=64",79,125.95,2026-06-05 15:40:58.070,64,64\training.log,109,z=64
lr=0.001_z=64_bs=64_seed=42,lr=0.001_z=64_bs=64_seed=42,0.001,0.001,64,64,42,lr=0.001_z=64_bs=64,"LR=0.001, z=64, batch size=64",80,131.06,2026-06-05 15:42:18.638,64,64\training.log,110,z=64
lr=0.001_z=64_bs=64_seed=42,lr=0.001_z=64_bs=64_seed=42,0.001,0.001,64,64,42,lr=0.001_z=64_bs=64,"LR=0.001, z=64, batch size=64",81,131.92,2026-06-05 15:43:55.721,64,64\training.log,111,z=64
lr=0.001_z=64_bs=64_seed=42,lr=0.001_z=64_bs=64_seed=42,0.001,0.001,64,64,42,lr=0.001_z=64_bs=64,"LR=0.001, z=64, batch size=64",82,137.72,2026-06-05 15:45:23.982,64,64\training.log,112,z=64
lr=0.001_z=64_bs=64_seed=42,lr=0.001_z=64_bs=64_seed=42,0.001,0.001,64,64,42,lr=0.001_z=64_bs=64,"LR=0.001, z=64, batch size=64",83,135.65,2026-06-05 15:46:53.796,64,64\training.log,113,z=64
lr=0.001_z=64_bs=64_seed=42,lr=0.001_z=64_bs=64_seed=42,0.001,0.001,64,64,42,lr=0.001_z=64_bs=64,"LR=0.001, z=64, batch size=64",84,141.14,2026-06-05 15:48:27.520,64,64\training.log,114,z=64
lr=0.001_z=64_bs=64_seed=42,lr=0.001_z=64_bs=64_seed=42,0.001,0.001,64,64,42,lr=0.001_z=64_bs=64,"LR=0.001, z=64, batch size=64",85,137.9,2026-06-05 15:49:53.090,64,64\training.log,115,z=64
lr=0.001_z=64_bs=64_seed=42,lr=0.001_z=64_bs=64_seed=42,0.001,0.001,64,64,42,lr=0.001_z=64_bs=64,"LR=0.001, z=64, batch size=64",86,147.31,2026-06-05 15:51:46.008,64,64\training.log,116,z=64
lr=0.001_z=64_bs=64_seed=42,lr=0.001_z=64_bs=64_seed=42,0.001,0.001,64,64,42,lr=0.001_z=64_bs=64,"LR=0.001, z=64, batch size=64",87,134.86,2026-06-05 15:53:07.101,64,64\training.log,117,z=64
lr=0.001_z=64_bs=64_seed=42,lr=0.001_z=64_bs=64_seed=42,0.001,0.001,64,64,42,lr=0.001_z=64_bs=64,"LR=0.001, z=64, batch size=64",88,134.23,2026-06-05 15:54:37.843,64,64\training.log,118,z=64
lr=0.001_z=64_bs=64_seed=42,lr=0.001_z=64_bs=64_seed=42,0.001,0.001,64,64,42,lr=0.001_z=64_bs=64,"LR=0.001, z=64, batch size=64",89,131.09,2026-06-05 15:55:59.834,64,64\training.log,119,z=64
lr=0.001_z=64_bs=64_seed=42,lr=0.001_z=64_bs=64_seed=42,0.001,0.001,64,64,42,lr=0.001_z=64_bs=64,"LR=0.001, z=64, batch size=64",90,136.76,2026-06-05 15:57:20.187,64,64\training.log,120,z=64
lr=0.001_z=64_bs=64_seed=42,lr=0.001_z=64_bs=64_seed=42,0.001,0.001,64,64,42,lr=0.001_z=64_bs=64,"LR=0.001, z=64, batch size=64",91,138.14,2026-06-05 15:58:50.615,64,64\training.log,121,z=64
lr=0.001_z=64_bs=64_seed=42,lr=0.001_z=64_bs=64_seed=42,0.001,0.001,64,64,42,lr=0.001_z=64_bs=64,"LR=0.001, z=64, batch size=64",92,130.03,2026-06-05 16:00:10.755,64,64\training.log,122,z=64
lr=0.001_z=64_bs=64_seed=42,lr=0.001_z=64_bs=64_seed=42,0.001,0.001,64,64,42,lr=0.001_z=64_bs=64,"LR=0.001, z=64, batch size=64",93,140.22,2026-06-05 16:01:41.324,64,64\training.log,123,z=64
lr=0.001_z=64_bs=64_seed=42,lr=0.001_z=64_bs=64_seed=42,0.001,0.001,64,64,42,lr=0.001_z=64_bs=64,"LR=0.001, z=64, batch size=64",94,129.73,2026-06-05 16:03:01.849,64,64\training.log,124,z=64
lr=0.001_z=64_bs=64_seed=42,lr=0.001_z=64_bs=64_seed=42,0.001,0.001,64,64,42,lr=0.001_z=64_bs=64,"LR=0.001, z=64, batch size=64",95,132.57,2026-06-05 16:04:23.624,64,64\training.log,125,z=64
lr=0.001_z=64_bs=64_seed=42,lr=0.001_z=64_bs=64_seed=42,0.001,0.001,64,64,42,lr=0.001_z=64_bs=64,"LR=0.001, z=64, batch size=64",96,135.25,2026-06-05 16:05:46.733,64,64\training.log,126,z=64
lr=0.001_z=64_bs=64_seed=42,lr=0.001_z=64_bs=64_seed=42,0.001,0.001,64,64,42,lr=0.001_z=64_bs=64,"LR=0.001, z=64, batch size=64",97,132.99,2026-06-05 16:07:08.709,64,64\training.log,127,z=64
lr=0.001_z=64_bs=64_seed=42,lr=0.001_z=64_bs=64_seed=42,0.001,0.001,64,64,42,lr=0.001_z=64_bs=64,"LR=0.001, z=64, batch size=64",98,136.1,2026-06-05 16:08:41.582,64,64\training.log,128,z=64
lr=0.001_z=64_bs=64_seed=42,lr=0.001_z=64_bs=64_seed=42,0.001,0.001,64,64,42,lr=0.001_z=64_bs=64,"LR=0.001, z=64, batch size=64",99,138.54,2026-06-05 16:10:07.262,64,64\training.log,129,z=64
lr=0.001_z=64_bs=64_seed=42,lr=0.001_z=64_bs=64_seed=42,0.001,0.001,64,64,42,lr=0.001_z=64_bs=64,"LR=0.001, z=64, batch size=64",100,135.12,2026-06-05 16:11:34.836,64,64\training.log,130,z=64
lr=0.001_z=64_bs=64_seed=142,lr=0.001_z=64_bs=64_seed=142,0.001,0.001,64,64,142,lr=0.001_z=64_bs=64,"LR=0.001, z=64, batch size=64",1,320.0,2026-06-05 16:19:25.927,64,64\training.log,138,z=64
lr=0.001_z=64_bs=64_seed=142,lr=0.001_z=64_bs=64_seed=142,0.001,0.001,64,64,142,lr=0.001_z=64_bs=64,"LR=0.001, z=64, batch size=64",2,292.53,2026-06-05 16:20:51.627,64,64\training.log,140,z=64
lr=0.001_z=64_bs=64_seed=142,lr=0.001_z=64_bs=64_seed=142,0.001,0.001,64,64,142,lr=0.001_z=64_bs=64,"LR=0.001, z=64, batch size=64",3,325.45,2026-06-05 16:22:26.546,64,64\training.log,141,z=64
lr=0.001_z=64_bs=64_seed=142,lr=0.001_z=64_bs=64_seed=142,0.001,0.001,64,64,142,lr=0.001_z=64_bs=64,"LR=0.001, z=64, batch size=64",4,285.42,2026-06-05 16:23:46.848,64,64\training.log,143,z=64
lr=0.001_z=64_bs=64_seed=142,lr=0.001_z=64_bs=64_seed=142,0.001,0.001,64,64,142,lr=0.001_z=64_bs=64,"LR=0.001, z=64, batch size=64",5,299.33,2026-06-05 16:25:07.090,64,64\training.log,144,z=64
lr=0.001_z=64_bs=64_seed=142,lr=0.001_z=64_bs=64_seed=142,0.001,0.001,64,64,142,lr=0.001_z=64_bs=64,"LR=0.001, z=64, batch size=64",6,284.21,2026-06-05 16:26:29.051,64,64\training.log,146,z=64
lr=0.001_z=64_bs=64_seed=142,lr=0.001_z=64_bs=64_seed=142,0.001,0.001,64,64,142,lr=0.001_z=64_bs=64,"LR=0.001, z=64, batch size=64",7,302.24,2026-06-05 16:28:10.254,64,64\training.log,147,z=64
lr=0.001_z=64_bs=64_seed=142,lr=0.001_z=64_bs=64_seed=142,0.001,0.001,64,64,142,lr=0.001_z=64_bs=64,"LR=0.001, z=64, batch size=64",8,262.36,2026-06-05 16:29:44.359,64,64\training.log,149,z=64
lr=0.001_z=64_bs=64_seed=142,lr=0.001_z=64_bs=64_seed=142,0.001,0.001,64,64,142,lr=0.001_z=64_bs=64,"LR=0.001, z=64, batch size=64",9,254.72,2026-06-05 16:31:27.550,64,64\training.log,151,z=64
lr=0.001_z=64_bs=64_seed=142,lr=0.001_z=64_bs=64_seed=142,0.001,0.001,64,64,142,lr=0.001_z=64_bs=64,"LR=0.001, z=64, batch size=64",10,236.95,2026-06-05 16:32:53.471,64,64\training.log,153,z=64
lr=0.001_z=64_bs=64_seed=142,lr=0.001_z=64_bs=64_seed=142,0.001,0.001,64,64,142,lr=0.001_z=64_bs=64,"LR=0.001, z=64, batch size=64",11,231.49,2026-06-05 16:34:19.091,64,64\training.log,155,z=64
lr=0.001_z=64_bs=64_seed=142,lr=0.001_z=64_bs=64_seed=142,0.001,0.001,64,64,142,lr=0.001_z=64_bs=64,"LR=0.001, z=64, batch size=64",12,221.12,2026-06-05 16:36:04.732,64,64\training.log,157,z=64
lr=0.001_z=64_bs=64_seed=142,lr=0.001_z=64_bs=64_seed=142,0.001,0.001,64,64,142,lr=0.001_z=64_bs=64,"LR=0.001, z=64, batch size=64",13,225.34,2026-06-05 16:37:29.146,64,64\training.log,158,z=64
lr=0.001_z=64_bs=64_seed=142,lr=0.001_z=64_bs=64_seed=142,0.001,0.001,64,64,142,lr=0.001_z=64_bs=64,"LR=0.001, z=64, batch size=64",14,214.74,2026-06-05 16:39:01.046,64,64\training.log,160,z=64
lr=0.001_z=64_bs=64_seed=142,lr=0.001_z=64_bs=64_seed=142,0.001,0.001,64,64,142,lr=0.001_z=64_bs=64,"LR=0.001, z=64, batch size=64",15,208.59,2026-06-05 16:40:24.072,64,64\training.log,162,z=64
lr=0.001_z=64_bs=64_seed=142,lr=0.001_z=64_bs=64_seed=142,0.001,0.001,64,64,142,lr=0.001_z=64_bs=64,"LR=0.001, z=64, batch size=64",16,199.85,2026-06-05 16:41:47.570,64,64\training.log,164,z=64
lr=0.001_z=64_bs=64_seed=142,lr=0.001_z=64_bs=64_seed=142,0.001,0.001,64,64,142,lr=0.001_z=64_bs=64,"LR=0.001, z=64, batch size=64",17,188.64,2026-06-05 16:43:11.310,64,64\training.log,166,z=64
lr=0.001_z=64_bs=64_seed=142,lr=0.001_z=64_bs=64_seed=142,0.001,0.001,64,64,142,lr=0.001_z=64_bs=64,"LR=0.001, z=64, batch size=64",18,196.21,2026-06-05 16:44:34.265,64,64\training.log,167,z=64
lr=0.001_z=64_bs=64_seed=142,lr=0.001_z=64_bs=64_seed=142,0.001,0.001,64,64,142,lr=0.001_z=64_bs=64,"LR=0.001, z=64, batch size=64",19,177.27,2026-06-05 16:46:09.743,64,64\training.log,169,z=64
lr=0.001_z=64_bs=64_seed=142,lr=0.001_z=64_bs=64_seed=142,0.001,0.001,64,64,142,lr=0.001_z=64_bs=64,"LR=0.001, z=64, batch size=64",20,184.71,2026-06-05 16:47:32.126,64,64\training.log,170,z=64
lr=0.001_z=64_bs=64_seed=142,lr=0.001_z=64_bs=64_seed=142,0.001,0.001,64,64,142,lr=0.001_z=64_bs=64,"LR=0.001, z=64, batch size=64",21,171.16,2026-06-05 16:49:04.085,64,64\training.log,172,z=64
lr=0.001_z=64_bs=64_seed=142,lr=0.001_z=64_bs=64_seed=142,0.001,0.001,64,64,142,lr=0.001_z=64_bs=64,"LR=0.001, z=64, batch size=64",22,179.21,2026-06-05 16:50:36.155,64,64\training.log,173,z=64
lr=0.001_z=64_bs=64_seed=142,lr=0.001_z=64_bs=64_seed=142,0.001,0.001,64,64,142,lr=0.001_z=64_bs=64,"LR=0.001, z=64, batch size=64",23,177.64,2026-06-05 16:52:11.880,64,64\training.log,174,z=64
lr=0.001_z=64_bs=64_seed=142,lr=0.001_z=64_bs=64_seed=142,0.001,0.001,64,64,142,lr=0.001_z=64_bs=64,"LR=0.001, z=64, batch size=64",24,160.53,2026-06-05 16:53:56.609,64,64\training.log,176,z=64
lr=0.001_z=64_bs=64_seed=142,lr=0.001_z=64_bs=64_seed=142,0.001,0.001,64,64,142,lr=0.001_z=64_bs=64,"LR=0.001, z=64, batch size=64",25,168.74,2026-06-05 16:55:17.825,64,64\training.log,177,z=64
lr=0.001_z=64_bs=64_seed=142,lr=0.001_z=64_bs=64_seed=142,0.001,0.001,64,64,142,lr=0.001_z=64_bs=64,"LR=0.001, z=64, batch size=64",26,155.15,2026-06-05 16:56:52.837,64,64\training.log,179,z=64
lr=0.001_z=64_bs=64_seed=142,lr=0.001_z=64_bs=64_seed=142,0.001,0.001,64,64,142,lr=0.001_z=64_bs=64,"LR=0.001, z=64, batch size=64",27,165.15,2026-06-05 16:58:18.740,64,64\training.log,180,z=64
lr=0.001_z=64_bs=64_seed=142,lr=0.001_z=64_bs=64_seed=142,0.001,0.001,64,64,142,lr=0.001_z=64_bs=64,"LR=0.001, z=64, batch size=64",28,163.61,2026-06-05 16:59:42.877,64,64\training.log,181,z=64
lr=0.001_z=64_bs=64_seed=142,lr=0.001_z=64_bs=64_seed=142,0.001,0.001,64,64,142,lr=0.001_z=64_bs=64,"LR=0.001, z=64, batch size=64",29,152.61,2026-06-05 17:01:03.807,64,64\training.log,183,z=64
lr=0.001_z=64_bs=64_seed=142,lr=0.001_z=64_bs=64_seed=142,0.001,0.001,64,64,142,lr=0.001_z=64_bs=64,"LR=0.001, z=64, batch size=64",30,148.76,2026-06-05 17:02:29.937,64,64\training.log,185,z=64
lr=0.001_z=64_bs=64_seed=142,lr=0.001_z=64_bs=64_seed=142,0.001,0.001,64,64,142,lr=0.001_z=64_bs=64,"LR=0.001, z=64, batch size=64",31,161.87,2026-06-05 17:04:03.078,64,64\training.log,186,z=64
lr=0.001_z=64_bs=64_seed=142,lr=0.001_z=64_bs=64_seed=142,0.001,0.001,64,64,142,lr=0.001_z=64_bs=64,"LR=0.001, z=64, batch size=64",32,153.1,2026-06-05 17:05:26.665,64,64\training.log,187,z=64
lr=0.001_z=64_bs=64_seed=142,lr=0.001_z=64_bs=64_seed=142,0.001,0.001,64,64,142,lr=0.001_z=64_bs=64,"LR=0.001, z=64, batch size=64",33,149.64,2026-06-05 17:07:04.047,64,64\training.log,188,z=64
lr=0.001_z=64_bs=64_seed=142,lr=0.001_z=64_bs=64_seed=142,0.001,0.001,64,64,142,lr=0.001_z=64_bs=64,"LR=0.001, z=64, batch size=64",34,147.92,2026-06-05 17:08:28.272,64,64\training.log,190,z=64
lr=0.001_z=64_bs=64_seed=142,lr=0.001_z=64_bs=64_seed=142,0.001,0.001,64,64,142,lr=0.001_z=64_bs=64,"LR=0.001, z=64, batch size=64",35,150.74,2026-06-05 17:09:50.622,64,64\training.log,191,z=64
lr=0.001_z=64_bs=64_seed=142,lr=0.001_z=64_bs=64_seed=142,0.001,0.001,64,64,142,lr=0.001_z=64_bs=64,"LR=0.001, z=64, batch size=64",36,155.54,2026-06-05 17:11:14.249,64,64\training.log,192,z=64
lr=0.001_z=64_bs=64_seed=142,lr=0.001_z=64_bs=64_seed=142,0.001,0.001,64,64,142,lr=0.001_z=64_bs=64,"LR=0.001, z=64, batch size=64",37,145.04,2026-06-05 17:12:40.791,64,64\training.log,194,z=64
lr=0.001_z=64_bs=64_seed=142,lr=0.001_z=64_bs=64_seed=142,0.001,0.001,64,64,142,lr=0.001_z=64_bs=64,"LR=0.001, z=64, batch size=64",38,146.73,2026-06-05 17:14:17.972,64,64\training.log,195,z=64
lr=0.001_z=64_bs=64_seed=142,lr=0.001_z=64_bs=64_seed=142,0.001,0.001,64,64,142,lr=0.001_z=64_bs=64,"LR=0.001, z=64, batch size=64",39,144.49,2026-06-05 17:15:44.779,64,64\training.log,197,z=64
lr=0.001_z=64_bs=64_seed=142,lr=0.001_z=64_bs=64_seed=142,0.001,0.001,64,64,142,lr=0.001_z=64_bs=64,"LR=0.001, z=64, batch size=64",40,143.61,2026-06-05 17:17:32.389,64,64\training.log,199,z=64
lr=0.001_z=64_bs=64_seed=142,lr=0.001_z=64_bs=64_seed=142,0.001,0.001,64,64,142,lr=0.001_z=64_bs=64,"LR=0.001, z=64, batch size=64",41,140.59,2026-06-05 17:18:58.023,64,64\training.log,201,z=64
lr=0.001_z=64_bs=64_seed=142,lr=0.001_z=64_bs=64_seed=142,0.001,0.001,64,64,142,lr=0.001_z=64_bs=64,"LR=0.001, z=64, batch size=64",42,154.21,2026-06-05 17:20:21.472,64,64\training.log,202,z=64
lr=0.001_z=64_bs=64_seed=142,lr=0.001_z=64_bs=64_seed=142,0.001,0.001,64,64,142,lr=0.001_z=64_bs=64,"LR=0.001, z=64, batch size=64",43,149.12,2026-06-05 17:21:56.121,64,64\training.log,203,z=64
lr=0.001_z=64_bs=64_seed=142,lr=0.001_z=64_bs=64_seed=142,0.001,0.001,64,64,142,lr=0.001_z=64_bs=64,"LR=0.001, z=64, batch size=64",44,141.02,2026-06-05 17:23:25.380,64,64\training.log,204,z=64
lr=0.001_z=64_bs=64_seed=142,lr=0.001_z=64_bs=64_seed=142,0.001,0.001,64,64,142,lr=0.001_z=64_bs=64,"LR=0.001, z=64, batch size=64",45,141.41,2026-06-05 17:25:00.448,64,64\training.log,205,z=64
lr=0.001_z=64_bs=64_seed=142,lr=0.001_z=64_bs=64_seed=142,0.001,0.001,64,64,142,lr=0.001_z=64_bs=64,"LR=0.001, z=64, batch size=64",46,139.28,2026-06-05 17:26:25.204,64,64\training.log,207,z=64
lr=0.001_z=64_bs=64_seed=142,lr=0.001_z=64_bs=64_seed=142,0.001,0.001,64,64,142,lr=0.001_z=64_bs=64,"LR=0.001, z=64, batch size=64",47,137.07,2026-06-05 17:27:51.032,64,64\training.log,209,z=64
lr=0.001_z=64_bs=64_seed=142,lr=0.001_z=64_bs=64_seed=142,0.001,0.001,64,64,142,lr=0.001_z=64_bs=64,"LR=0.001, z=64, batch size=64",48,145.65,2026-06-05 17:29:16.406,64,64\training.log,210,z=64
lr=0.001_z=64_bs=64_seed=142,lr=0.001_z=64_bs=64_seed=142,0.001,0.001,64,64,142,lr=0.001_z=64_bs=64,"LR=0.001, z=64, batch size=64",49,144.9,2026-06-05 17:30:42.161,64,64\training.log,211,z=64
lr=0.001_z=64_bs=64_seed=142,lr=0.001_z=64_bs=64_seed=142,0.001,0.001,64,64,142,lr=0.001_z=64_bs=64,"LR=0.001, z=64, batch size=64",50,144.99,2026-06-05 17:32:16.741,64,64\training.log,212,z=64
lr=0.001_z=64_bs=64_seed=142,lr=0.001_z=64_bs=64_seed=142,0.001,0.001,64,64,142,lr=0.001_z=64_bs=64,"LR=0.001, z=64, batch size=64",51,143.06,2026-06-05 17:33:37.717,64,64\training.log,213,z=64
lr=0.001_z=64_bs=64_seed=142,lr=0.001_z=64_bs=64_seed=142,0.001,0.001,64,64,142,lr=0.001_z=64_bs=64,"LR=0.001, z=64, batch size=64",52,147.39,2026-06-05 17:35:02.927,64,64\training.log,214,z=64
lr=0.001_z=64_bs=64_seed=142,lr=0.001_z=64_bs=64_seed=142,0.001,0.001,64,64,142,lr=0.001_z=64_bs=64,"LR=0.001, z=64, batch size=64",53,141.77,2026-06-05 17:36:30.088,64,64\training.log,215,z=64
lr=0.001_z=64_bs=64_seed=142,lr=0.001_z=64_bs=64_seed=142,0.001,0.001,64,64,142,lr=0.001_z=64_bs=64,"LR=0.001, z=64, batch size=64",54,131.92,2026-06-05 17:37:55.651,64,64\training.log,217,z=64
lr=0.001_z=64_bs=64_seed=142,lr=0.001_z=64_bs=64_seed=142,0.001,0.001,64,64,142,lr=0.001_z=64_bs=64,"LR=0.001, z=64, batch size=64",55,140.52,2026-06-05 17:39:31.053,64,64\training.log,218,z=64
lr=0.001_z=64_bs=64_seed=142,lr=0.001_z=64_bs=64_seed=142,0.001,0.001,64,64,142,lr=0.001_z=64_bs=64,"LR=0.001, z=64, batch size=64",56,135.56,2026-06-05 17:40:58.435,64,64\training.log,219,z=64
lr=0.001_z=64_bs=64_seed=142,lr=0.001_z=64_bs=64_seed=142,0.001,0.001,64,64,142,lr=0.001_z=64_bs=64,"LR=0.001, z=64, batch size=64",57,138.95,2026-06-05 17:42:32.628,64,64\training.log,220,z=64
lr=0.001_z=64_bs=64_seed=142,lr=0.001_z=64_bs=64_seed=142,0.001,0.001,64,64,142,lr=0.001_z=64_bs=64,"LR=0.001, z=64, batch size=64",58,138.59,2026-06-05 17:43:58.742,64,64\training.log,221,z=64
lr=0.001_z=64_bs=64_seed=142,lr=0.001_z=64_bs=64_seed=142,0.001,0.001,64,64,142,lr=0.001_z=64_bs=64,"LR=0.001, z=64, batch size=64",59,138.06,2026-06-05 17:45:23.218,64,64\training.log,222,z=64
lr=0.001_z=64_bs=64_seed=142,lr=0.001_z=64_bs=64_seed=142,0.001,0.001,64,64,142,lr=0.001_z=64_bs=64,"LR=0.001, z=64, batch size=64",60,135.55,2026-06-05 17:46:47.787,64,64\training.log,223,z=64
lr=0.001_z=64_bs=64_seed=142,lr=0.001_z=64_bs=64_seed=142,0.001,0.001,64,64,142,lr=0.001_z=64_bs=64,"LR=0.001, z=64, batch size=64",61,147.68,2026-06-05 17:48:10.772,64,64\training.log,224,z=64
lr=0.001_z=64_bs=64_seed=142,lr=0.001_z=64_bs=64_seed=142,0.001,0.001,64,64,142,lr=0.001_z=64_bs=64,"LR=0.001, z=64, batch size=64",62,135.34,2026-06-05 17:49:45.608,64,64\training.log,225,z=64
lr=0.001_z=64_bs=64_seed=142,lr=0.001_z=64_bs=64_seed=142,0.001,0.001,64,64,142,lr=0.001_z=64_bs=64,"LR=0.001, z=64, batch size=64",63,133.95,2026-06-05 17:51:10.971,64,64\training.log,226,z=64
lr=0.001_z=64_bs=64_seed=142,lr=0.001_z=64_bs=64_seed=142,0.001,0.001,64,64,142,lr=0.001_z=64_bs=64,"LR=0.001, z=64, batch size=64",64,132.32,2026-06-05 17:52:43.653,64,64\training.log,227,z=64
lr=0.001_z=64_bs=64_seed=142,lr=0.001_z=64_bs=64_seed=142,0.001,0.001,64,64,142,lr=0.001_z=64_bs=64,"LR=0.001, z=64, batch size=64",65,145.9,2026-06-05 17:58:29.069,64,64\training.log,228,z=64
lr=0.001_z=64_bs=64_seed=142,lr=0.001_z=64_bs=64_seed=142,0.001,0.001,64,64,142,lr=0.001_z=64_bs=64,"LR=0.001, z=64, batch size=64",66,136.81,2026-06-05 17:59:51.614,64,64\training.log,229,z=64
lr=0.001_z=64_bs=64_seed=142,lr=0.001_z=64_bs=64_seed=142,0.001,0.001,64,64,142,lr=0.001_z=64_bs=64,"LR=0.001, z=64, batch size=64",67,139.16,2026-06-05 18:01:24.599,64,64\training.log,230,z=64
lr=0.001_z=64_bs=64_seed=142,lr=0.001_z=64_bs=64_seed=142,0.001,0.001,64,64,142,lr=0.001_z=64_bs=64,"LR=0.001, z=64, batch size=64",68,150.86,2026-06-05 18:02:46.358,64,64\training.log,231,z=64
lr=0.001_z=64_bs=64_seed=142,lr=0.001_z=64_bs=64_seed=142,0.001,0.001,64,64,142,lr=0.001_z=64_bs=64,"LR=0.001, z=64, batch size=64",69,142.14,2026-06-05 18:04:18.237,64,64\training.log,232,z=64
lr=0.001_z=64_bs=64_seed=142,lr=0.001_z=64_bs=64_seed=142,0.001,0.001,64,64,142,lr=0.001_z=64_bs=64,"LR=0.001, z=64, batch size=64",70,144.47,2026-06-05 18:05:45.276,64,64\training.log,233,z=64
lr=0.001_z=64_bs=64_seed=142,lr=0.001_z=64_bs=64_seed=142,0.001,0.001,64,64,142,lr=0.001_z=64_bs=64,"LR=0.001, z=64, batch size=64",71,134.72,2026-06-05 18:07:11.341,64,64\training.log,234,z=64
lr=0.001_z=64_bs=64_seed=142,lr=0.001_z=64_bs=64_seed=142,0.001,0.001,64,64,142,lr=0.001_z=64_bs=64,"LR=0.001, z=64, batch size=64",72,137.57,2026-06-05 18:08:47.113,64,64\training.log,235,z=64
lr=0.001_z=64_bs=64_seed=142,lr=0.001_z=64_bs=64_seed=142,0.001,0.001,64,64,142,lr=0.001_z=64_bs=64,"LR=0.001, z=64, batch size=64",73,140.8,2026-06-05 18:10:11.111,64,64\training.log,236,z=64
lr=0.001_z=64_bs=64_seed=142,lr=0.001_z=64_bs=64_seed=142,0.001,0.001,64,64,142,lr=0.001_z=64_bs=64,"LR=0.001, z=64, batch size=64",74,143.93,2026-06-05 18:11:43.304,64,64\training.log,237,z=64
lr=0.001_z=64_bs=64_seed=142,lr=0.001_z=64_bs=64_seed=142,0.001,0.001,64,64,142,lr=0.001_z=64_bs=64,"LR=0.001, z=64, batch size=64",75,141.19,2026-06-05 18:13:06.284,64,64\training.log,238,z=64
lr=0.001_z=64_bs=64_seed=142,lr=0.001_z=64_bs=64_seed=142,0.001,0.001,64,64,142,lr=0.001_z=64_bs=64,"LR=0.001, z=64, batch size=64",76,137.97,2026-06-05 18:14:27.846,64,64\training.log,239,z=64
lr=0.001_z=64_bs=64_seed=142,lr=0.001_z=64_bs=64_seed=142,0.001,0.001,64,64,142,lr=0.001_z=64_bs=64,"LR=0.001, z=64, batch size=64",77,144.96,2026-06-05 18:16:09.014,64,64\training.log,240,z=64
lr=0.001_z=64_bs=64_seed=142,lr=0.001_z=64_bs=64_seed=142,0.001,0.001,64,64,142,lr=0.001_z=64_bs=64,"LR=0.001, z=64, batch size=64",78,136.13,2026-06-05 18:17:29.199,64,64\training.log,241,z=64
lr=0.001_z=64_bs=64_seed=142,lr=0.001_z=64_bs=64_seed=142,0.001,0.001,64,64,142,lr=0.001_z=64_bs=64,"LR=0.001, z=64, batch size=64",79,141.06,2026-06-05 18:19:00.388,64,64\training.log,242,z=64
lr=0.001_z=64_bs=64_seed=142,lr=0.001_z=64_bs=64_seed=142,0.001,0.001,64,64,142,lr=0.001_z=64_bs=64,"LR=0.001, z=64, batch size=64",80,135.77,2026-06-05 18:20:22.211,64,64\training.log,243,z=64
lr=0.001_z=64_bs=64_seed=142,lr=0.001_z=64_bs=64_seed=142,0.001,0.001,64,64,142,lr=0.001_z=64_bs=64,"LR=0.001, z=64, batch size=64",81,139.12,2026-06-05 18:22:03.253,64,64\training.log,244,z=64
lr=0.001_z=64_bs=64_seed=142,lr=0.001_z=64_bs=64_seed=142,0.001,0.001,64,64,142,lr=0.001_z=64_bs=64,"LR=0.001, z=64, batch size=64",82,146.45,2026-06-05 18:23:25.033,64,64\training.log,245,z=64
lr=0.001_z=64_bs=64_seed=142,lr=0.001_z=64_bs=64_seed=142,0.001,0.001,64,64,142,lr=0.001_z=64_bs=64,"LR=0.001, z=64, batch size=64",83,137.65,2026-06-05 18:24:47.061,64,64\training.log,246,z=64
lr=0.001_z=64_bs=64_seed=142,lr=0.001_z=64_bs=64_seed=142,0.001,0.001,64,64,142,lr=0.001_z=64_bs=64,"LR=0.001, z=64, batch size=64",84,141.43,2026-06-05 18:26:18.058,64,64\training.log,247,z=64
lr=0.001_z=64_bs=64_seed=142,lr=0.001_z=64_bs=64_seed=142,0.001,0.001,64,64,142,lr=0.001_z=64_bs=64,"LR=0.001, z=64, batch size=64",85,146.7,2026-06-05 18:27:40.597,64,64\training.log,248,z=64
lr=0.001_z=64_bs=64_seed=142,lr=0.001_z=64_bs=64_seed=142,0.001,0.001,64,64,142,lr=0.001_z=64_bs=64,"LR=0.001, z=64, batch size=64",86,130.27,2026-06-05 18:29:12.553,64,64\training.log,250,z=64
lr=0.001_z=64_bs=64_seed=142,lr=0.001_z=64_bs=64_seed=142,0.001,0.001,64,64,142,lr=0.001_z=64_bs=64,"LR=0.001, z=64, batch size=64",87,137.85,2026-06-05 18:30:34.933,64,64\training.log,251,z=64
lr=0.001_z=64_bs=64_seed=142,lr=0.001_z=64_bs=64_seed=142,0.001,0.001,64,64,142,lr=0.001_z=64_bs=64,"LR=0.001, z=64, batch size=64",88,137.72,2026-06-05 18:31:56.893,64,64\training.log,252,z=64
lr=0.001_z=64_bs=64_seed=142,lr=0.001_z=64_bs=64_seed=142,0.001,0.001,64,64,142,lr=0.001_z=64_bs=64,"LR=0.001, z=64, batch size=64",89,134.55,2026-06-05 18:33:17.329,64,64\training.log,253,z=64
lr=0.001_z=64_bs=64_seed=142,lr=0.001_z=64_bs=64_seed=142,0.001,0.001,64,64,142,lr=0.001_z=64_bs=64,"LR=0.001, z=64, batch size=64",90,133.27,2026-06-05 18:34:40.381,64,64\training.log,254,z=64
lr=0.001_z=64_bs=64_seed=142,lr=0.001_z=64_bs=64_seed=142,0.001,0.001,64,64,142,lr=0.001_z=64_bs=64,"LR=0.001, z=64, batch size=64",91,127.52,2026-06-05 18:36:14.266,64,64\training.log,256,z=64
lr=0.001_z=64_bs=64_seed=142,lr=0.001_z=64_bs=64_seed=142,0.001,0.001,64,64,142,lr=0.001_z=64_bs=64,"LR=0.001, z=64, batch size=64",92,129.75,2026-06-05 18:37:36.814,64,64\training.log,257,z=64
lr=0.001_z=64_bs=64_seed=142,lr=0.001_z=64_bs=64_seed=142,0.001,0.001,64,64,142,lr=0.001_z=64_bs=64,"LR=0.001, z=64, batch size=64",93,134.84,2026-06-05 18:39:00.887,64,64\training.log,258,z=64
lr=0.001_z=64_bs=64_seed=142,lr=0.001_z=64_bs=64_seed=142,0.001,0.001,64,64,142,lr=0.001_z=64_bs=64,"LR=0.001, z=64, batch size=64",94,133.47,2026-06-05 18:40:24.469,64,64\training.log,259,z=64
lr=0.001_z=64_bs=64_seed=142,lr=0.001_z=64_bs=64_seed=142,0.001,0.001,64,64,142,lr=0.001_z=64_bs=64,"LR=0.001, z=64, batch size=64",95,134.66,2026-06-05 18:41:49.216,64,64\training.log,260,z=64
lr=0.001_z=64_bs=64_seed=142,lr=0.001_z=64_bs=64_seed=142,0.001,0.001,64,64,142,lr=0.001_z=64_bs=64,"LR=0.001, z=64, batch size=64",96,149.29,2026-06-05 18:43:20.917,64,64\training.log,261,z=64
lr=0.001_z=64_bs=64_seed=142,lr=0.001_z=64_bs=64_seed=142,0.001,0.001,64,64,142,lr=0.001_z=64_bs=64,"LR=0.001, z=64, batch size=64",97,131.1,2026-06-05 18:44:42.492,64,64\training.log,262,z=64
lr=0.001_z=64_bs=64_seed=142,lr=0.001_z=64_bs=64_seed=142,0.001,0.001,64,64,142,lr=0.001_z=64_bs=64,"LR=0.001, z=64, batch size=64",98,135.38,2026-06-05 18:46:15.665,64,64\training.log,263,z=64
lr=0.001_z=64_bs=64_seed=142,lr=0.001_z=64_bs=64_seed=142,0.001,0.001,64,64,142,lr=0.001_z=64_bs=64,"LR=0.001, z=64, batch size=64",99,113.85,2026-06-05 18:47:46.358,64,64\training.log,265,z=64
lr=0.001_z=64_bs=64_seed=142,lr=0.001_z=64_bs=64_seed=142,0.001,0.001,64,64,142,lr=0.001_z=64_bs=64,"LR=0.001, z=64, batch size=64",100,139.63,2026-06-05 18:49:08.649,64,64\training.log,266,z=64
lr=0.001_z=64_bs=64_seed=242,lr=0.001_z=64_bs=64_seed=242,0.001,0.001,64,64,242,lr=0.001_z=64_bs=64,"LR=0.001, z=64, batch size=64",1,328.19,2026-06-05 18:54:44.812,64,64\training.log,274,z=64
lr=0.001_z=64_bs=64_seed=242,lr=0.001_z=64_bs=64_seed=242,0.001,0.001,64,64,242,lr=0.001_z=64_bs=64,"LR=0.001, z=64, batch size=64",2,315.05,2026-06-05 18:56:06.543,64,64\training.log,276,z=64
lr=0.001_z=64_bs=64_seed=242,lr=0.001_z=64_bs=64_seed=242,0.001,0.001,64,64,242,lr=0.001_z=64_bs=64,"LR=0.001, z=64, batch size=64",3,295.08,2026-06-05 18:57:30.232,64,64\training.log,278,z=64
lr=0.001_z=64_bs=64_seed=242,lr=0.001_z=64_bs=64_seed=242,0.001,0.001,64,64,242,lr=0.001_z=64_bs=64,"LR=0.001, z=64, batch size=64",4,323.22,2026-06-05 18:58:51.993,64,64\training.log,279,z=64
lr=0.001_z=64_bs=64_seed=242,lr=0.001_z=64_bs=64_seed=242,0.001,0.001,64,64,242,lr=0.001_z=64_bs=64,"LR=0.001, z=64, batch size=64",5,307.23,2026-06-05 19:00:35.004,64,64\training.log,280,z=64
lr=0.001_z=64_bs=64_seed=242,lr=0.001_z=64_bs=64_seed=242,0.001,0.001,64,64,242,lr=0.001_z=64_bs=64,"LR=0.001, z=64, batch size=64",6,308.6,2026-06-05 19:01:55.218,64,64\training.log,281,z=64
lr=0.001_z=64_bs=64_seed=242,lr=0.001_z=64_bs=64_seed=242,0.001,0.001,64,64,242,lr=0.001_z=64_bs=64,"LR=0.001, z=64, batch size=64",7,317.85,2026-06-05 19:03:27.256,64,64\training.log,282,z=64
lr=0.001_z=64_bs=64_seed=242,lr=0.001_z=64_bs=64_seed=242,0.001,0.001,64,64,242,lr=0.001_z=64_bs=64,"LR=0.001, z=64, batch size=64",8,259.34,2026-06-05 19:04:48.302,64,64\training.log,284,z=64
lr=0.001_z=64_bs=64_seed=242,lr=0.001_z=64_bs=64_seed=242,0.001,0.001,64,64,242,lr=0.001_z=64_bs=64,"LR=0.001, z=64, batch size=64",9,225.65,2026-06-05 19:06:29.927,64,64\training.log,286,z=64
lr=0.001_z=64_bs=64_seed=242,lr=0.001_z=64_bs=64_seed=242,0.001,0.001,64,64,242,lr=0.001_z=64_bs=64,"LR=0.001, z=64, batch size=64",10,272.56,2026-06-05 19:07:51.173,64,64\training.log,287,z=64
lr=0.001_z=64_bs=64_seed=242,lr=0.001_z=64_bs=64_seed=242,0.001,0.001,64,64,242,lr=0.001_z=64_bs=64,"LR=0.001, z=64, batch size=64",11,235.36,2026-06-05 19:09:14.167,64,64\training.log,288,z=64
lr=0.001_z=64_bs=64_seed=242,lr=0.001_z=64_bs=64_seed=242,0.001,0.001,64,64,242,lr=0.001_z=64_bs=64,"LR=0.001, z=64, batch size=64",12,229.46,2026-06-05 19:10:46.711,64,64\training.log,289,z=64
lr=0.001_z=64_bs=64_seed=242,lr=0.001_z=64_bs=64_seed=242,0.001,0.001,64,64,242,lr=0.001_z=64_bs=64,"LR=0.001, z=64, batch size=64",13,212.91,2026-06-05 19:12:10.423,64,64\training.log,291,z=64
lr=0.001_z=64_bs=64_seed=242,lr=0.001_z=64_bs=64_seed=242,0.001,0.001,64,64,242,lr=0.001_z=64_bs=64,"LR=0.001, z=64, batch size=64",14,224.33,2026-06-05 19:13:44.098,64,64\training.log,292,z=64
lr=0.001_z=64_bs=64_seed=242,lr=0.001_z=64_bs=64_seed=242,0.001,0.001,64,64,242,lr=0.001_z=64_bs=64,"LR=0.001, z=64, batch size=64",15,216.2,2026-06-05 19:15:05.928,64,64\training.log,293,z=64
lr=0.001_z=64_bs=64_seed=242,lr=0.001_z=64_bs=64_seed=242,0.001,0.001,64,64,242,lr=0.001_z=64_bs=64,"LR=0.001, z=64, batch size=64",16,203.66,2026-06-05 19:16:29.391,64,64\training.log,295,z=64
lr=0.001_z=64_bs=64_seed=242,lr=0.001_z=64_bs=64_seed=242,0.001,0.001,64,64,242,lr=0.001_z=64_bs=64,"LR=0.001, z=64, batch size=64",17,191.1,2026-06-05 19:18:11.922,64,64\training.log,297,z=64
lr=0.001_z=64_bs=64_seed=242,lr=0.001_z=64_bs=64_seed=242,0.001,0.001,64,64,242,lr=0.001_z=64_bs=64,"LR=0.001, z=64, batch size=64",18,186.4,2026-06-05 19:19:33.897,64,64\training.log,299,z=64
lr=0.001_z=64_bs=64_seed=242,lr=0.001_z=64_bs=64_seed=242,0.001,0.001,64,64,242,lr=0.001_z=64_bs=64,"LR=0.001, z=64, batch size=64",19,184.57,2026-06-05 19:21:19.180,64,64\training.log,301,z=64
lr=0.001_z=64_bs=64_seed=242,lr=0.001_z=64_bs=64_seed=242,0.001,0.001,64,64,242,lr=0.001_z=64_bs=64,"LR=0.001, z=64, batch size=64",20,189.88,2026-06-05 19:22:59.303,64,64\training.log,302,z=64
lr=0.001_z=64_bs=64_seed=242,lr=0.001_z=64_bs=64_seed=242,0.001,0.001,64,64,242,lr=0.001_z=64_bs=64,"LR=0.001, z=64, batch size=64",21,179.44,2026-06-05 19:24:33.747,64,64\training.log,304,z=64
lr=0.001_z=64_bs=64_seed=242,lr=0.001_z=64_bs=64_seed=242,0.001,0.001,64,64,242,lr=0.001_z=64_bs=64,"LR=0.001, z=64, batch size=64",22,172.89,2026-06-05 19:26:05.352,64,64\training.log,306,z=64
lr=0.001_z=64_bs=64_seed=242,lr=0.001_z=64_bs=64_seed=242,0.001,0.001,64,64,242,lr=0.001_z=64_bs=64,"LR=0.001, z=64, batch size=64",23,177.96,2026-06-05 19:27:41.290,64,64\training.log,307,z=64
lr=0.001_z=64_bs=64_seed=242,lr=0.001_z=64_bs=64_seed=242,0.001,0.001,64,64,242,lr=0.001_z=64_bs=64,"LR=0.001, z=64, batch size=64",24,179.6,2026-06-05 19:29:26.203,64,64\training.log,308,z=64
lr=0.001_z=64_bs=64_seed=242,lr=0.001_z=64_bs=64_seed=242,0.001,0.001,64,64,242,lr=0.001_z=64_bs=64,"LR=0.001, z=64, batch size=64",25,166.2,2026-06-05 19:30:55.143,64,64\training.log,310,z=64
lr=0.001_z=64_bs=64_seed=242,lr=0.001_z=64_bs=64_seed=242,0.001,0.001,64,64,242,lr=0.001_z=64_bs=64,"LR=0.001, z=64, batch size=64",26,166.05,2026-06-05 19:32:24.639,64,64\training.log,312,z=64
lr=0.001_z=64_bs=64_seed=242,lr=0.001_z=64_bs=64_seed=242,0.001,0.001,64,64,242,lr=0.001_z=64_bs=64,"LR=0.001, z=64, batch size=64",27,173.57,2026-06-05 19:33:46.958,64,64\training.log,313,z=64
lr=0.001_z=64_bs=64_seed=242,lr=0.001_z=64_bs=64_seed=242,0.001,0.001,64,64,242,lr=0.001_z=64_bs=64,"LR=0.001, z=64, batch size=64",28,162.08,2026-06-05 19:35:08.943,64,64\training.log,315,z=64
lr=0.001_z=64_bs=64_seed=242,lr=0.001_z=64_bs=64_seed=242,0.001,0.001,64,64,242,lr=0.001_z=64_bs=64,"LR=0.001, z=64, batch size=64",29,163.22,2026-06-05 19:36:42.449,64,64\training.log,316,z=64
lr=0.001_z=64_bs=64_seed=242,lr=0.001_z=64_bs=64_seed=242,0.001,0.001,64,64,242,lr=0.001_z=64_bs=64,"LR=0.001, z=64, batch size=64",30,168.05,2026-06-05 19:38:15.412,64,64\training.log,317,z=64
lr=0.001_z=64_bs=64_seed=242,lr=0.001_z=64_bs=64_seed=242,0.001,0.001,64,64,242,lr=0.001_z=64_bs=64,"LR=0.001, z=64, batch size=64",31,161.01,2026-06-05 19:39:50.321,64,64\training.log,319,z=64
lr=0.001_z=64_bs=64_seed=242,lr=0.001_z=64_bs=64_seed=242,0.001,0.001,64,64,242,lr=0.001_z=64_bs=64,"LR=0.001, z=64, batch size=64",32,161.37,2026-06-05 19:41:13.220,64,64\training.log,320,z=64
lr=0.001_z=64_bs=64_seed=242,lr=0.001_z=64_bs=64_seed=242,0.001,0.001,64,64,242,lr=0.001_z=64_bs=64,"LR=0.001, z=64, batch size=64",33,152.8,2026-06-05 19:42:34.971,64,64\training.log,322,z=64
lr=0.001_z=64_bs=64_seed=242,lr=0.001_z=64_bs=64_seed=242,0.001,0.001,64,64,242,lr=0.001_z=64_bs=64,"LR=0.001, z=64, batch size=64",34,152.18,2026-06-05 19:44:07.723,64,64\training.log,324,z=64
lr=0.001_z=64_bs=64_seed=242,lr=0.001_z=64_bs=64_seed=242,0.001,0.001,64,64,242,lr=0.001_z=64_bs=64,"LR=0.001, z=64, batch size=64",35,151.1,2026-06-05 19:45:29.672,64,64\training.log,326,z=64
lr=0.001_z=64_bs=64_seed=242,lr=0.001_z=64_bs=64_seed=242,0.001,0.001,64,64,242,lr=0.001_z=64_bs=64,"LR=0.001, z=64, batch size=64",36,155.11,2026-06-05 19:47:02.137,64,64\training.log,327,z=64
lr=0.001_z=64_bs=64_seed=242,lr=0.001_z=64_bs=64_seed=242,0.001,0.001,64,64,242,lr=0.001_z=64_bs=64,"LR=0.001, z=64, batch size=64",37,152.69,2026-06-05 19:48:23.825,64,64\training.log,328,z=64
lr=0.001_z=64_bs=64_seed=242,lr=0.001_z=64_bs=64_seed=242,0.001,0.001,64,64,242,lr=0.001_z=64_bs=64,"LR=0.001, z=64, batch size=64",38,149.72,2026-06-05 19:49:46.764,64,64\training.log,330,z=64
lr=0.001_z=64_bs=64_seed=242,lr=0.001_z=64_bs=64_seed=242,0.001,0.001,64,64,242,lr=0.001_z=64_bs=64,"LR=0.001, z=64, batch size=64",39,153.95,2026-06-05 19:51:09.761,64,64\training.log,331,z=64
lr=0.001_z=64_bs=64_seed=242,lr=0.001_z=64_bs=64_seed=242,0.001,0.001,64,64,242,lr=0.001_z=64_bs=64,"LR=0.001, z=64, batch size=64",40,157.68,2026-06-05 19:52:33.490,64,64\training.log,332,z=64
lr=0.001_z=64_bs=64_seed=242,lr=0.001_z=64_bs=64_seed=242,0.001,0.001,64,64,242,lr=0.001_z=64_bs=64,"LR=0.001, z=64, batch size=64",41,160.04,2026-06-05 19:54:07.341,64,64\training.log,333,z=64
lr=0.001_z=64_bs=64_seed=242,lr=0.001_z=64_bs=64_seed=242,0.001,0.001,64,64,242,lr=0.001_z=64_bs=64,"LR=0.001, z=64, batch size=64",42,146.58,2026-06-05 19:55:35.541,64,64\training.log,335,z=64
lr=0.001_z=64_bs=64_seed=242,lr=0.001_z=64_bs=64_seed=242,0.001,0.001,64,64,242,lr=0.001_z=64_bs=64,"LR=0.001, z=64, batch size=64",43,155.32,2026-06-05 19:57:15.720,64,64\training.log,336,z=64
lr=0.001_z=64_bs=64_seed=242,lr=0.001_z=64_bs=64_seed=242,0.001,0.001,64,64,242,lr=0.001_z=64_bs=64,"LR=0.001, z=64, batch size=64",44,145.27,2026-06-05 19:58:41.857,64,64\training.log,338,z=64
lr=0.001_z=64_bs=64_seed=242,lr=0.001_z=64_bs=64_seed=242,0.001,0.001,64,64,242,lr=0.001_z=64_bs=64,"LR=0.001, z=64, batch size=64",45,146.08,2026-06-05 20:00:04.679,64,64\training.log,339,z=64
lr=0.001_z=64_bs=64_seed=242,lr=0.001_z=64_bs=64_seed=242,0.001,0.001,64,64,242,lr=0.001_z=64_bs=64,"LR=0.001, z=64, batch size=64",46,154.58,2026-06-05 20:01:41.067,64,64\training.log,340,z=64
lr=0.001_z=64_bs=64_seed=242,lr=0.001_z=64_bs=64_seed=242,0.001,0.001,64,64,242,lr=0.001_z=64_bs=64,"LR=0.001, z=64, batch size=64",47,144.86,2026-06-05 20:03:04.394,64,64\training.log,342,z=64
lr=0.001_z=64_bs=64_seed=242,lr=0.001_z=64_bs=64_seed=242,0.001,0.001,64,64,242,lr=0.001_z=64_bs=64,"LR=0.001, z=64, batch size=64",48,144.36,2026-06-05 20:04:38.197,64,64\training.log,344,z=64
lr=0.001_z=64_bs=64_seed=242,lr=0.001_z=64_bs=64_seed=242,0.001,0.001,64,64,242,lr=0.001_z=64_bs=64,"LR=0.001, z=64, batch size=64",49,143.63,2026-06-05 20:06:07.001,64,64\training.log,346,z=64
lr=0.001_z=64_bs=64_seed=242,lr=0.001_z=64_bs=64_seed=242,0.001,0.001,64,64,242,lr=0.001_z=64_bs=64,"LR=0.001, z=64, batch size=64",50,135.44,2026-06-05 20:07:30.818,64,64\training.log,348,z=64
lr=0.001_z=64_bs=64_seed=242,lr=0.001_z=64_bs=64_seed=242,0.001,0.001,64,64,242,lr=0.001_z=64_bs=64,"LR=0.001, z=64, batch size=64",51,143.72,2026-06-05 20:08:53.194,64,64\training.log,349,z=64
lr=0.001_z=64_bs=64_seed=242,lr=0.001_z=64_bs=64_seed=242,0.001,0.001,64,64,242,lr=0.001_z=64_bs=64,"LR=0.001, z=64, batch size=64",52,143.59,2026-06-05 20:10:16.119,64,64\training.log,350,z=64
lr=0.001_z=64_bs=64_seed=242,lr=0.001_z=64_bs=64_seed=242,0.001,0.001,64,64,242,lr=0.001_z=64_bs=64,"LR=0.001, z=64, batch size=64",53,151.48,2026-06-05 20:11:50.136,64,64\training.log,351,z=64
lr=0.001_z=64_bs=64_seed=242,lr=0.001_z=64_bs=64_seed=242,0.001,0.001,64,64,242,lr=0.001_z=64_bs=64,"LR=0.001, z=64, batch size=64",54,146.96,2026-06-05 20:13:15.267,64,64\training.log,352,z=64
lr=0.001_z=64_bs=64_seed=242,lr=0.001_z=64_bs=64_seed=242,0.001,0.001,64,64,242,lr=0.001_z=64_bs=64,"LR=0.001, z=64, batch size=64",55,136.83,2026-06-05 20:14:39.968,64,64\training.log,353,z=64
lr=0.001_z=64_bs=64_seed=242,lr=0.001_z=64_bs=64_seed=242,0.001,0.001,64,64,242,lr=0.001_z=64_bs=64,"LR=0.001, z=64, batch size=64",56,149.24,2026-06-05 20:16:04.914,64,64\training.log,354,z=64
lr=0.001_z=64_bs=64_seed=242,lr=0.001_z=64_bs=64_seed=242,0.001,0.001,64,64,242,lr=0.001_z=64_bs=64,"LR=0.001, z=64, batch size=64",57,146.87,2026-06-05 20:17:27.218,64,64\training.log,355,z=64
lr=0.001_z=64_bs=64_seed=242,lr=0.001_z=64_bs=64_seed=242,0.001,0.001,64,64,242,lr=0.001_z=64_bs=64,"LR=0.001, z=64, batch size=64",58,145.33,2026-06-05 20:19:00.722,64,64\training.log,356,z=64
lr=0.001_z=64_bs=64_seed=242,lr=0.001_z=64_bs=64_seed=242,0.001,0.001,64,64,242,lr=0.001_z=64_bs=64,"LR=0.001, z=64, batch size=64",59,141.22,2026-06-05 20:20:35.678,64,64\training.log,357,z=64
lr=0.001_z=64_bs=64_seed=242,lr=0.001_z=64_bs=64_seed=242,0.001,0.001,64,64,242,lr=0.001_z=64_bs=64,"LR=0.001, z=64, batch size=64",60,147.53,2026-06-05 20:22:12.659,64,64\training.log,358,z=64
lr=0.001_z=64_bs=64_seed=242,lr=0.001_z=64_bs=64_seed=242,0.001,0.001,64,64,242,lr=0.001_z=64_bs=64,"LR=0.001, z=64, batch size=64",61,140.03,2026-06-05 20:23:36.515,64,64\training.log,359,z=64
lr=0.001_z=64_bs=64_seed=242,lr=0.001_z=64_bs=64_seed=242,0.001,0.001,64,64,242,lr=0.001_z=64_bs=64,"LR=0.001, z=64, batch size=64",62,152.77,2026-06-05 20:24:58.552,64,64\training.log,360,z=64
lr=0.001_z=64_bs=64_seed=242,lr=0.001_z=64_bs=64_seed=242,0.001,0.001,64,64,242,lr=0.001_z=64_bs=64,"LR=0.001, z=64, batch size=64",63,138.62,2026-06-05 20:26:31.417,64,64\training.log,361,z=64
lr=0.001_z=64_bs=64_seed=242,lr=0.001_z=64_bs=64_seed=242,0.001,0.001,64,64,242,lr=0.001_z=64_bs=64,"LR=0.001, z=64, batch size=64",64,143.78,2026-06-05 20:27:54.912,64,64\training.log,362,z=64
lr=0.001_z=64_bs=64_seed=242,lr=0.001_z=64_bs=64_seed=242,0.001,0.001,64,64,242,lr=0.001_z=64_bs=64,"LR=0.001, z=64, batch size=64",65,142.14,2026-06-05 20:29:30.412,64,64\training.log,363,z=64
lr=0.001_z=64_bs=64_seed=242,lr=0.001_z=64_bs=64_seed=242,0.001,0.001,64,64,242,lr=0.001_z=64_bs=64,"LR=0.001, z=64, batch size=64",66,144.17,2026-06-05 20:30:52.967,64,64\training.log,364,z=64
lr=0.001_z=64_bs=64_seed=242,lr=0.001_z=64_bs=64_seed=242,0.001,0.001,64,64,242,lr=0.001_z=64_bs=64,"LR=0.001, z=64, batch size=64",67,152.78,2026-06-05 20:32:16.126,64,64\training.log,365,z=64
lr=0.001_z=64_bs=64_seed=242,lr=0.001_z=64_bs=64_seed=242,0.001,0.001,64,64,242,lr=0.001_z=64_bs=64,"LR=0.001, z=64, batch size=64",68,144.59,2026-06-05 20:33:37.748,64,64\training.log,366,z=64
lr=0.001_z=64_bs=64_seed=242,lr=0.001_z=64_bs=64_seed=242,0.001,0.001,64,64,242,lr=0.001_z=64_bs=64,"LR=0.001, z=64, batch size=64",69,140.76,2026-06-05 20:35:00.246,64,64\training.log,367,z=64
lr=0.001_z=64_bs=64_seed=242,lr=0.001_z=64_bs=64_seed=242,0.001,0.001,64,64,242,lr=0.001_z=64_bs=64,"LR=0.001, z=64, batch size=64",70,139.02,2026-06-05 20:36:32.977,64,64\training.log,368,z=64
lr=0.001_z=64_bs=64_seed=242,lr=0.001_z=64_bs=64_seed=242,0.001,0.001,64,64,242,lr=0.001_z=64_bs=64,"LR=0.001, z=64, batch size=64",71,148.69,2026-06-05 20:37:56.505,64,64\training.log,369,z=64
lr=0.001_z=64_bs=64_seed=242,lr=0.001_z=64_bs=64_seed=242,0.001,0.001,64,64,242,lr=0.001_z=64_bs=64,"LR=0.001, z=64, batch size=64",72,139.12,2026-06-05 20:39:20.807,64,64\training.log,370,z=64
lr=0.001_z=64_bs=64_seed=242,lr=0.001_z=64_bs=64_seed=242,0.001,0.001,64,64,242,lr=0.001_z=64_bs=64,"LR=0.001, z=64, batch size=64",73,148.64,2026-06-05 20:40:43.771,64,64\training.log,371,z=64
lr=0.001_z=64_bs=64_seed=242,lr=0.001_z=64_bs=64_seed=242,0.001,0.001,64,64,242,lr=0.001_z=64_bs=64,"LR=0.001, z=64, batch size=64",74,149.07,2026-06-05 20:42:07.249,64,64\training.log,372,z=64
lr=0.001_z=64_bs=64_seed=242,lr=0.001_z=64_bs=64_seed=242,0.001,0.001,64,64,242,lr=0.001_z=64_bs=64,"LR=0.001, z=64, batch size=64",75,155.97,2026-06-05 20:43:39.388,64,64\training.log,373,z=64
lr=0.001_z=64_bs=64_seed=242,lr=0.001_z=64_bs=64_seed=242,0.001,0.001,64,64,242,lr=0.001_z=64_bs=64,"LR=0.001, z=64, batch size=64",76,145.38,2026-06-05 20:45:06.879,64,64\training.log,374,z=64
lr=0.001_z=64_bs=64_seed=242,lr=0.001_z=64_bs=64_seed=242,0.001,0.001,64,64,242,lr=0.001_z=64_bs=64,"LR=0.001, z=64, batch size=64",77,143.07,2026-06-05 20:46:49.915,64,64\training.log,375,z=64
lr=0.001_z=64_bs=64_seed=242,lr=0.001_z=64_bs=64_seed=242,0.001,0.001,64,64,242,lr=0.001_z=64_bs=64,"LR=0.001, z=64, batch size=64",78,141.48,2026-06-05 20:48:22.005,64,64\training.log,376,z=64
lr=0.001_z=64_bs=64_seed=242,lr=0.001_z=64_bs=64_seed=242,0.001,0.001,64,64,242,lr=0.001_z=64_bs=64,"LR=0.001, z=64, batch size=64",79,142.12,2026-06-05 20:49:47.624,64,64\training.log,377,z=64
lr=0.001_z=64_bs=64_seed=242,lr=0.001_z=64_bs=64_seed=242,0.001,0.001,64,64,242,lr=0.001_z=64_bs=64,"LR=0.001, z=64, batch size=64",80,143.85,2026-06-05 20:51:23.191,64,64\training.log,378,z=64
lr=0.001_z=64_bs=64_seed=242,lr=0.001_z=64_bs=64_seed=242,0.001,0.001,64,64,242,lr=0.001_z=64_bs=64,"LR=0.001, z=64, batch size=64",81,148.92,2026-06-05 20:52:48.054,64,64\training.log,379,z=64
lr=0.001_z=64_bs=64_seed=242,lr=0.001_z=64_bs=64_seed=242,0.001,0.001,64,64,242,lr=0.001_z=64_bs=64,"LR=0.001, z=64, batch size=64",82,135.73,2026-06-05 20:54:28.927,64,64\training.log,380,z=64
lr=0.001_z=64_bs=64_seed=242,lr=0.001_z=64_bs=64_seed=242,0.001,0.001,64,64,242,lr=0.001_z=64_bs=64,"LR=0.001, z=64, batch size=64",83,149.42,2026-06-05 20:55:57.369,64,64\training.log,381,z=64
lr=0.001_z=64_bs=64_seed=242,lr=0.001_z=64_bs=64_seed=242,0.001,0.001,64,64,242,lr=0.001_z=64_bs=64,"LR=0.001, z=64, batch size=64",84,141.87,2026-06-05 20:57:25.339,64,64\training.log,382,z=64
lr=0.001_z=64_bs=64_seed=242,lr=0.001_z=64_bs=64_seed=242,0.001,0.001,64,64,242,lr=0.001_z=64_bs=64,"LR=0.001, z=64, batch size=64",85,153.88,2026-06-05 20:58:58.730,64,64\training.log,383,z=64
lr=0.001_z=64_bs=64_seed=242,lr=0.001_z=64_bs=64_seed=242,0.001,0.001,64,64,242,lr=0.001_z=64_bs=64,"LR=0.001, z=64, batch size=64",86,147.57,2026-06-05 21:00:51.897,64,64\training.log,384,z=64
lr=0.001_z=64_bs=64_seed=242,lr=0.001_z=64_bs=64_seed=242,0.001,0.001,64,64,242,lr=0.001_z=64_bs=64,"LR=0.001, z=64, batch size=64",87,138.29,2026-06-05 21:02:25.698,64,64\training.log,385,z=64
lr=0.001_z=64_bs=64_seed=242,lr=0.001_z=64_bs=64_seed=242,0.001,0.001,64,64,242,lr=0.001_z=64_bs=64,"LR=0.001, z=64, batch size=64",88,143.84,2026-06-05 21:03:48.573,64,64\training.log,386,z=64
lr=0.001_z=64_bs=64_seed=242,lr=0.001_z=64_bs=64_seed=242,0.001,0.001,64,64,242,lr=0.001_z=64_bs=64,"LR=0.001, z=64, batch size=64",89,142.12,2026-06-05 21:05:32.406,64,64\training.log,387,z=64
lr=0.001_z=64_bs=64_seed=242,lr=0.001_z=64_bs=64_seed=242,0.001,0.001,64,64,242,lr=0.001_z=64_bs=64,"LR=0.001, z=64, batch size=64",90,143.0,2026-06-05 21:06:55.377,64,64\training.log,388,z=64
lr=0.001_z=64_bs=64_seed=242,lr=0.001_z=64_bs=64_seed=242,0.001,0.001,64,64,242,lr=0.001_z=64_bs=64,"LR=0.001, z=64, batch size=64",91,163.52,2026-06-05 21:08:19.994,64,64\training.log,389,z=64
lr=0.001_z=64_bs=64_seed=242,lr=0.001_z=64_bs=64_seed=242,0.001,0.001,64,64,242,lr=0.001_z=64_bs=64,"LR=0.001, z=64, batch size=64",92,148.23,2026-06-05 21:09:51.830,64,64\training.log,390,z=64
lr=0.001_z=64_bs=64_seed=242,lr=0.001_z=64_bs=64_seed=242,0.001,0.001,64,64,242,lr=0.001_z=64_bs=64,"LR=0.001, z=64, batch size=64",93,149.48,2026-06-05 21:11:15.214,64,64\training.log,391,z=64
lr=0.001_z=64_bs=64_seed=242,lr=0.001_z=64_bs=64_seed=242,0.001,0.001,64,64,242,lr=0.001_z=64_bs=64,"LR=0.001, z=64, batch size=64",94,151.79,2026-06-05 21:12:38.734,64,64\training.log,392,z=64
lr=0.001_z=64_bs=64_seed=242,lr=0.001_z=64_bs=64_seed=242,0.001,0.001,64,64,242,lr=0.001_z=64_bs=64,"LR=0.001, z=64, batch size=64",95,132.77,2026-06-05 21:14:02.468,64,64\training.log,394,z=64
lr=0.001_z=64_bs=64_seed=242,lr=0.001_z=64_bs=64_seed=242,0.001,0.001,64,64,242,lr=0.001_z=64_bs=64,"LR=0.001, z=64, batch size=64",96,134.13,2026-06-05 21:15:26.471,64,64\training.log,395,z=64
lr=0.001_z=64_bs=64_seed=242,lr=0.001_z=64_bs=64_seed=242,0.001,0.001,64,64,242,lr=0.001_z=64_bs=64,"LR=0.001, z=64, batch size=64",97,143.61,2026-06-05 21:16:59.729,64,64\training.log,396,z=64
lr=0.001_z=64_bs=64_seed=242,lr=0.001_z=64_bs=64_seed=242,0.001,0.001,64,64,242,lr=0.001_z=64_bs=64,"LR=0.001, z=64, batch size=64",98,139.61,2026-06-05 21:18:23.569,64,64\training.log,397,z=64
lr=0.001_z=64_bs=64_seed=242,lr=0.001_z=64_bs=64_seed=242,0.001,0.001,64,64,242,lr=0.001_z=64_bs=64,"LR=0.001, z=64, batch size=64",99,130.06,2026-06-05 21:19:58.520,64,64\training.log,399,z=64
lr=0.001_z=64_bs=64_seed=242,lr=0.001_z=64_bs=64_seed=242,0.001,0.001,64,64,242,lr=0.001_z=64_bs=64,"LR=0.001, z=64, batch size=64",100,143.0,2026-06-05 21:21:23.290,64,64\training.log,400,z=64
